id_persona,region,sexo,edad,ingreso_1t,ingreso_2t
1,Patagonia,mujer,41,800000,700000
2,Patagonia,mujer,50,1800000,900000
3,Pampeana,mujer,59,1120000,980000
4,Cuyo,mujer,44,200000,300000
5,Cuyo,varón,17,30000,0
6,Cuyo,varón,28,200000,0
7,Cuyo,varón,26,100000,0
8,Cuyo,varón,27,70000,0
9,Noroeste,varón,41,800000,700000
10,Noroeste,mujer,40,200000,700000
11,Pampeana,mujer,49,680000,700000
12,Noroeste,mujer,65,1000000,500000
13,Noroeste,varón,26,0,126000
14,Gran Buenos Aires,varón,44,1200000,1400000
15,Noreste,mujer,55,150000,200000
16,Noreste,mujer,24,500000,500000
17,Patagonia,varón,51,1100000,900000
18,Cuyo,varón,56,270000,400000
19,Gran Buenos Aires,mujer,50,420000,750000
20,Noroeste,varón,43,320000,320000
21,Patagonia,varón,34,300000,300000
22,Noroeste,mujer,52,750000,500000
23,Patagonia,mujer,36,1000000,900000
24,Pampeana,mujer,43,200000,200000
25,Noroeste,mujer,51,900000,950000
26,Gran Buenos Aires,mujer,57,250000,230000
27,Gran Buenos Aires,mujer,31,500000,500000
28,Pampeana,mujer,48,3000000,300000
29,Patagonia,mujer,53,800000,850000
30,Noreste,varón,61,700000,850000
31,Noreste,varón,27,400000,450000
32,Noroeste,varón,40,250000,250000
33,Noroeste,mujer,63,200000,160000
34,Cuyo,mujer,54,200000,500000
35,Gran Buenos Aires,varón,61,1500000,2000000
36,Gran Buenos Aires,varón,19,400000,800000
37,Pampeana,varón,56,1100000,1200000
38,Pampeana,varón,25,850000,1100000
39,Pampeana,varón,49,800000,800000
40,Noroeste,varón,49,800000,200000
41,Gran Buenos Aires,varón,66,300000,800000
42,Gran Buenos Aires,mujer,22,450000,0
43,Gran Buenos Aires,varón,39,600000,600000
44,Pampeana,varón,45,500000,500000
45,Pampeana,mujer,33,1200000,250000
46,Cuyo,varón,49,600000,600000
47,Cuyo,mujer,46,650000,600000
48,Cuyo,varón,19,360000,340000
49,Noroeste,varón,43,600000,600000
50,Noroeste,mujer,22,450000,400000
51,Noroeste,mujer,49,200000,320000
52,Noroeste,mujer,19,360000,430000
53,Pampeana,mujer,34,1000000,1500000
54,Gran Buenos Aires,mujer,37,1800000,1900000
55,Gran Buenos Aires,varón,38,1900000,1900000
56,Noroeste,mujer,70,80000,35000
57,Cuyo,mujer,53,400000,400000
58,Noroeste,mujer,38,800000,900000
59,Pampeana,varón,63,2500000,1000000
60,Pampeana,mujer,57,1200000,1900000
61,Cuyo,mujer,27,600000,800000
62,Noroeste,varón,63,720000,840000
63,Noroeste,mujer,43,850000,900000
64,Pampeana,varón,56,400000,360000
65,Pampeana,varón,27,960000,1400000
66,Noroeste,mujer,47,500000,560000
67,Gran Buenos Aires,varón,45,800000,2000000
68,Cuyo,varón,53,1400000,2000000
69,Patagonia,varón,25,600000,700000
70,Gran Buenos Aires,varón,51,600000,700000
71,Gran Buenos Aires,varón,26,320000,700000
72,Pampeana,varón,42,80000,150000
73,Gran Buenos Aires,mujer,55,140000,200000
74,Gran Buenos Aires,varón,32,600000,900000
75,Gran Buenos Aires,mujer,30,500000,300000
76,Gran Buenos Aires,mujer,53,400000,440000
77,Cuyo,mujer,51,760000,800000
78,Pampeana,varón,40,2000000,2100000
79,Gran Buenos Aires,varón,45,100000,200000
80,Patagonia,varón,20,5500000,5500000
81,Noroeste,mujer,54,600000,800000
82,Pampeana,varón,35,950000,1200000
83,Pampeana,mujer,35,340000,470000
84,Gran Buenos Aires,varón,60,600000,200000
85,Gran Buenos Aires,mujer,53,900000,2000000
86,Pampeana,mujer,55,350000,300000
87,Pampeana,varón,63,900000,800000
88,Noroeste,varón,41,400000,700000
89,Noroeste,mujer,39,600000,1300000
90,Cuyo,mujer,39,950000,1000000
91,Gran Buenos Aires,varón,58,1400000,1500000
92,Gran Buenos Aires,mujer,50,0,800000
93,Cuyo,varón,30,50000,700000
94,Noroeste,varón,48,600000,900000
95,Pampeana,mujer,49,650000,250000
96,Pampeana,varón,56,150000,250000
97,Pampeana,varón,52,1300000,1000000
98,Noroeste,mujer,36,390000,400000
99,Noreste,varón,41,1100000,1500000
100,Noreste,mujer,40,1000000,1300000
101,Noroeste,mujer,33,460000,520000
102,Pampeana,varón,21,400000,400000
103,Pampeana,mujer,19,400000,400000
104,Noroeste,mujer,61,450000,450000
105,Noroeste,mujer,21,0,60000
106,Pampeana,varón,59,900000,980000
107,Gran Buenos Aires,varón,25,700000,800000
108,Gran Buenos Aires,mujer,46,300000,4000000
109,Pampeana,varón,63,60000,200000
110,Cuyo,varón,44,1100000,900000
111,Cuyo,mujer,29,300000,300000
112,Patagonia,mujer,54,1350000,1000000
113,Noroeste,varón,50,300000,200000
114,Noroeste,mujer,59,500000,550000
115,Gran Buenos Aires,mujer,33,700000,550000
116,Gran Buenos Aires,mujer,25,586000,550000
117,Cuyo,varón,43,400000,600000
118,Cuyo,mujer,40,180000,200000
119,Gran Buenos Aires,varón,71,150000,200000
120,Gran Buenos Aires,varón,56,600000,660000
121,Noroeste,varón,49,800000,830000
122,Pampeana,mujer,55,40000,400000
123,Pampeana,varón,33,360000,400000
124,Pampeana,varón,30,500000,600000
125,Noroeste,mujer,25,300000,350000
126,Noroeste,mujer,32,240000,250000
127,Pampeana,mujer,45,800000,1000000
128,Pampeana,varón,27,400000,200000
129,Gran Buenos Aires,varón,31,1500000,1500000
130,Gran Buenos Aires,mujer,41,1300000,0
131,Noroeste,mujer,51,450000,900000
132,Noroeste,varón,28,300000,400000
133,Noroeste,mujer,24,400000,350000
134,Cuyo,mujer,56,3000000,3000000
135,Cuyo,mujer,34,400000,700000
136,Pampeana,mujer,40,460000,635000
137,Cuyo,mujer,58,1000000,850000
138,Noroeste,varón,33,500000,360000
139,Cuyo,varón,25,950000,890000
140,Pampeana,varón,50,600000,500000
141,Gran Buenos Aires,varón,28,140000,560000
142,Cuyo,mujer,37,1000000,1300000
143,Gran Buenos Aires,varón,34,1000000,1000000
144,Cuyo,varón,31,1300000,900000
145,Cuyo,varón,27,1100000,800000
146,Pampeana,varón,48,700000,500000
147,Pampeana,mujer,47,700000,900000
148,Gran Buenos Aires,mujer,34,0,1430000
149,Gran Buenos Aires,mujer,53,78000,78000
150,Gran Buenos Aires,varón,56,95000,140000
151,Noroeste,mujer,51,500000,500000
152,Gran Buenos Aires,mujer,35,200000,180000
153,Patagonia,mujer,47,1200000,980000
154,Cuyo,varón,24,400000,400000
155,Pampeana,mujer,59,800000,800000
156,Noroeste,varón,41,700000,700000
157,Noroeste,mujer,38,500000,500000
158,Pampeana,mujer,44,850000,900000
159,Pampeana,mujer,48,1000000,1200000
160,Pampeana,varón,45,1100000,1400000
161,Pampeana,mujer,44,0,500000
162,Patagonia,varón,58,1000000,1300000
163,Noroeste,varón,30,600000,600000
164,Gran Buenos Aires,mujer,46,650000,550000
165,Gran Buenos Aires,varón,30,900000,800000
166,Gran Buenos Aires,varón,47,600000,0
167,Patagonia,mujer,27,1000000,1000000
168,Noroeste,varón,60,360000,400000
169,Noroeste,varón,37,800000,1200000
170,Patagonia,mujer,53,2300000,2000000
171,Cuyo,varón,64,970000,2100000
172,Cuyo,varón,28,800000,1000000
173,Noreste,mujer,46,800000,900000
174,Noreste,mujer,33,120000,200000
175,Pampeana,mujer,49,1500000,1500000
176,Pampeana,mujer,45,1000000,900000
177,Pampeana,varón,21,400000,550000
178,Pampeana,mujer,53,216000,100000
179,Noroeste,varón,56,586000,740000
180,Patagonia,mujer,41,1000000,600000
181,Noroeste,varón,46,450000,450000
182,Noroeste,mujer,39,400000,450000
183,Pampeana,varón,21,200000,250000
184,Patagonia,varón,54,1100000,1200000
185,Pampeana,varón,31,900000,800000
186,Pampeana,mujer,29,400000,500000
187,Pampeana,varón,45,1500000,1500000
188,Pampeana,varón,25,1000000,1000000
189,Gran Buenos Aires,varón,31,2000000,1000000
190,Gran Buenos Aires,varón,30,2000000,1000000
191,Noroeste,varón,35,600000,700000
192,Noroeste,mujer,27,800000,700000
193,Patagonia,varón,44,3500000,5000000
194,Gran Buenos Aires,mujer,46,500000,0
195,Noroeste,mujer,53,500000,400000
196,Noroeste,varón,56,380000,600000
197,Noreste,varón,33,380000,500000
198,Pampeana,mujer,65,600000,1000000
199,Cuyo,varón,23,300000,400000
200,Pampeana,varón,39,500000,280000
201,Pampeana,mujer,47,650000,728000
202,Pampeana,mujer,21,700000,800000
203,Noroeste,varón,39,800000,800000
204,Noroeste,mujer,39,600000,350000
205,Cuyo,mujer,56,700000,760000
206,Noroeste,varón,18,50000,30000
207,Gran Buenos Aires,varón,58,500000,300000
208,Patagonia,varón,56,400000,200000
209,Pampeana,mujer,25,80000,80000
210,Gran Buenos Aires,mujer,41,2000000,1500000
211,Gran Buenos Aires,varón,46,900000,3000000
212,Pampeana,varón,26,0,800000
213,Pampeana,mujer,28,440000,600000
214,Gran Buenos Aires,varón,63,200000,10000
215,Gran Buenos Aires,mujer,19,405000,500000
216,Pampeana,mujer,52,168000,490000
217,Cuyo,mujer,62,600000,400000
218,Pampeana,mujer,29,1100000,1040000
219,Pampeana,varón,46,1015000,950000
220,Patagonia,varón,44,800000,500000
221,Pampeana,mujer,29,860000,930000
222,Gran Buenos Aires,varón,47,800000,800000
223,Pampeana,mujer,39,500000,470000
224,Pampeana,varón,41,400000,350000
225,Pampeana,mujer,38,500000,1200000
226,Noroeste,mujer,57,800000,170000
227,Noroeste,mujer,38,450000,500000
228,Noroeste,varón,25,800000,400000
229,Noroeste,varón,21,250000,350000
230,Noroeste,mujer,65,980000,930000
231,Noroeste,mujer,57,1000000,1200000
232,Patagonia,mujer,36,1100000,1500000
233,Patagonia,varón,36,1400000,900000
234,Pampeana,varón,40,700000,900000
235,Pampeana,mujer,38,700000,600000
236,Patagonia,varón,44,800000,1000000
237,Cuyo,varón,75,250000,700000
238,Noroeste,mujer,49,540000,700000
239,Noroeste,varón,27,700000,318000
240,Pampeana,varón,34,300000,300000
241,Pampeana,varón,39,2500000,2500000
242,Gran Buenos Aires,mujer,43,500000,600000
243,Gran Buenos Aires,varón,46,1200000,1200000
244,Patagonia,mujer,28,300000,450000
245,Pampeana,mujer,31,500000,250000
246,Gran Buenos Aires,varón,51,1500000,2500000
247,Patagonia,mujer,54,650000,800000
248,Patagonia,varón,34,900000,1200000
249,Noreste,varón,48,750000,500000
250,Noreste,mujer,49,625000,500000
251,Gran Buenos Aires,mujer,45,250000,800000
252,Gran Buenos Aires,varón,45,900000,900000
253,Pampeana,varón,62,900000,1000000
254,Pampeana,varón,45,900000,1000000
255,Pampeana,mujer,36,1400000,1300000
256,Pampeana,varón,35,1300000,1400000
257,Patagonia,mujer,31,760000,1500000
258,Gran Buenos Aires,mujer,62,60000,160000
259,Pampeana,mujer,59,200000,200000
260,Pampeana,varón,44,700000,1200000
261,Pampeana,mujer,38,890000,20000
262,Noreste,mujer,66,500000,600000
263,Noreste,varón,39,200000,300000
264,Patagonia,mujer,24,500000,600000
265,Noroeste,mujer,42,1000000,1200000
266,Pampeana,varón,52,1200000,1400000
267,Noroeste,mujer,73,80000,400000
268,Gran Buenos Aires,varón,46,400000,700000
269,Pampeana,mujer,43,450000,180000
270,Gran Buenos Aires,varón,78,200000,400000
271,Pampeana,varón,54,1000000,890000
272,Patagonia,varón,26,1130000,1300000
273,Cuyo,varón,55,800000,450000
274,Noroeste,varón,55,500000,650000
275,Noroeste,mujer,52,350000,130000
276,Noroeste,mujer,55,300000,300000
277,Noroeste,varón,51,680000,500000
278,Noroeste,varón,54,650000,800000
279,Pampeana,varón,31,800000,1000000
280,Patagonia,varón,33,850000,500000
281,Cuyo,varón,37,480000,500000
282,Pampeana,varón,31,300000,480000
283,Patagonia,mujer,32,1500000,1300000
284,Patagonia,varón,32,1200000,1100000
285,Noreste,varón,42,350000,500000
286,Patagonia,varón,44,1800000,1800000
287,Patagonia,varón,26,800000,1000000
288,Noroeste,mujer,61,56000,64000
289,Noroeste,varón,40,450000,600000
290,Noreste,mujer,50,400000,250000
291,Patagonia,varón,48,1500000,980000
292,Pampeana,mujer,35,600000,750000
293,Pampeana,varón,28,1600000,1500000
294,Cuyo,varón,57,500000,600000
295,Cuyo,mujer,41,300000,410000
296,Pampeana,mujer,37,600000,750000
297,Noreste,varón,44,400000,1200000
298,Noroeste,varón,44,1300000,1200000
299,Noroeste,mujer,58,108000,400000
300,Noroeste,varón,18,200000,340000
301,Gran Buenos Aires,varón,45,1100000,1600000
302,Gran Buenos Aires,mujer,47,320000,200000
303,Noroeste,varón,52,300000,800000
304,Noroeste,varón,31,300000,850000
305,Noroeste,mujer,28,300000,400000
306,Noroeste,varón,27,900000,1200000
307,Gran Buenos Aires,mujer,54,700000,600000
308,Noroeste,mujer,42,1200000,1200000
309,Patagonia,varón,37,1000000,700000
310,Gran Buenos Aires,varón,30,320000,900000
311,Noreste,mujer,58,350000,400000
312,Noreste,varón,28,540000,1100000
313,Noreste,mujer,26,360000,450000
314,Cuyo,varón,40,1000000,1200000
315,Noreste,varón,30,350000,400000
316,Noroeste,mujer,51,560000,560000
317,Noroeste,mujer,26,160000,160000
318,Gran Buenos Aires,varón,65,800000,1000000
319,Gran Buenos Aires,mujer,62,140000,160000
320,Pampeana,mujer,40,200000,200000
321,Pampeana,varón,37,1000000,980000
322,Noroeste,mujer,42,176000,300000
323,Noroeste,varón,40,150000,400000
324,Pampeana,mujer,51,700000,800000
325,Noroeste,varón,30,800000,850000
326,Noroeste,mujer,30,420000,900000
327,Noroeste,varón,29,700000,500000
328,Cuyo,mujer,33,400000,200000
329,Cuyo,mujer,67,2000000,2000000
330,Cuyo,varón,29,380000,490000
331,Noreste,varón,48,800000,500000
332,Noroeste,varón,44,550000,600000
333,Noroeste,mujer,44,200000,300000
334,Pampeana,mujer,41,300000,360000
335,Noreste,varón,43,1500000,1850000
336,Cuyo,varón,81,200000,300000
337,Noroeste,mujer,45,700000,750000
338,Pampeana,mujer,25,350000,450000
339,Noroeste,mujer,44,550000,1500000
340,Gran Buenos Aires,varón,43,1400000,1500000
341,Gran Buenos Aires,mujer,42,800000,1200000
342,Pampeana,varón,45,600000,613000
343,Pampeana,mujer,38,600000,750000
344,Patagonia,varón,30,950000,1100000
345,Pampeana,varón,61,700000,800000
346,Cuyo,varón,38,450000,600000
347,Noreste,mujer,24,400000,750000
348,Pampeana,mujer,58,300000,300000
349,Noroeste,varón,31,120000,250000
350,Patagonia,varón,60,1700000,2000000
351,Patagonia,varón,34,1500000,1700000
352,Pampeana,mujer,54,900000,900000
353,Pampeana,varón,53,1200000,1100000
354,Gran Buenos Aires,varón,43,350000,500000
355,Cuyo,mujer,53,750000,900000
356,Cuyo,varón,45,400000,500000
357,Pampeana,mujer,62,1000000,1000000
358,Gran Buenos Aires,varón,48,2000000,4000000
359,Cuyo,varón,18,200000,300000
360,Noroeste,varón,62,600000,490000
361,Noroeste,mujer,30,120000,320000
362,Noroeste,mujer,27,110000,280000
363,Noroeste,varón,27,400000,200000
364,Noroeste,varón,24,300000,180000
365,Noroeste,mujer,48,180000,120000
366,Noroeste,mujer,37,230000,439000
367,Pampeana,mujer,60,700000,500000
368,Cuyo,mujer,36,340000,420000
369,Gran Buenos Aires,mujer,49,300000,600000
370,Cuyo,mujer,57,180000,200000
371,Patagonia,varón,55,2000000,900000
372,Patagonia,mujer,19,480000,900000
373,Pampeana,mujer,36,850000,850000
374,Pampeana,varón,39,860000,900000
375,Pampeana,mujer,39,400000,450000
376,Noreste,varón,46,700000,500000
377,Noreste,mujer,46,5000000,800000
378,Noroeste,varón,58,500000,700000
379,Noroeste,mujer,66,450000,400000
380,Noroeste,varón,57,360000,410000
381,Noroeste,varón,36,200000,600000
382,Noroeste,varón,26,250000,350000
383,Noroeste,varón,37,200000,2000000
384,Patagonia,varón,65,700000,800000
385,Patagonia,varón,59,900000,900000
386,Patagonia,mujer,55,800000,800000
387,Pampeana,mujer,30,800000,1000000
388,Gran Buenos Aires,varón,59,0,200000
389,Pampeana,varón,31,1000000,1100000
390,Noreste,varón,42,1500000,1500000
391,Noreste,mujer,40,500000,500000
392,Pampeana,mujer,40,500000,1200000
393,Pampeana,varón,21,250000,480000
394,Pampeana,varón,19,190000,384000
395,Pampeana,mujer,47,180000,327000
396,Patagonia,mujer,37,600000,900000
397,Pampeana,varón,31,100000,400000
398,Cuyo,mujer,33,186000,300000
399,Patagonia,mujer,55,970000,1200000
400,Pampeana,varón,35,710000,1200000
401,Pampeana,mujer,35,770000,1200000
402,Pampeana,varón,33,280000,600000
403,Noroeste,varón,48,930000,980000
404,Noroeste,mujer,48,900000,1000000
405,Cuyo,varón,59,500000,225000
406,Cuyo,mujer,56,80000,225000
407,Noreste,varón,34,600000,1400000
408,Noreste,mujer,21,300000,450000
409,Noreste,varón,25,300000,450000
410,Pampeana,mujer,27,100000,360000
411,Pampeana,varón,32,1000000,1500000
412,Cuyo,varón,28,140000,480000
413,Noroeste,mujer,42,800000,800000
414,Patagonia,varón,63,1200000,1400000
415,Patagonia,varón,30,1200000,700000
416,Patagonia,varón,26,930000,900000
417,Noroeste,mujer,24,220000,600000
418,Gran Buenos Aires,varón,49,1200000,500000
419,Noreste,varón,39,400000,920000
420,Patagonia,mujer,44,1000000,1100000
421,Pampeana,varón,32,1200000,1500000
422,Noroeste,varón,45,180000,480000
423,Cuyo,mujer,39,280000,200000
424,Patagonia,varón,57,1200000,2000000
425,Patagonia,varón,28,1200000,1500000
426,Noroeste,mujer,48,550000,700000
427,Pampeana,varón,74,1000000,0
428,Patagonia,varón,43,900000,1000000
429,Noroeste,mujer,25,280000,450000
430,Noroeste,varón,26,300000,600000
431,Noroeste,mujer,47,1900000,2000000
432,Cuyo,varón,20,60000,160000
433,Pampeana,varón,24,1400000,1100000
434,Patagonia,mujer,31,100000,200000
435,Pampeana,varón,34,400000,200000
436,Noroeste,mujer,42,600000,700000
437,Pampeana,varón,52,1000000,1400000
438,Pampeana,varón,36,600000,960000
439,Noroeste,varón,37,110000,1000000
440,Noroeste,mujer,33,110000,1000000
441,Pampeana,mujer,40,280000,260000
442,Pampeana,varón,35,500000,800000
443,Pampeana,mujer,37,500000,1300000
444,Pampeana,varón,48,800000,0
445,Patagonia,mujer,57,850000,1100000
446,Pampeana,varón,40,600000,600000
447,Patagonia,mujer,57,800000,1020000
448,Patagonia,varón,33,1200000,1500000
449,Patagonia,varón,32,1200000,1300000
450,Noroeste,mujer,35,850000,850000
451,Noroeste,varón,39,750000,750000
452,Pampeana,varón,57,400000,250000
453,Pampeana,varón,20,70000,180000
454,Gran Buenos Aires,mujer,37,0,400000
455,Gran Buenos Aires,varón,58,900000,1500000
456,Noroeste,mujer,56,90000,100000
457,Noroeste,varón,30,200000,700000
458,Noroeste,varón,59,380000,500000
459,Pampeana,mujer,33,800000,700000
460,Pampeana,mujer,50,1000000,2000000
461,Pampeana,varón,27,1000000,2500000
462,Cuyo,mujer,54,300000,800000
463,Noroeste,varón,63,200000,300000
464,Cuyo,mujer,30,400000,0
465,Cuyo,varón,57,1200000,1200000
466,Noroeste,varón,49,1800000,1500000
467,Noroeste,mujer,45,450000,500000
468,Noroeste,varón,43,380000,700000
469,Gran Buenos Aires,mujer,58,120000,300000
470,Gran Buenos Aires,varón,21,550000,1030000
471,Noroeste,mujer,52,600000,900000
472,Noroeste,varón,54,600000,700000
473,Patagonia,varón,31,1200000,1500000
474,Pampeana,varón,52,3000000,300000
475,Pampeana,mujer,34,500000,700000
476,Patagonia,varón,38,800000,600000
477,Patagonia,varón,28,700000,800000
478,Noroeste,varón,52,700000,900000
479,Noroeste,mujer,51,560000,400000
480,Patagonia,mujer,55,1000000,980000
481,Patagonia,varón,47,1000000,980000
482,Gran Buenos Aires,mujer,45,3000000,5000000
483,Noroeste,mujer,46,1000000,1000000
484,Noreste,varón,61,500000,600000
485,Gran Buenos Aires,varón,60,1000000,600000
486,Gran Buenos Aires,mujer,59,1500000,2500000
487,Noroeste,varón,28,250000,360000
488,Pampeana,mujer,40,400000,500000
489,Noroeste,varón,36,2000000,2000000
490,Noroeste,mujer,35,900000,900000
491,Noroeste,varón,58,650000,650000
492,Noroeste,varón,35,400000,750000
493,Noroeste,varón,32,250000,400000
494,Gran Buenos Aires,varón,60,2000000,1800000
495,Gran Buenos Aires,varón,50,970000,1000000
496,Gran Buenos Aires,varón,57,1115000,1300000
497,Gran Buenos Aires,mujer,52,750000,2500000
498,Gran Buenos Aires,mujer,50,500000,800000
499,Noroeste,varón,50,600000,600000
500,Pampeana,mujer,50,1500000,1200000
501,Pampeana,varón,46,2300000,700000
502,Noroeste,varón,46,400000,400000
503,Noroeste,mujer,54,600000,800000
504,Gran Buenos Aires,varón,42,600000,590000
505,Pampeana,varón,48,3000000,1600000
506,Pampeana,mujer,43,400000,800000
507,Gran Buenos Aires,varón,45,2000000,2000000
508,Gran Buenos Aires,mujer,47,820000,850000
509,Pampeana,mujer,51,100000,325000
510,Noroeste,varón,42,600000,600000
511,Gran Buenos Aires,mujer,44,1100000,1600000
512,Gran Buenos Aires,varón,37,1500000,2500000
513,Noroeste,varón,20,240000,480000
514,Noroeste,mujer,42,800000,650000
515,Cuyo,varón,29,1500000,1100000
516,Noroeste,varón,50,350000,400000
517,Pampeana,mujer,28,1100000,1500000
518,Pampeana,varón,33,1300000,1500000
519,Gran Buenos Aires,mujer,27,2000000,2800000
520,Pampeana,mujer,38,600000,1300000
521,Pampeana,varón,41,980000,1500000
522,Patagonia,mujer,39,800000,1200000
523,Pampeana,mujer,56,800000,500000
524,Pampeana,varón,40,280000,0
525,Gran Buenos Aires,varón,35,2500000,3000000
526,Pampeana,mujer,36,780000,890000
527,Gran Buenos Aires,mujer,46,550000,650000
528,Gran Buenos Aires,mujer,22,350000,560000
529,Noroeste,varón,50,400000,400000
530,Gran Buenos Aires,varón,27,500000,300000
531,Cuyo,varón,67,1100000,1000000
532,Gran Buenos Aires,mujer,51,1700000,800000
533,Patagonia,varón,48,800000,4500000
534,Noroeste,mujer,30,500000,800000
535,Gran Buenos Aires,varón,50,800000,800000
536,Cuyo,mujer,46,210000,250000
537,Cuyo,varón,48,400000,400000
538,Patagonia,varón,34,4000000,4000000
539,Pampeana,varón,35,1700000,1600000
540,Pampeana,varón,25,1200000,1600000
541,Noroeste,mujer,57,520000,600000
542,Noroeste,varón,33,900000,1000000
543,Noroeste,mujer,32,350000,375000
544,Gran Buenos Aires,mujer,58,1200000,1500000
545,Gran Buenos Aires,varón,22,550000,1000000
546,Pampeana,varón,54,120000,150000
547,Gran Buenos Aires,varón,52,1800000,2000000
548,Gran Buenos Aires,mujer,52,900000,950000
549,Patagonia,varón,30,1390000,1500000
550,Patagonia,mujer,59,300000,500000
551,Pampeana,varón,56,1000000,1000000
552,Patagonia,varón,38,1100000,1200000
553,Patagonia,varón,57,900000,1200000
554,Noroeste,mujer,49,200000,900000
555,Noroeste,varón,57,200000,0
556,Noroeste,varón,22,300000,800000
557,Noroeste,mujer,32,350000,0
558,Pampeana,mujer,38,600000,580000
559,Pampeana,mujer,38,600000,560000
560,Patagonia,varón,51,2000000,2500000
561,Patagonia,mujer,65,950000,1200000
562,Cuyo,varón,38,370000,300000
563,Patagonia,varón,50,2000000,1800000
564,Patagonia,mujer,24,800000,980000
565,Patagonia,varón,26,1000000,1300000
566,Pampeana,mujer,51,900000,1200000
567,Patagonia,mujer,37,1500000,1500000
568,Pampeana,varón,41,860000,1000000
569,Gran Buenos Aires,varón,36,1800000,1800000
570,Gran Buenos Aires,mujer,35,850000,1500000
571,Pampeana,varón,58,800000,800000
572,Noroeste,mujer,58,240000,200000
573,Pampeana,varón,45,500000,800000
574,Pampeana,varón,54,950000,1500000
575,Pampeana,varón,31,600000,690000
576,Pampeana,mujer,56,400000,400000
577,Pampeana,mujer,50,260000,50000
578,Patagonia,mujer,27,520000,300000
579,Cuyo,mujer,26,1000000,1000000
580,Cuyo,varón,24,300000,0
581,Pampeana,mujer,38,1000000,900000
582,Noroeste,varón,31,520000,650000
583,Noroeste,varón,24,500000,830000
584,Gran Buenos Aires,mujer,54,550000,600000
585,Patagonia,varón,50,600000,900000
586,Pampeana,varón,37,1300000,750000
587,Noroeste,mujer,78,300000,500000
588,Gran Buenos Aires,mujer,59,750000,700000
589,Gran Buenos Aires,mujer,33,600000,800000
590,Pampeana,mujer,34,1000000,1200000
591,Gran Buenos Aires,mujer,40,80000,500000
592,Cuyo,mujer,42,240000,200000
593,Pampeana,varón,28,900000,100000
594,Pampeana,varón,44,1500000,2500000
595,Pampeana,mujer,43,800000,800000
596,Pampeana,varón,61,100000,400000
597,Pampeana,varón,43,1000000,1300000
598,Gran Buenos Aires,mujer,64,600000,1500000
599,Gran Buenos Aires,varón,65,1300000,3000000
600,Patagonia,mujer,48,950000,1800000
601,Noroeste,varón,23,800000,850000
602,Patagonia,mujer,53,1300000,1500000
603,Gran Buenos Aires,mujer,48,500000,20000
604,Pampeana,varón,33,800000,1000000
605,Pampeana,mujer,25,500000,640000
606,Pampeana,varón,31,1200000,0
607,Pampeana,varón,51,1000000,1000000
608,Pampeana,varón,46,800000,750000
609,Pampeana,mujer,56,1000000,1000000
610,Patagonia,varón,62,600000,600000
611,Gran Buenos Aires,varón,31,2200000,1000000
612,Noroeste,varón,39,800000,900000
613,Patagonia,varón,69,150000,280000
614,Noreste,mujer,41,80000,300000
615,Patagonia,mujer,40,900000,900000
616,Cuyo,varón,50,650000,800000
617,Patagonia,mujer,33,620000,800000
618,Gran Buenos Aires,varón,35,1000000,1000000
619,Gran Buenos Aires,mujer,42,500000,500000
620,Noroeste,varón,28,200000,400000
621,Noroeste,varón,24,600000,600000
622,Cuyo,varón,22,100000,100000
623,Cuyo,mujer,18,80000,500000
624,Patagonia,mujer,29,800000,1200000
625,Gran Buenos Aires,mujer,35,400000,300000
626,Noroeste,mujer,50,700000,450000
627,Pampeana,mujer,38,2000000,3000000
628,Noroeste,varón,30,500000,500000
629,Pampeana,varón,59,800000,900000
630,Noroeste,varón,24,160000,200000
631,Noroeste,mujer,25,50000,200000
632,Gran Buenos Aires,mujer,54,72000,40000
633,Cuyo,varón,72,600000,650000
634,Pampeana,mujer,30,1100000,1600000
635,Pampeana,varón,37,1800000,3000000
636,Cuyo,mujer,46,450000,300000
637,Pampeana,varón,52,800000,990000
638,Noroeste,varón,29,900000,1000000
639,Noroeste,varón,32,450000,400000
640,Noreste,mujer,26,200000,400000
641,Noroeste,varón,62,800000,500000
642,Patagonia,varón,28,1100000,1100000
643,Patagonia,mujer,29,1200000,1200000
644,Patagonia,mujer,22,800000,850000
645,Noreste,mujer,39,700000,900000
646,Noroeste,varón,35,800000,1200000
647,Noroeste,mujer,33,300000,500000
648,Pampeana,mujer,62,220000,240000
649,Pampeana,varón,43,0,400000
650,Cuyo,mujer,53,500000,500000
651,Pampeana,varón,58,3000000,3500000
652,Patagonia,varón,26,1000000,1000000
653,Pampeana,mujer,40,420000,900000
654,Pampeana,varón,49,600000,800000
655,Patagonia,varón,25,800000,950000
656,Noroeste,varón,41,200000,700000
657,Patagonia,varón,60,1200000,1000000
658,Patagonia,varón,51,1500000,1800000
659,Patagonia,varón,28,1200000,1100000
660,Pampeana,mujer,36,600000,0
661,Pampeana,varón,44,500000,600000
662,Noroeste,varón,66,400000,80000
663,Noroeste,mujer,57,800000,1200000
664,Pampeana,mujer,45,600000,650000
665,Patagonia,varón,63,1300000,800000
666,Cuyo,varón,62,400000,0
667,Gran Buenos Aires,varón,57,800000,800000
668,Pampeana,mujer,43,800000,1200000
669,Pampeana,varón,46,1000000,1800000
670,Cuyo,mujer,22,307000,320000
671,Noroeste,mujer,29,900000,900000
672,Gran Buenos Aires,mujer,21,200000,400000
673,Patagonia,varón,28,1400000,1500000
674,Patagonia,mujer,32,1000000,1000000
675,Pampeana,varón,64,600000,600000
676,Pampeana,mujer,52,120000,20000
677,Cuyo,mujer,45,850000,900000
678,Cuyo,varón,53,800000,1400000
679,Cuyo,mujer,51,900000,1400000
680,Pampeana,varón,23,800000,1000000
681,Pampeana,mujer,45,200000,200000
682,Pampeana,varón,44,3000000,3000000
683,Cuyo,varón,66,500000,600000
684,Pampeana,varón,27,1200000,1200000
685,Noroeste,varón,25,730000,800000
686,Gran Buenos Aires,varón,38,2000000,6000000
687,Gran Buenos Aires,mujer,38,1500000,1100000
688,Noroeste,mujer,28,250000,850000
689,Noreste,varón,25,400000,450000
690,Pampeana,varón,54,300000,450000
691,Cuyo,varón,28,390000,600000
692,Cuyo,varón,31,643000,800000
693,Patagonia,varón,49,1000000,600000
694,Patagonia,mujer,45,1000000,600000
695,Pampeana,varón,36,1000000,2000000
696,Pampeana,varón,60,800000,1000000
697,Pampeana,mujer,57,300000,400000
698,Patagonia,varón,25,1000000,1000000
699,Cuyo,mujer,48,300000,500000
700,Cuyo,varón,22,400000,250000
701,Pampeana,varón,61,1000000,1000000
702,Pampeana,mujer,57,1000000,1000000
703,Noroeste,varón,27,800000,900000
704,Noreste,mujer,64,750000,1000000
705,Cuyo,mujer,65,260000,700000
706,Gran Buenos Aires,varón,50,720000,2000000
707,Cuyo,mujer,30,100000,150000
708,Patagonia,varón,53,1200000,1000000
709,Patagonia,mujer,52,850000,800000
710,Pampeana,varón,32,800000,500000
711,Noreste,varón,58,625000,800000
712,Noreste,mujer,33,300000,200000
713,Pampeana,varón,40,310000,290000
714,Pampeana,mujer,36,800000,950000
715,Cuyo,mujer,39,600000,700000
716,Pampeana,varón,52,900000,980000
717,Cuyo,varón,41,200000,1200000
718,Cuyo,mujer,39,30000,700000
719,Cuyo,varón,53,1300000,1500000
720,Cuyo,varón,54,360000,400000
721,Cuyo,varón,45,600000,600000
722,Patagonia,varón,54,1000000,1000000
723,Patagonia,mujer,51,195000,250000
724,Pampeana,mujer,58,1500000,600000
725,Pampeana,varón,35,1500000,2100000
726,Pampeana,mujer,36,600000,800000
727,Noroeste,mujer,58,600000,700000
728,Pampeana,varón,43,2500000,2500000
729,Pampeana,mujer,36,1200000,1200000
730,Noreste,varón,50,600000,400000
731,Noreste,mujer,52,70000,250000
732,Patagonia,mujer,58,1100000,1000000
733,Noreste,varón,26,1200000,400000
734,Noroeste,varón,47,800000,890000
735,Cuyo,varón,68,250000,200000
736,Pampeana,varón,50,350000,400000
737,Cuyo,varón,47,400000,660000
738,Cuyo,mujer,42,400000,500000
739,Cuyo,varón,20,400000,700000
740,Noreste,mujer,50,700000,750000
741,Noreste,mujer,46,250000,350000
742,Noreste,varón,36,500000,750000
743,Patagonia,varón,55,702200,800000
744,Patagonia,mujer,47,350000,450000
745,Noreste,varón,58,350000,400000
746,Noreste,mujer,58,500000,400000
747,Noroeste,mujer,45,250000,300000
748,Noroeste,varón,51,1000000,1200000
749,Patagonia,varón,24,700000,500000
750,Cuyo,mujer,49,100000,250000
751,Cuyo,varón,19,0,320000
752,Noroeste,mujer,44,90000,78000
753,Noroeste,varón,47,800000,600000
754,Noroeste,varón,23,200000,400000
755,Noroeste,mujer,53,700000,700000
756,Pampeana,varón,63,450000,4000000
757,Cuyo,varón,32,400000,0
758,Noreste,mujer,35,360000,450000
759,Patagonia,varón,63,900000,300000
760,Pampeana,varón,31,800000,350000
761,Patagonia,mujer,24,850000,1000000
762,Noroeste,varón,45,500000,300000
763,Noreste,mujer,50,2520000,600000
764,Pampeana,mujer,57,820000,940000
765,Noroeste,mujer,54,500000,490000
766,Noroeste,varón,49,500000,700000
767,Pampeana,varón,35,900000,1200000
768,Cuyo,mujer,30,1000000,1200000
769,Pampeana,mujer,42,200000,230000
770,Noreste,varón,37,500000,980000
771,Noreste,varón,20,700000,800000
772,Pampeana,varón,27,200000,400000
773,Noroeste,mujer,44,700000,550000
774,Noroeste,varón,44,780000,700000
775,Gran Buenos Aires,varón,46,600000,500000
776,Gran Buenos Aires,mujer,41,600000,600000
777,Pampeana,varón,39,1400000,2000000
778,Pampeana,mujer,39,500000,800000
779,Noreste,mujer,66,400000,500000
780,Noreste,mujer,21,200000,200000
781,Noroeste,mujer,42,40000,32000
782,Cuyo,varón,30,1200000,800000
783,Pampeana,varón,47,1000000,1200000
784,Patagonia,varón,46,1200000,1600000
785,Patagonia,varón,42,500000,600000
786,Noreste,mujer,35,260000,260000
787,Patagonia,varón,50,600000,900000
788,Patagonia,varón,36,900000,800000
789,Pampeana,varón,74,600000,1500000
790,Noroeste,varón,36,300000,800000
791,Noroeste,mujer,31,650000,650000
792,Noroeste,varón,30,800000,550000
793,Cuyo,varón,51,900000,1000000
794,Gran Buenos Aires,varón,57,350000,400000
795,Noroeste,mujer,25,500000,500000
796,Noroeste,varón,24,280000,280000
797,Patagonia,varón,57,220000,200000
798,Pampeana,varón,55,2000000,1400000
799,Pampeana,mujer,57,1400000,1500000
800,Pampeana,mujer,25,700000,620000
801,Pampeana,mujer,23,900000,870000
802,Pampeana,varón,38,700000,700000
803,Pampeana,mujer,62,700000,700000
804,Patagonia,mujer,59,280000,320000
805,Noreste,mujer,40,390000,400000
806,Patagonia,mujer,43,400000,950000
807,Pampeana,varón,65,130000,1500000
808,Pampeana,mujer,45,1500000,1600000
809,Pampeana,varón,54,1800000,2000000
810,Patagonia,mujer,38,840000,1200000
811,Pampeana,varón,37,640000,800000
812,Patagonia,mujer,24,800000,500000
813,Patagonia,varón,26,800000,500000
814,Pampeana,varón,38,800000,800000
815,Patagonia,varón,45,1700000,1700000
816,Patagonia,varón,41,2000000,1500000
817,Pampeana,mujer,35,600000,800000
818,Noroeste,mujer,42,38000,550000
819,Noroeste,varón,47,800000,800000
820,Pampeana,varón,41,1500000,1200000
821,Pampeana,mujer,40,600000,800000
822,Patagonia,mujer,63,400000,400000
823,Noreste,varón,31,800000,906000
824,Noreste,varón,27,800000,800000
825,Noroeste,mujer,42,100000,200000
826,Noroeste,varón,46,900000,800000
827,Pampeana,mujer,53,460000,1100000
828,Pampeana,varón,50,1000000,1500000
829,Pampeana,mujer,23,300000,250000
830,Pampeana,mujer,51,360000,600000
831,Noreste,varón,48,800000,800000
832,Noreste,mujer,23,400000,400000
833,Noreste,mujer,20,400000,400000
834,Patagonia,mujer,42,1100000,1200000
835,Gran Buenos Aires,varón,56,1300000,1500000
836,Gran Buenos Aires,varón,40,6000000,6000000
837,Pampeana,varón,40,2000000,2000000
838,Patagonia,varón,26,800000,700000
839,Noroeste,varón,43,1300000,1100000
840,Pampeana,mujer,28,0,800000
841,Noroeste,varón,35,400000,510000
842,Pampeana,mujer,30,400000,700000
843,Pampeana,varón,42,1400000,1300000
844,Pampeana,varón,31,820000,850000
845,Gran Buenos Aires,varón,66,700000,800000
846,Noroeste,varón,33,750000,800000
847,Pampeana,varón,38,2000000,3000000
848,Cuyo,mujer,43,900000,1500000
849,Cuyo,mujer,42,78000,900000
850,Cuyo,varón,48,780000,800000
851,Gran Buenos Aires,mujer,45,980000,950000
852,Gran Buenos Aires,varón,44,980000,1000000
853,Patagonia,mujer,38,800000,1000000
854,Pampeana,mujer,60,1000000,600000
855,Pampeana,mujer,40,1000000,600000
856,Pampeana,varón,39,1000000,1800000
857,Pampeana,mujer,35,550000,450000
858,Patagonia,mujer,72,100000,200000
859,Gran Buenos Aires,varón,58,500000,1200000
860,Pampeana,mujer,47,960000,1000000
861,Pampeana,mujer,25,1200000,730000
862,Noroeste,mujer,37,400000,420000
863,Pampeana,mujer,44,1100000,1200000
864,Pampeana,varón,46,600000,800000
865,Pampeana,mujer,57,1000000,1800000
866,Pampeana,varón,23,300000,300000
867,Gran Buenos Aires,varón,40,400000,300000
868,Pampeana,mujer,32,250000,500000
869,Pampeana,varón,32,480000,800000
870,Pampeana,varón,64,600000,700000
871,Pampeana,varón,30,600000,1600000
872,Noroeste,mujer,44,280000,350000
873,Noroeste,varón,66,150000,32000
874,Gran Buenos Aires,mujer,41,950000,350000
875,Gran Buenos Aires,mujer,53,2000000,500000
876,Gran Buenos Aires,varón,61,2000000,500000
877,Gran Buenos Aires,mujer,25,860000,960000
878,Gran Buenos Aires,varón,23,800000,1500000
879,Pampeana,varón,26,200000,360000
880,Noroeste,mujer,60,120000,120000
881,Noroeste,varón,50,200000,1200000
882,Gran Buenos Aires,varón,42,520000,400000
883,Gran Buenos Aires,mujer,28,700000,800000
884,Noroeste,varón,32,300000,500000
885,Gran Buenos Aires,mujer,24,600000,600000
886,Pampeana,mujer,40,600000,400000
887,Noroeste,varón,54,1000000,600000
888,Noroeste,mujer,59,700000,600000
889,Noroeste,varón,23,300000,500000
890,Gran Buenos Aires,mujer,28,1200000,1200000
891,Gran Buenos Aires,varón,26,1100000,1000000
892,Pampeana,varón,38,1400000,1600000
893,Patagonia,varón,54,1200000,2000000
894,Patagonia,mujer,44,800000,1200000
895,Pampeana,mujer,24,676000,560000
896,Pampeana,varón,53,1300000,1200000
897,Noreste,varón,53,400000,800000
898,Cuyo,varón,50,280000,1400000
899,Pampeana,mujer,44,700000,200000
900,Pampeana,mujer,72,0,150000
901,Noroeste,mujer,58,112000,68000
902,Pampeana,varón,35,1300000,1000000
903,Pampeana,mujer,28,200000,0
904,Pampeana,varón,57,350000,150000
905,Pampeana,varón,42,1500000,1500000
906,Patagonia,varón,61,78000,78000
907,Noroeste,varón,42,600000,900000
908,Noreste,varón,43,750000,300000
909,Noreste,mujer,38,300000,200000
910,Noreste,mujer,52,1000000,400000
911,Cuyo,varón,65,240000,300000
912,Noroeste,varón,57,250000,300000
913,Noroeste,varón,64,100000,250000
914,Pampeana,varón,41,1200000,1380000
915,Pampeana,varón,69,900000,900000
916,Pampeana,varón,64,1500000,2000000
917,Cuyo,mujer,58,500000,500000
918,Cuyo,varón,32,800000,1000000
919,Pampeana,mujer,41,1000000,800000
920,Noroeste,varón,55,350000,800000
921,Noroeste,mujer,26,150000,600000
922,Noroeste,varón,24,180000,320000
923,Noreste,varón,62,500000,600000
924,Noreste,mujer,53,230000,200000
925,Gran Buenos Aires,mujer,39,1000000,1500000
926,Cuyo,mujer,46,900000,1100000
927,Pampeana,varón,56,1000000,1000000
928,Pampeana,mujer,55,100000,1100000
929,Pampeana,varón,30,1300000,1200000
930,Pampeana,mujer,28,300000,900000
931,Pampeana,varón,35,480000,400000
932,Noroeste,mujer,26,90000,180000
933,Noroeste,varón,28,300000,380000
934,Patagonia,varón,39,1400000,400000
935,Pampeana,varón,53,300000,500000
936,Pampeana,varón,62,500000,425000
937,Gran Buenos Aires,varón,64,1400000,1900000
938,Gran Buenos Aires,mujer,49,100000,100000
939,Patagonia,varón,54,640000,800000
940,Pampeana,mujer,42,800000,800000
941,Pampeana,varón,44,900000,1000000
942,Noroeste,mujer,26,200000,70000
943,Gran Buenos Aires,varón,53,800000,700000
944,Gran Buenos Aires,mujer,44,0,300000
945,Pampeana,varón,40,800000,1200000
946,Pampeana,mujer,46,700000,1000000
947,Pampeana,varón,56,900000,2000000
948,Pampeana,mujer,24,600000,1000000
949,Pampeana,varón,32,1000000,1300000
950,Pampeana,mujer,28,585000,650000
951,Gran Buenos Aires,varón,50,1800000,2000000
952,Gran Buenos Aires,mujer,43,1900000,2000000
953,Pampeana,varón,44,800000,500000
954,Pampeana,mujer,44,1000000,1000000
955,Gran Buenos Aires,mujer,32,1000000,1000000
956,Pampeana,mujer,66,400000,220000
957,Pampeana,mujer,43,300000,120000
958,Pampeana,varón,23,200000,650000
959,Gran Buenos Aires,varón,20,485000,1800000
960,Patagonia,mujer,58,800000,500000
961,Patagonia,varón,58,800000,350000
962,Noreste,varón,42,48000,100000
963,Noreste,mujer,22,80000,150000
964,Pampeana,mujer,67,2000000,1700000
965,Gran Buenos Aires,mujer,36,970000,1000000
966,Gran Buenos Aires,varón,36,800000,100000
967,Noroeste,mujer,42,250000,500000
968,Noroeste,varón,28,800000,900000
969,Pampeana,varón,65,2000000,1000000
970,Patagonia,mujer,48,380000,278000
971,Noreste,varón,23,200000,500000
972,Noreste,varón,53,300000,200000
973,Noreste,mujer,27,250000,300000
974,Pampeana,varón,36,180000,300000
975,Patagonia,mujer,34,970000,900000
976,Gran Buenos Aires,mujer,48,1500000,1500000
977,Gran Buenos Aires,varón,49,5000000,3000000
978,Noroeste,mujer,19,560000,600000
979,Pampeana,varón,33,600000,150000
980,Pampeana,mujer,34,770000,730000
981,Pampeana,varón,55,500000,600000
982,Cuyo,mujer,67,600000,800000
983,Patagonia,mujer,41,1500000,570000
984,Noroeste,mujer,49,180000,200000
985,Noroeste,mujer,32,100000,110000
986,Noroeste,varón,31,600000,600000
987,Noroeste,mujer,30,280000,300000
988,Pampeana,varón,59,620000,500000
989,Gran Buenos Aires,varón,59,5000000,3500000
990,Gran Buenos Aires,varón,21,650000,750000
991,Noroeste,mujer,66,670000,700000
992,Noroeste,varón,48,480000,800000
993,Pampeana,mujer,29,2000000,2100000
994,Pampeana,varón,26,1200000,1000000
995,Cuyo,varón,37,920000,800000
996,Gran Buenos Aires,varón,38,500000,800000
997,Gran Buenos Aires,varón,51,500000,400000
998,Pampeana,varón,57,800000,900000
999,Patagonia,varón,63,4000000,5000000
1000,Noreste,varón,53,500000,200000
1001,Noreste,mujer,40,100000,100000
1002,Pampeana,varón,64,520000,500000
1003,Pampeana,mujer,59,200000,400000
1004,Pampeana,mujer,39,200000,400000
1005,Noroeste,varón,35,600000,500000
1006,Noroeste,mujer,37,300000,300000
1007,Pampeana,varón,28,310000,300000
1008,Noroeste,varón,66,980000,1000000
1009,Noroeste,varón,67,980000,1000000
1010,Pampeana,mujer,51,580000,600000
1011,Pampeana,mujer,34,800000,850000
1012,Cuyo,varón,52,1000000,2000000
1013,Cuyo,varón,23,293000,600000
1014,Cuyo,varón,23,160000,300000
1015,Cuyo,varón,23,500000,500000
1016,Patagonia,varón,51,970000,832000
1017,Noroeste,mujer,49,400000,500000
1018,Noroeste,varón,33,350000,380000
1019,Gran Buenos Aires,mujer,50,380000,400000
1020,Noroeste,varón,45,1500000,1200000
1021,Patagonia,mujer,51,230000,300000
1022,Noreste,varón,33,570000,480000
1023,Noreste,mujer,40,400000,240000
1024,Gran Buenos Aires,varón,44,500000,400000
1025,Gran Buenos Aires,mujer,47,260000,290000
1026,Pampeana,varón,47,900000,1100000
1027,Noroeste,varón,59,380000,500000
1028,Noroeste,varón,21,280000,350000
1029,Patagonia,varón,70,850000,1000000
1030,Pampeana,varón,42,1500000,1500000
1031,Pampeana,varón,47,400000,890000
1032,Patagonia,varón,42,1500000,1300000
1033,Pampeana,mujer,34,400000,260000
1034,Patagonia,mujer,47,250000,350000
1035,Noreste,varón,46,1000000,1200000
1036,Noreste,mujer,43,425000,200000
1037,Pampeana,mujer,28,45000,180000
1038,Gran Buenos Aires,varón,63,1080000,700000
1039,Noroeste,varón,46,900000,800000
1040,Noroeste,mujer,43,500000,720000
1041,Patagonia,varón,46,1400000,1200000
1042,Pampeana,mujer,65,500000,350000
1043,Pampeana,varón,27,1000000,1500000
1044,Noreste,varón,23,500000,0
1045,Patagonia,varón,45,800000,800000
1046,Cuyo,varón,70,700000,460000
1047,Noreste,varón,53,100000,300000
1048,Noreste,mujer,21,350000,400000
1049,Noroeste,varón,39,500000,700000
1050,Noroeste,mujer,37,580000,1000000
1051,Gran Buenos Aires,mujer,39,1200000,1350000
1052,Gran Buenos Aires,mujer,51,1100000,1100000
1053,Gran Buenos Aires,varón,26,1200000,1200000
1054,Gran Buenos Aires,mujer,20,1200000,1200000
1055,Pampeana,mujer,57,830000,1300000
1056,Pampeana,varón,57,650000,700000
1057,Gran Buenos Aires,varón,56,1200000,1500000
1058,Gran Buenos Aires,varón,26,600000,1500000
1059,Noroeste,varón,40,0,200000
1060,Gran Buenos Aires,mujer,46,2000000,2500000
1061,Pampeana,varón,34,850000,800000
1062,Pampeana,mujer,50,480000,520000
1063,Pampeana,mujer,33,790000,750000
1064,Gran Buenos Aires,varón,34,1000000,1000000
1065,Gran Buenos Aires,varón,33,700000,1000000
1066,Noreste,varón,37,300000,50000
1067,Noroeste,mujer,48,179200,230000
1068,Noroeste,varón,51,800000,400000
1069,Noroeste,mujer,25,400000,140000
1070,Noroeste,varón,21,400000,150000
1071,Pampeana,varón,40,950000,1000000
1072,Pampeana,mujer,38,840000,800000
1073,Patagonia,mujer,23,350000,700000
1074,Noreste,varón,59,500000,750000
1075,Noreste,mujer,49,400000,500000
1076,Noreste,mujer,22,100000,250000
1077,Noreste,varón,21,100000,250000
1078,Pampeana,mujer,55,220000,300000
1079,Gran Buenos Aires,varón,41,7500000,2000000
1080,Patagonia,mujer,43,1500000,800000
1081,Patagonia,varón,39,800000,250000
1082,Patagonia,varón,43,1000000,400000
1083,Noreste,mujer,50,300000,400000
1084,Noroeste,varón,62,1000000,600000
1085,Noroeste,mujer,51,700000,400000
1086,Noroeste,varón,29,0,360000
1087,Pampeana,varón,30,5000000,4000000
1088,Pampeana,mujer,34,300000,150000
1089,Noreste,mujer,45,50000,150000
1090,Noreste,varón,26,80000,180000
1091,Noroeste,varón,50,600000,700000
1092,Noroeste,mujer,53,1000000,900000
1093,Noroeste,varón,47,520000,1010000
1094,Noroeste,mujer,43,480000,600000
1095,Gran Buenos Aires,mujer,25,200000,400000
1096,Gran Buenos Aires,mujer,63,1800000,1500000
1097,Noroeste,mujer,59,350000,300000
1098,Noroeste,varón,34,400000,400000
1099,Noroeste,varón,27,600000,680000
1100,Patagonia,varón,32,450000,500000
1101,Patagonia,mujer,31,150000,160000
1102,Noreste,varón,20,300000,150000
1103,Noroeste,mujer,56,100000,120000
1104,Noreste,varón,32,0,200000
1105,Patagonia,varón,47,800000,1200000
1106,Noreste,mujer,28,500000,500000
1107,Noreste,varón,36,300000,400000
1108,Noroeste,mujer,61,1900000,2000000
1109,Noroeste,mujer,55,1000000,1000000
1110,Noroeste,varón,38,1000000,1360000
1111,Pampeana,mujer,34,110000,108000
1112,Patagonia,varón,53,1500000,1200000
1113,Noroeste,mujer,34,500000,600000
1114,Noroeste,varón,33,300000,500000
1115,Noroeste,varón,40,860000,1030000
1116,Noroeste,varón,37,800000,800000
1117,Noroeste,varón,42,1100000,850000
1118,Pampeana,mujer,49,1800000,2000000
1119,Pampeana,varón,46,2000000,4000000
1120,Noroeste,varón,66,400000,400000
1121,Noroeste,mujer,31,200000,300000
1122,Cuyo,mujer,42,500000,560000
1123,Cuyo,varón,39,670000,1800000
1124,Patagonia,mujer,46,950000,1200000
1125,Gran Buenos Aires,mujer,36,1000000,1000000
1126,Noroeste,mujer,54,2100000,1200000
1127,Noroeste,mujer,46,1100000,1180000
1128,Noroeste,varón,23,280000,150000
1129,Noroeste,mujer,53,1800000,2000000
1130,Noroeste,varón,26,0,250000
1131,Noroeste,varón,48,1800000,1800000
1132,Noroeste,varón,32,3250000,1800000
1133,Noroeste,varón,50,700000,850000
1134,Noroeste,varón,26,250000,300000
1135,Patagonia,varón,40,1800000,3200000
1136,Patagonia,mujer,34,1300000,1400000
1137,Gran Buenos Aires,mujer,27,800000,900000
1138,Gran Buenos Aires,mujer,75,1200000,1200000
1139,Noroeste,mujer,27,340000,340000
1140,Noroeste,varón,26,800000,800000
1141,Cuyo,varón,64,600000,600000
1142,Noreste,mujer,56,240000,280000
1143,Noroeste,varón,26,1200000,1100000
1144,Pampeana,varón,43,1100000,1100000
1145,Gran Buenos Aires,varón,48,70000,1000000
1146,Noroeste,varón,46,890000,900000
1147,Noroeste,mujer,25,590000,650000
1148,Cuyo,varón,34,240000,360000
1149,Cuyo,mujer,45,1100000,1100000
1150,Noroeste,varón,54,1500000,1150000
1151,Noroeste,mujer,52,900000,630000
1152,Gran Buenos Aires,varón,47,2100000,3200000
1153,Noreste,mujer,40,500000,550000
1154,Noroeste,mujer,35,500000,700000
1155,Pampeana,varón,47,350000,520000
1156,Noroeste,varón,60,500000,500000
1157,Noreste,mujer,43,180000,660000
1158,Noreste,varón,54,400000,700000
1159,Cuyo,mujer,48,800000,1000000
1160,Gran Buenos Aires,varón,44,350000,500000
1161,Gran Buenos Aires,varón,35,790000,400000
1162,Noroeste,mujer,42,1000000,1000000
1163,Noroeste,varón,32,0,300000
1164,Pampeana,varón,34,1000000,1100000
1165,Pampeana,varón,31,1000000,1000000
1166,Pampeana,varón,42,1500000,1200000
1167,Noreste,mujer,27,350000,560000
1168,Noroeste,mujer,39,500000,600000
1169,Cuyo,mujer,50,700000,800000
1170,Noroeste,varón,26,400000,250000
1171,Noroeste,varón,36,98000,78000
1172,Noroeste,varón,29,98000,78000
1173,Noroeste,varón,60,300000,200000
1174,Cuyo,mujer,54,80000,450000
1175,Gran Buenos Aires,varón,29,1100000,1500000
1176,Noroeste,mujer,72,300000,160000
1177,Noroeste,mujer,74,280000,160000
1178,Noroeste,varón,42,500000,600000
1179,Noroeste,varón,49,800000,1200000
1180,Noroeste,varón,22,600000,700000
1181,Noroeste,mujer,48,450000,900000
1182,Gran Buenos Aires,varón,30,980000,150000
1183,Pampeana,varón,49,300000,0
1184,Pampeana,varón,39,80000,300000
1185,Noroeste,varón,28,720000,920000
1186,Gran Buenos Aires,mujer,57,1100000,1500000
1187,Noroeste,mujer,51,500000,600000
1188,Noroeste,varón,31,600000,800000
1189,Pampeana,mujer,55,1000000,1000000
1190,Pampeana,varón,22,180000,1000000
1191,Noroeste,mujer,37,900000,1500000
1192,Pampeana,mujer,61,200000,1500000
1193,Pampeana,mujer,34,500000,500000
1194,Pampeana,mujer,42,200000,160000
1195,Cuyo,mujer,45,780000,600000
1196,Gran Buenos Aires,varón,25,700000,800000
1197,Pampeana,mujer,51,900000,800000
1198,Noroeste,mujer,47,450000,78000
1199,Noroeste,varón,47,300000,400000
1200,Noroeste,varón,28,250000,400000
1201,Noroeste,varón,22,400000,300000
1202,Cuyo,mujer,33,270000,500000
1203,Noreste,varón,40,600000,1500000
1204,Noreste,mujer,38,1200000,1300000
1205,Noreste,varón,52,200000,300000
1206,Noroeste,varón,32,600000,600000
1207,Noroeste,mujer,51,120000,80000
1208,Pampeana,mujer,45,656000,300000
1209,Gran Buenos Aires,mujer,56,280000,350000
1210,Gran Buenos Aires,varón,56,480000,600000
1211,Patagonia,mujer,51,400000,580000
1212,Pampeana,mujer,39,300000,200000
1213,Cuyo,mujer,42,30000,400000
1214,Cuyo,mujer,39,50000,550000
1215,Cuyo,mujer,37,50000,250000
1216,Noreste,mujer,24,1500000,1500000
1217,Noreste,mujer,23,2500000,2500000
1218,Noroeste,varón,32,300000,350000
1219,Cuyo,varón,62,75000,200000
1220,Cuyo,mujer,58,75000,300000
1221,Patagonia,mujer,29,300000,428000
1222,Noreste,mujer,56,500000,560000
1223,Noreste,varón,42,500000,980000
1224,Pampeana,varón,49,2000000,2000000
1225,Noroeste,varón,53,600000,700000
1226,Noroeste,varón,26,800000,700000
1227,Noreste,mujer,59,300000,350000
1228,Noreste,mujer,29,500000,650000
1229,Gran Buenos Aires,varón,39,1200000,1000000
1230,Cuyo,varón,64,800000,750000
1231,Gran Buenos Aires,varón,38,1200000,1400000
1232,Noroeste,varón,40,650000,750000
1233,Noreste,mujer,43,120000,120000
1234,Pampeana,mujer,60,140000,144000
1235,Noroeste,mujer,27,800000,700000
1236,Gran Buenos Aires,mujer,60,500000,600000
1237,Gran Buenos Aires,mujer,46,800000,750000
1238,Gran Buenos Aires,varón,20,750000,700000
1239,Noreste,mujer,49,560000,0
1240,Noreste,varón,30,100000,800000
1241,Noreste,mujer,43,230000,200000
1242,Noroeste,varón,43,350000,450000
1243,Cuyo,mujer,33,400000,300000
1244,Patagonia,mujer,53,2000000,3000000
1245,Pampeana,mujer,53,205000,280000
1246,Noroeste,mujer,57,300000,350000
1247,Noroeste,varón,29,600000,600000
1248,Noroeste,varón,43,650000,800000
1249,Cuyo,mujer,63,90000,350000
1250,Noroeste,mujer,39,550000,550000
1251,Gran Buenos Aires,mujer,36,500000,650000
1252,Noroeste,varón,27,900000,780000
1253,Cuyo,mujer,39,350000,900000
1254,Noroeste,varón,51,650000,650000
1255,Pampeana,varón,63,800000,800000
1256,Noroeste,varón,48,400000,800000
1257,Gran Buenos Aires,varón,37,2300000,2300000
1258,Gran Buenos Aires,mujer,39,1200000,1200000
1259,Noreste,varón,24,600000,500000
1260,Noroeste,mujer,26,300000,320000
1261,Gran Buenos Aires,mujer,63,200000,500000
1262,Noroeste,varón,58,400000,1000000
1263,Noroeste,varón,53,300000,800000
1264,Cuyo,varón,30,650000,750000
1265,Noroeste,varón,47,500000,630000
1266,Noroeste,mujer,48,450000,580000
1267,Pampeana,mujer,60,1200000,700000
1268,Pampeana,mujer,47,400000,250000
1269,Cuyo,mujer,41,600000,650000
1270,Cuyo,mujer,55,300000,590000
1271,Pampeana,mujer,46,200000,250000
1272,Noroeste,varón,35,200000,200000
1273,Noroeste,varón,32,1000000,800000
1274,Noroeste,varón,29,1100000,700000
1275,Cuyo,varón,53,800000,900000
1276,Cuyo,varón,44,750000,1300000
1277,Gran Buenos Aires,varón,23,820000,850000
1278,Patagonia,varón,19,800000,800000
1279,Patagonia,mujer,25,800000,800000
1280,Cuyo,mujer,55,400000,400000
1281,Cuyo,varón,40,800000,250000
1282,Noroeste,varón,53,550000,500000
1283,Noroeste,varón,38,650000,800000
1284,Patagonia,varón,26,1100000,1200000
1285,Patagonia,varón,59,100000,250000
1286,Pampeana,varón,52,890000,980000
1287,Cuyo,varón,39,500000,2500000
1288,Patagonia,mujer,49,1300000,1400000
1289,Noroeste,mujer,42,250000,150000
1290,Noroeste,mujer,28,300000,150000
1291,Noroeste,varón,51,400000,150000
1292,Noroeste,varón,27,200000,400000
1293,Pampeana,varón,56,1500000,1600000
1294,Pampeana,mujer,48,80000,300000
1295,Pampeana,varón,25,400000,500000
1296,Cuyo,varón,39,800000,700000
1297,Noreste,mujer,53,800000,900000
1298,Pampeana,mujer,50,400000,2000000
1299,Pampeana,varón,48,2000000,1000000
1300,Patagonia,varón,48,2300000,2300000
1301,Cuyo,varón,48,600000,100000
1302,Cuyo,mujer,47,600000,400000
1303,Cuyo,mujer,56,500000,500000
1304,Cuyo,varón,25,800000,800000
1305,Cuyo,varón,27,850000,1000000
1306,Patagonia,varón,34,1000000,1200000
1307,Noroeste,varón,32,400000,380000
1308,Pampeana,varón,42,500000,400000
1309,Noroeste,mujer,46,300000,300000
1310,Noroeste,varón,29,300000,300000
1311,Noroeste,varón,25,200000,300000
1312,Noroeste,mujer,32,0,50000
1313,Pampeana,mujer,38,500000,1300000
1314,Pampeana,mujer,63,700000,700000
1315,Pampeana,mujer,25,400000,292000
1316,Cuyo,mujer,46,68000,65000
1317,Cuyo,varón,45,250000,500000
1318,Cuyo,varón,27,180000,300000
1319,Cuyo,mujer,37,500000,500000
1320,Noroeste,mujer,40,0,204000
1321,Noroeste,varón,44,300000,400000
1322,Cuyo,varón,49,700000,450000
1323,Cuyo,varón,33,400000,1200000
1324,Patagonia,mujer,51,300000,320000
1325,Patagonia,varón,56,800000,500000
1326,Patagonia,mujer,29,270000,380000
1327,Cuyo,mujer,46,500000,800000
1328,Cuyo,varón,47,1000000,1100000
1329,Noreste,mujer,48,90000,110000
1330,Noroeste,varón,29,800000,800000
1331,Noroeste,varón,35,200000,700000
1332,Noroeste,varón,33,1000000,900000
1333,Noreste,varón,36,300000,600000
1334,Noreste,varón,58,300000,500000
1335,Cuyo,varón,20,60000,100000
1336,Noroeste,varón,31,300000,600000
1337,Noroeste,varón,41,998000,1000000
1338,Cuyo,varón,37,1000000,1000000
1339,Cuyo,mujer,34,530000,630000
1340,Noroeste,varón,55,980000,1022000
1341,Cuyo,mujer,30,200000,0
1342,Cuyo,varón,30,200000,500000
1343,Noreste,varón,39,400000,200000
1344,Cuyo,varón,53,100000,400000
1345,Pampeana,mujer,50,700000,800000
1346,Pampeana,varón,46,1200000,960000
1347,Patagonia,mujer,50,1000000,950000
1348,Noroeste,varón,34,0,1030000
1349,Pampeana,mujer,43,680000,800000
1350,Noroeste,varón,48,2000000,2000000
1351,Noroeste,mujer,47,600000,700000
1352,Cuyo,varón,23,80000,200000
1353,Noreste,mujer,47,800000,700000
1354,Gran Buenos Aires,mujer,32,920000,1100000
1355,Noroeste,varón,48,600000,600000
1356,Pampeana,varón,42,800000,800000
1357,Noreste,varón,31,0,300000
1358,Pampeana,mujer,46,200000,200000
1359,Cuyo,mujer,56,180000,140000
1360,Pampeana,mujer,53,250000,250000
1361,Pampeana,mujer,32,500000,500000
1362,Cuyo,mujer,41,450000,350000
1363,Noroeste,mujer,61,110000,108000
1364,Noroeste,varón,31,380000,500000
1365,Patagonia,mujer,34,950000,950000
1366,Cuyo,mujer,47,96000,150000
1367,Patagonia,mujer,53,500000,300000
1368,Pampeana,mujer,39,950000,950000
1369,Cuyo,mujer,25,700000,700000
1370,Cuyo,varón,53,600000,400000
1371,Noroeste,varón,53,1200000,800000
1372,Noroeste,varón,25,0,0
1373,Noroeste,mujer,28,700000,400000
1374,Noroeste,varón,63,950000,900000
1375,Patagonia,varón,65,1000000,1300000
1376,Patagonia,varón,21,900000,1100000
1377,Patagonia,mujer,58,1000000,1200000
1378,Noroeste,varón,52,800000,800000
1379,Gran Buenos Aires,varón,62,1500000,1500000
1380,Noroeste,mujer,37,1100000,1000000
1381,Noroeste,varón,39,400000,800000
1382,Noroeste,varón,52,600000,600000
1383,Pampeana,mujer,37,1849000,1500000
1384,Noroeste,varón,61,1000000,1000000
1385,Noroeste,varón,25,600000,700000
1386,Noroeste,varón,22,600000,700000
1387,Pampeana,mujer,38,300000,300000
1388,Pampeana,varón,45,700000,1200000
1389,Noroeste,varón,19,0,0
1390,Noroeste,mujer,17,0,0
1391,Cuyo,varón,39,650000,780000
1392,Cuyo,mujer,31,500000,96000
1393,Gran Buenos Aires,mujer,36,100000,400000
1394,Noreste,varón,41,900000,900000
1395,Patagonia,mujer,19,200000,400000
1396,Patagonia,varón,21,1000000,400000
1397,Cuyo,varón,47,690000,600000
1398,Cuyo,varón,46,900000,700000
1399,Noroeste,mujer,73,80000,200000
1400,Noroeste,mujer,47,120000,112000
1401,Noroeste,varón,35,1000000,900000
1402,Noroeste,mujer,47,180000,400000
1403,Noroeste,varón,23,108000,240000
1404,Noroeste,varón,32,400000,500000
1405,Noroeste,varón,27,420000,500000
1406,Noroeste,varón,54,500000,600000
1407,Noreste,varón,35,300000,300000
1408,Noroeste,varón,58,300000,700000
1409,Gran Buenos Aires,mujer,45,600000,860000
1410,Gran Buenos Aires,varón,50,600000,500000
1411,Noroeste,varón,54,1000000,2200000
1412,Pampeana,varón,32,1200000,1000000
1413,Pampeana,varón,66,850000,1200000
1414,Pampeana,varón,34,300000,1000000
1415,Pampeana,varón,61,300000,500000
1416,Noroeste,varón,24,1300000,900000
1417,Cuyo,mujer,45,980000,1000000
1418,Cuyo,varón,47,900000,1500000
1419,Cuyo,varón,41,600000,700000
1420,Gran Buenos Aires,varón,45,750000,722000
1421,Noreste,varón,28,400000,300000
1422,Patagonia,varón,29,300000,500000
1423,Patagonia,varón,22,200000,500000
1424,Cuyo,varón,44,0,580000
1425,Cuyo,mujer,47,180000,400000
1426,Cuyo,mujer,21,0,0
1427,Noreste,varón,44,500000,400000
1428,Noroeste,mujer,42,150000,600000
1429,Gran Buenos Aires,varón,58,200000,1300000
1430,Gran Buenos Aires,varón,21,166000,530000
1431,Noreste,mujer,47,700000,900000
1432,Cuyo,varón,64,650000,600000
1433,Noreste,varón,56,400000,600000
1434,Noreste,mujer,55,400000,400000
1435,Gran Buenos Aires,varón,49,1500000,1800000
1436,Pampeana,varón,35,1400000,1500000
1437,Noreste,mujer,46,300000,300000
1438,Noreste,varón,26,120000,160000
1439,Patagonia,varón,36,500000,500000
1440,Patagonia,mujer,30,300000,380000
1441,Cuyo,varón,30,600000,700000
1442,Pampeana,mujer,42,300000,950000
1443,Noroeste,mujer,36,250000,800000
1444,Pampeana,mujer,44,1900000,2100000
1445,Pampeana,varón,47,900000,1000000
1446,Pampeana,mujer,22,140000,250000
1447,Patagonia,mujer,47,1200000,1200000
1448,Pampeana,mujer,40,380000,600000
1449,Noreste,mujer,52,150000,180000
1450,Patagonia,mujer,44,1400000,1800000
1451,Noreste,varón,47,350000,500000
1452,Patagonia,mujer,35,1400000,1000000
1453,Noroeste,varón,56,800000,1800000
1454,Noroeste,varón,26,800000,1200000
1455,Cuyo,varón,19,1200000,1000000
1456,Pampeana,varón,53,2000000,2000000
1457,Pampeana,mujer,44,480000,700000
1458,Pampeana,varón,50,400000,400000
1459,Pampeana,varón,58,650000,700000
1460,Patagonia,varón,29,480000,600000
1461,Patagonia,varón,27,480000,600000
1462,Patagonia,mujer,57,800000,980000
1463,Gran Buenos Aires,mujer,50,500000,500000
1464,Gran Buenos Aires,mujer,20,350000,500000
1465,Noreste,varón,45,95000,230000
1466,Patagonia,varón,43,1200000,1000000
1467,Patagonia,mujer,32,650000,600000
1468,Noroeste,varón,59,250000,840000
1469,Noroeste,varón,33,300000,720000
1470,Noroeste,varón,27,500000,200000
1471,Pampeana,mujer,34,250000,300000
1472,Pampeana,varón,32,350000,400000
1473,Pampeana,mujer,33,800000,800000
1474,Pampeana,varón,63,1000000,1000000
1475,Gran Buenos Aires,varón,61,1000000,500000
1476,Pampeana,mujer,36,925000,1000000
1477,Noroeste,varón,58,410000,420000
1478,Noroeste,mujer,53,150000,200000
1479,Noroeste,mujer,34,350000,400000
1480,Pampeana,varón,66,700000,900000
1481,Cuyo,varón,61,900000,750000
1482,Cuyo,mujer,28,600000,680000
1483,Patagonia,mujer,38,400000,350000
1484,Gran Buenos Aires,mujer,38,700000,300000
1485,Noroeste,varón,31,400000,400000
1486,Noroeste,mujer,35,450000,300000
1487,Gran Buenos Aires,mujer,49,300000,900000
1488,Gran Buenos Aires,mujer,21,320000,350000
1489,Noroeste,mujer,57,180000,240000
1490,Noroeste,mujer,26,800000,800000
1491,Noreste,mujer,54,900000,900000
1492,Noreste,varón,65,240000,250000
1493,Pampeana,varón,30,700000,650000
1494,Noroeste,mujer,32,700000,800000
1495,Patagonia,varón,41,1000000,1300000
1496,Pampeana,mujer,46,350000,600000
1497,Pampeana,varón,55,650000,890000
1498,Gran Buenos Aires,varón,51,2300000,4000000
1499,Gran Buenos Aires,mujer,51,2100000,2500000
1500,Patagonia,mujer,28,90000,180000
1501,Noroeste,mujer,57,120000,120000
1502,Cuyo,mujer,58,600000,750000
1503,Noreste,mujer,62,700000,900000
1504,Noreste,mujer,37,30000,250000
1505,Patagonia,varón,26,700000,500000
1506,Patagonia,varón,26,700000,400000
1507,Gran Buenos Aires,mujer,27,500000,307000
1508,Pampeana,varón,56,1000000,1000000
1509,Pampeana,mujer,62,400000,1200000
1510,Pampeana,varón,28,600000,1000000
1511,Gran Buenos Aires,mujer,59,930000,900000
1512,Cuyo,mujer,53,275000,320000
1513,Noroeste,mujer,47,200000,120000
1514,Cuyo,mujer,47,600000,830000
1515,Gran Buenos Aires,mujer,29,800000,400000
1516,Noreste,varón,35,250000,420000
1517,Pampeana,mujer,57,150000,150000
1518,Pampeana,mujer,27,240000,60000
1519,Cuyo,varón,47,400000,420000
1520,Cuyo,mujer,44,780000,980000
1521,Noroeste,varón,61,500000,520000
1522,Noroeste,mujer,62,700000,700000
1523,Pampeana,varón,60,825000,580000
1524,Noreste,varón,58,360000,360000
1525,Pampeana,mujer,60,67200,80000
1526,Pampeana,varón,42,1000000,1000000
1527,Pampeana,mujer,40,200000,750000
1528,Gran Buenos Aires,varón,66,1000000,1750000
1529,Pampeana,varón,35,1000000,3000000
1530,Pampeana,mujer,33,900000,1400000
1531,Noroeste,mujer,30,800000,1480000
1532,Cuyo,varón,63,750000,1000000
1533,Noreste,mujer,45,540000,660000
1534,Noreste,varón,51,800000,1500000
1535,Patagonia,varón,66,1600000,1800000
1536,Cuyo,mujer,49,480000,450000
1537,Cuyo,varón,22,480000,720000
1538,Noroeste,varón,49,265000,265000
1539,Noroeste,mujer,38,490000,490000
1540,Noroeste,mujer,49,700000,800000
1541,Gran Buenos Aires,mujer,46,1500000,1500000
1542,Patagonia,varón,23,1200000,1400000
1543,Pampeana,varón,56,520000,1000000
1544,Pampeana,mujer,58,800000,1000000
1545,Pampeana,mujer,26,500000,1000000
1546,Gran Buenos Aires,varón,47,4000000,3000000
1547,Pampeana,varón,51,2000000,2000000
1548,Cuyo,varón,41,850000,280000
1549,Noroeste,mujer,47,860000,1100000
1550,Cuyo,varón,19,600000,900000
1551,Gran Buenos Aires,mujer,32,950000,900000
1552,Pampeana,mujer,54,900000,1200000
1553,Noroeste,varón,39,800000,900000
1554,Noroeste,varón,54,300000,400000
1555,Cuyo,mujer,25,400000,320000
1556,Noreste,mujer,26,300000,300000
1557,Noroeste,varón,39,900000,950000
1558,Noroeste,mujer,36,500000,650000
1559,Noroeste,mujer,34,250000,250000
1560,Pampeana,mujer,54,1300000,1400000
1561,Noroeste,mujer,61,20000,220000
1562,Pampeana,varón,52,500000,700000
1563,Noroeste,varón,36,360000,400000
1564,Noroeste,varón,26,380000,280000
1565,Noroeste,varón,21,900000,500000
1566,Noroeste,mujer,21,500000,400000
1567,Patagonia,varón,35,1600000,1700000
1568,Patagonia,mujer,41,1000000,1500000
1569,Pampeana,varón,41,800000,800000
1570,Pampeana,mujer,39,600000,900000
1571,Cuyo,varón,38,720000,800000
1572,Gran Buenos Aires,varón,35,700000,700000
1573,Noroeste,varón,54,400000,400000
1574,Noroeste,mujer,54,300000,300000
1575,Noroeste,varón,36,720000,400000
1576,Noroeste,mujer,32,300000,0
1577,Noreste,mujer,50,400000,480000
1578,Pampeana,varón,38,700000,800000
1579,Noreste,varón,35,700000,900000
1580,Noroeste,varón,37,600000,900000
1581,Patagonia,varón,31,380000,500000
1582,Gran Buenos Aires,mujer,29,900000,1000000
1583,Gran Buenos Aires,varón,30,900000,1500000
1584,Pampeana,mujer,49,1400000,1500000
1585,Cuyo,varón,63,600000,700000
1586,Noreste,varón,69,600000,900000
1587,Noroeste,varón,29,200000,192000
1588,Noroeste,varón,50,500000,500000
1589,Gran Buenos Aires,mujer,45,8000,40000
1590,Gran Buenos Aires,varón,44,20000,590000
1591,Gran Buenos Aires,mujer,49,1500000,3000000
1592,Pampeana,varón,50,3500000,3800000
1593,Pampeana,varón,48,800000,1000000
1594,Noreste,varón,50,800000,800000
1595,Pampeana,mujer,41,500000,500000
1596,Noroeste,mujer,53,1200000,800000
1597,Noroeste,varón,55,430000,800000
1598,Cuyo,varón,20,300000,400000
1599,Pampeana,mujer,25,40000,50000
1600,Noroeste,mujer,29,300000,250000
1601,Noroeste,mujer,39,500000,300000
1602,Noroeste,mujer,36,400000,350000
1603,Patagonia,varón,47,1500000,2700000
1604,Patagonia,mujer,51,1500000,1600000
1605,Pampeana,mujer,27,600000,600000
1606,Cuyo,varón,45,700000,800000
1607,Cuyo,mujer,50,800000,820000
1608,Pampeana,varón,28,939000,1000000
1609,Cuyo,varón,42,1300000,1800000
1610,Noroeste,mujer,55,182400,86800
1611,Cuyo,varón,63,5000000,5000000
1612,Pampeana,varón,60,500000,500000
1613,Pampeana,mujer,60,1200000,1000000
1614,Pampeana,mujer,27,200000,700000
1615,Cuyo,varón,61,600000,650000
1616,Gran Buenos Aires,mujer,56,300000,300000
1617,Noroeste,varón,25,258000,268000
1618,Noroeste,mujer,24,300000,450000
1619,Noroeste,varón,62,700000,300000
1620,Noroeste,mujer,33,800000,800000
1621,Gran Buenos Aires,varón,70,1000000,1200000
1622,Gran Buenos Aires,mujer,38,100000,400000
1623,Patagonia,varón,44,2000000,1800000
1624,Pampeana,varón,58,700000,800000
1625,Pampeana,mujer,50,200000,180000
1626,Pampeana,varón,34,150000,640000
1627,Noroeste,mujer,64,60000,48000
1628,Pampeana,mujer,50,700000,800000
1629,Pampeana,varón,44,1800000,2000000
1630,Noreste,varón,35,800000,1200000
1631,Noreste,mujer,32,280000,350000
1632,Pampeana,varón,58,2000000,2500000
1633,Pampeana,mujer,37,450000,600000
1634,Pampeana,varón,37,300000,600000
1635,Noroeste,varón,36,0,600000
1636,Noroeste,varón,45,1000000,1300000
1637,Noroeste,mujer,44,2000000,2000000
1638,Patagonia,mujer,35,0,400000
1639,Pampeana,varón,50,1500000,900000
1640,Noroeste,mujer,35,200000,218000
1641,Noroeste,varón,48,800000,500000
1642,Noroeste,mujer,44,432000,400000
1643,Noroeste,varón,22,460000,400000
1644,Noroeste,mujer,31,2200000,1234000
1645,Gran Buenos Aires,varón,24,400000,500000
1646,Gran Buenos Aires,varón,63,1700000,800000
1647,Pampeana,mujer,43,720000,900000
1648,Pampeana,varón,45,720000,700000
1649,Noroeste,varón,56,600000,1210000
1650,Noroeste,mujer,51,500000,980000
1651,Noroeste,varón,28,600000,1200000
1652,Pampeana,varón,54,600000,500000
1653,Pampeana,mujer,32,150000,100000
1654,Pampeana,varón,16,100000,300000
1655,Noroeste,varón,63,500000,800000
1656,Noroeste,varón,26,200000,100000
1657,Cuyo,mujer,38,400000,400000
1658,Noreste,varón,65,500000,800000
1659,Noroeste,varón,32,1000000,840000
1660,Noroeste,mujer,46,200000,200000
1661,Noroeste,mujer,21,56000,108000
1662,Noroeste,varón,51,1000000,1200000
1663,Pampeana,varón,45,500000,1000000
1664,Patagonia,varón,43,1200000,1000000
1665,Noreste,mujer,39,400000,450000
1666,Noroeste,varón,59,1000000,1500000
1667,Patagonia,varón,24,1000000,1300000
1668,Gran Buenos Aires,mujer,43,400000,400000
1669,Cuyo,varón,67,3000000,3500000
1670,Cuyo,mujer,27,350000,750000
1671,Patagonia,varón,29,2000000,500000
1672,Noroeste,varón,45,1300000,1500000
1673,Noroeste,mujer,45,300000,500000
1674,Noroeste,varón,24,650000,680000
1675,Gran Buenos Aires,varón,38,600000,600000
1676,Noroeste,varón,57,100000,720000
1677,Gran Buenos Aires,varón,49,175000,2000000
1678,Pampeana,varón,40,1000000,1200000
1679,Noreste,mujer,59,500000,600000
1680,Noreste,mujer,25,300000,340000
1681,Noroeste,varón,43,990000,1300000
1682,Noroeste,varón,73,240000,200000
1683,Noroeste,mujer,30,400000,600000
1684,Noroeste,varón,29,700000,1000000
1685,Noroeste,varón,37,750000,600000
1686,Noroeste,mujer,30,70000,200000
1687,Noroeste,varón,36,400000,0
1688,Noroeste,mujer,38,450000,714000
1689,Pampeana,varón,48,1250000,1100000
1690,Noroeste,mujer,60,2000000,350000
1691,Gran Buenos Aires,mujer,64,200000,250000
1692,Pampeana,mujer,37,500000,3000000
1693,Noroeste,varón,36,900000,1300000
1694,Noroeste,mujer,33,600000,600000
1695,Patagonia,varón,32,1300000,1500000
1696,Patagonia,mujer,36,950000,1100000
1697,Noroeste,varón,25,600000,500000
1698,Noroeste,varón,24,800000,400000
1699,Noroeste,varón,20,400000,500000
1700,Cuyo,varón,30,380000,60000
1701,Cuyo,mujer,27,480000,550000
1702,Noroeste,mujer,52,1800000,1000000
1703,Pampeana,mujer,47,1100000,1500000
1704,Pampeana,varón,64,0,200000
1705,Pampeana,varón,64,0,200000
1706,Noroeste,varón,44,600000,600000
1707,Noroeste,varón,32,650000,600000
1708,Noroeste,mujer,37,1500000,1000000
1709,Noroeste,mujer,60,400000,1500000
1710,Noroeste,varón,34,300000,500000
1711,Noroeste,varón,46,1900000,1500000
1712,Noroeste,varón,49,900000,600000
1713,Pampeana,mujer,27,0,380000
1714,Patagonia,varón,45,1200000,910000
1715,Patagonia,mujer,44,1100000,800000
1716,Pampeana,varón,50,900000,700000
1717,Patagonia,varón,67,1500000,1500000
1718,Patagonia,mujer,32,500000,300000
1719,Noroeste,mujer,34,450000,810000
1720,Pampeana,varón,28,1500000,1500000
1721,Pampeana,varón,47,3000000,3000000
1722,Pampeana,mujer,44,650000,830000
1723,Patagonia,mujer,35,500000,1000000
1724,Noroeste,varón,72,150000,800000
1725,Noroeste,mujer,44,500000,560000
1726,Noroeste,varón,45,300000,0
1727,Pampeana,mujer,57,200000,150000
1728,Patagonia,varón,26,1500000,900000
1729,Gran Buenos Aires,mujer,40,100000,450000
1730,Gran Buenos Aires,varón,41,1000000,450000
1731,Pampeana,varón,51,0,400000
1732,Patagonia,mujer,40,900000,900000
1733,Gran Buenos Aires,mujer,52,650000,1200000
1734,Gran Buenos Aires,mujer,39,200000,1000000
1735,Noroeste,mujer,48,395000,510000
1736,Noroeste,varón,48,360000,520000
1737,Noreste,mujer,31,25000,50000
1738,Noreste,varón,37,1470000,1000000
1739,Noroeste,varón,52,560000,900000
1740,Noroeste,mujer,52,600000,600000
1741,Noroeste,varón,35,400000,500000
1742,Patagonia,varón,53,700000,900000
1743,Pampeana,varón,32,900000,950000
1744,Pampeana,varón,45,600000,450000
1745,Noroeste,mujer,50,580000,800000
1746,Noroeste,varón,44,600000,900000
1747,Patagonia,varón,38,600000,408000
1748,Gran Buenos Aires,varón,57,1000000,1100000
1749,Patagonia,varón,54,700000,800000
1750,Pampeana,mujer,45,187000,400000
1751,Pampeana,varón,25,600000,250000
1752,Noroeste,mujer,38,450000,622000
1753,Noroeste,varón,31,800000,990000
1754,Patagonia,varón,46,400000,200000
1755,Patagonia,varón,41,1350000,1000000
1756,Noroeste,varón,53,150000,600000
1757,Noroeste,varón,23,0,400000
1758,Noroeste,mujer,27,350000,250000
1759,Noreste,varón,43,800000,800000
1760,Pampeana,mujer,55,280000,240000
1761,Pampeana,varón,59,500000,480000
1762,Pampeana,mujer,56,80000,180000
1763,Gran Buenos Aires,varón,59,360000,500000
1764,Cuyo,mujer,40,600000,500000
1765,Noroeste,varón,39,300000,500000
1766,Cuyo,mujer,51,540000,288000
1767,Cuyo,varón,23,500000,288000
1768,Noroeste,mujer,56,640000,650000
1769,Noroeste,mujer,35,800000,290000
1770,Noroeste,varón,39,600000,400000
1771,Noroeste,varón,24,230000,720000
1772,Noroeste,varón,23,320000,600000
1773,Noroeste,varón,19,320000,600000
1774,Cuyo,varón,49,200000,1000000
1775,Patagonia,varón,50,300000,450000
1776,Pampeana,mujer,44,1700000,1800000
1777,Noreste,mujer,46,280000,300000
1778,Noroeste,varón,32,359000,380000
1779,Noroeste,mujer,45,72000,84000
1780,Noroeste,varón,44,150000,600000
1781,Gran Buenos Aires,mujer,30,500000,900000
1782,Patagonia,varón,33,1800000,2500000
1783,Pampeana,mujer,32,900000,1000000
1784,Cuyo,mujer,54,320000,350000
1785,Cuyo,mujer,39,550000,750000
1786,Patagonia,varón,59,1800000,2200000
1787,Noroeste,varón,24,100000,300000
1788,Cuyo,varón,39,700000,620000
1789,Patagonia,varón,41,1900000,1600000
1790,Pampeana,varón,24,950000,1400000
1791,Gran Buenos Aires,mujer,53,500000,500000
1792,Pampeana,mujer,39,1200000,1200000
1793,Pampeana,varón,41,1500000,2000000
1794,Cuyo,varón,50,300000,300000
1795,Cuyo,varón,23,300000,500000
1796,Noroeste,mujer,46,192000,120000
1797,Noreste,varón,39,725000,250000
1798,Noreste,mujer,28,725000,300000
1799,Pampeana,mujer,40,1200000,1000000
1800,Pampeana,varón,36,250000,400000
1801,Noroeste,varón,29,900000,600000
1802,Noroeste,mujer,26,900000,700000
1803,Noroeste,varón,23,600000,0
1804,Noroeste,varón,32,800000,500000
1805,Patagonia,varón,28,1000000,1300000
1806,Cuyo,mujer,29,400000,480000
1807,Gran Buenos Aires,mujer,41,700000,1000000
1808,Gran Buenos Aires,varón,45,700000,900000
1809,Pampeana,mujer,49,600000,750000
1810,Noreste,mujer,47,400000,320000
1811,Noreste,mujer,24,400000,210000
1812,Pampeana,varón,41,4800000,4800000
1813,Cuyo,varón,53,860000,750000
1814,Noroeste,varón,43,900000,700000
1815,Noroeste,mujer,40,500000,600000
1816,Noroeste,mujer,38,950000,700000
1817,Cuyo,varón,29,250000,400000
1818,Gran Buenos Aires,varón,25,1500000,2000000
1819,Cuyo,varón,57,800000,900000
1820,Pampeana,varón,56,2000000,2500000
1821,Noroeste,varón,36,700000,700000
1822,Noroeste,varón,26,200000,400000
1823,Cuyo,varón,56,650000,1600000
1824,Pampeana,varón,37,480000,400000
1825,Pampeana,mujer,30,0,1000000
1826,Cuyo,mujer,41,980000,600000
1827,Noroeste,varón,40,300000,450000
1828,Pampeana,mujer,56,120000,350000
1829,Noreste,mujer,50,450000,540000
1830,Noreste,varón,52,600000,540000
1831,Noroeste,varón,41,400000,500000
1832,Cuyo,mujer,24,300000,70000
1833,Cuyo,varón,28,150000,500000
1834,Pampeana,mujer,22,0,220000
1835,Noroeste,mujer,41,78000,700000
1836,Pampeana,mujer,38,375000,1400000
1837,Noreste,varón,48,500000,600000
1838,Pampeana,varón,59,1200000,1100000
1839,Pampeana,varón,27,800000,800000
1840,Pampeana,varón,24,800000,1220000
1841,Pampeana,varón,46,700000,870000
1842,Pampeana,mujer,40,980000,700000
1843,Cuyo,mujer,48,1200000,1000000
1844,Pampeana,varón,48,600000,600000
1845,Cuyo,varón,43,300000,600000
1846,Pampeana,varón,34,320000,320000
1847,Noroeste,mujer,46,700000,800000
1848,Noroeste,varón,27,200000,200000
1849,Noroeste,mujer,24,300000,320000
1850,Pampeana,varón,36,1000000,1100000
1851,Pampeana,mujer,60,340000,0
1852,Pampeana,mujer,36,60000,160000
1853,Gran Buenos Aires,mujer,55,660000,767000
1854,Patagonia,mujer,68,180000,400000
1855,Pampeana,varón,58,860000,900000
1856,Pampeana,varón,46,1500000,1000000
1857,Pampeana,mujer,52,700000,700000
1858,Pampeana,mujer,39,800000,890000
1859,Pampeana,varón,41,250000,500000
1860,Cuyo,mujer,58,750000,900000
1861,Cuyo,mujer,34,420000,200000
1862,Cuyo,mujer,35,600000,700000
1863,Pampeana,varón,40,600000,1000000
1864,Noroeste,mujer,41,78000,78000
1865,Gran Buenos Aires,varón,45,400000,1500000
1866,Pampeana,varón,30,1200000,2900000
1867,Patagonia,varón,39,1800000,2100000
1868,Cuyo,mujer,51,400000,400000
1869,Cuyo,varón,24,400000,450000
1870,Cuyo,mujer,53,335000,335000
1871,Noroeste,varón,35,200000,300000
1872,Noroeste,varón,32,150000,300000
1873,Pampeana,varón,32,1300000,950000
1874,Noroeste,mujer,65,50000,640000
1875,Noroeste,mujer,43,400000,600000
1876,Patagonia,varón,41,780000,1400000
1877,Cuyo,mujer,37,640000,560000
1878,Cuyo,varón,39,320000,500000
1879,Patagonia,mujer,50,320000,104000
1880,Pampeana,varón,32,48000,900000
1881,Noreste,mujer,44,600000,850000
1882,Noreste,varón,20,280000,500000
1883,Noroeste,mujer,43,350000,400000
1884,Noroeste,varón,26,500000,600000
1885,Noroeste,varón,43,1000000,2500000
1886,Noroeste,varón,52,400000,500000
1887,Noroeste,varón,25,350000,850000
1888,Noroeste,varón,23,200000,200000
1889,Cuyo,varón,40,720000,450000
1890,Pampeana,mujer,60,365000,300000
1891,Pampeana,mujer,29,900000,500000
1892,Pampeana,varón,38,900000,1000000
1893,Noroeste,mujer,53,700000,900000
1894,Noroeste,mujer,63,570000,580000
1895,Noroeste,varón,69,380000,380000
1896,Noroeste,varón,28,400000,200000
1897,Noroeste,varón,45,500000,300000
1898,Noroeste,varón,39,300000,350000
1899,Noroeste,mujer,34,300000,350000
1900,Noroeste,mujer,38,300000,340000
1901,Cuyo,varón,63,800000,1000000
1902,Pampeana,varón,57,990000,1000000
1903,Pampeana,mujer,52,1800000,900000
1904,Pampeana,varón,38,800000,1400000
1905,Pampeana,varón,42,400000,400000
1906,Pampeana,mujer,43,400000,300000
1907,Cuyo,varón,41,600000,400000
1908,Cuyo,varón,51,340000,500000
1909,Noroeste,mujer,35,550000,450000
1910,Noroeste,varón,33,420000,320000
1911,Pampeana,varón,58,1500000,1500000
1912,Noroeste,varón,31,1000000,500000
1913,Pampeana,mujer,40,90000,120000
1914,Pampeana,varón,45,600000,600000
1915,Pampeana,mujer,20,600000,600000
1916,Pampeana,mujer,43,500000,0
1917,Pampeana,varón,22,0,450000
1918,Noroeste,varón,49,600000,700000
1919,Noreste,varón,54,80000,180000
1920,Pampeana,mujer,40,800000,400000
1921,Pampeana,varón,42,0,750000
1922,Cuyo,varón,36,300000,200000
1923,Cuyo,mujer,38,200000,280000
1924,Gran Buenos Aires,varón,48,550000,600000
1925,Noroeste,varón,41,860000,950000
1926,Noroeste,mujer,69,360000,420000
1927,Noroeste,mujer,36,320000,360000
1928,Noroeste,varón,34,220000,270000
1929,Pampeana,varón,29,1500000,400000
1930,Pampeana,mujer,26,1500000,400000
1931,Noroeste,varón,36,1000000,850000
1932,Noroeste,mujer,50,1400000,1500000
1933,Noroeste,mujer,29,200000,230000
1934,Noreste,varón,40,480000,500000
1935,Pampeana,varón,27,200000,200000
1936,Pampeana,varón,21,150000,180000
1937,Noroeste,mujer,46,650000,750000
1938,Noroeste,varón,45,1200000,1500000
1939,Pampeana,mujer,50,700000,700000
1940,Noroeste,varón,24,300000,400000
1941,Pampeana,varón,40,1800000,2000000
1942,Cuyo,mujer,38,460000,600000
1943,Cuyo,mujer,44,440000,400000
1944,Cuyo,varón,43,1350000,1500000
1945,Cuyo,varón,20,750000,900000
1946,Patagonia,mujer,51,1200000,1200000
1947,Noroeste,varón,49,900000,1100000
1948,Noroeste,varón,23,400000,600000
1949,Noroeste,varón,21,700000,800000
1950,Gran Buenos Aires,mujer,29,300000,200000
1951,Pampeana,varón,49,1000000,1300000
1952,Pampeana,mujer,52,550000,700000
1953,Pampeana,varón,39,400000,600000
1954,Noroeste,varón,40,800000,600000
1955,Pampeana,varón,37,850000,500000
1956,Pampeana,mujer,33,600000,400000
1957,Noroeste,mujer,45,40000,160000
1958,Noroeste,varón,42,300000,380000
1959,Noroeste,mujer,37,800000,800000
1960,Noroeste,mujer,62,680000,700000
1961,Pampeana,mujer,58,800000,900000
1962,Noreste,varón,24,400000,300000
1963,Noroeste,mujer,29,100000,240000
1964,Cuyo,varón,39,1300000,1000000
1965,Noroeste,mujer,43,200000,320000
1966,Noroeste,mujer,26,100000,240000
1967,Noroeste,varón,24,150000,240000
1968,Cuyo,varón,36,370000,1000000
1969,Gran Buenos Aires,varón,44,3000000,2000000
1970,Noroeste,varón,47,320000,400000
1971,Noroeste,varón,33,350000,400000
1972,Noroeste,mujer,59,200000,336000
1973,Pampeana,varón,26,700000,800000
1974,Pampeana,mujer,63,200000,180000
1975,Pampeana,mujer,43,700000,490000
1976,Noroeste,mujer,42,200000,50000
1977,Noroeste,varón,34,600000,800000
1978,Noreste,varón,39,800000,700000
1979,Noroeste,varón,47,120000,450000
1980,Noroeste,mujer,40,1200000,900000
1981,Noreste,mujer,64,1200000,1350000
1982,Patagonia,varón,27,1200000,1200000
1983,Noroeste,varón,29,200000,0
1984,Pampeana,mujer,42,1295000,1200000
1985,Gran Buenos Aires,varón,24,850000,1050000
1986,Pampeana,mujer,55,1000000,1100000
1987,Pampeana,varón,50,400000,450000
1988,Pampeana,mujer,51,350000,500000
1989,Noroeste,mujer,39,100000,120000
1990,Cuyo,varón,34,200000,0
1991,Cuyo,mujer,36,800000,1100000
1992,Cuyo,varón,32,700000,980000
1993,Noroeste,varón,43,300000,400000
1994,Pampeana,mujer,47,200000,300000
1995,Pampeana,varón,23,200000,450000
1996,Noroeste,varón,64,900000,800000
1997,Pampeana,mujer,44,250000,250000
1998,Gran Buenos Aires,varón,42,700000,700000
1999,Gran Buenos Aires,varón,32,800000,700000
2000,Noroeste,varón,38,600000,800000
2001,Noroeste,mujer,44,700000,810000
2002,Noreste,mujer,45,600000,500000
2003,Noroeste,varón,47,500000,650000
2004,Noreste,varón,32,950000,1600000
2005,Pampeana,mujer,56,40000,120000
2006,Patagonia,varón,26,500000,500000
2007,Pampeana,varón,49,1000000,500000
2008,Pampeana,mujer,47,220000,480000
2009,Pampeana,varón,30,600000,480000
2010,Cuyo,varón,40,500000,500000
2011,Pampeana,mujer,21,200000,0
2012,Pampeana,varón,60,300000,400000
2013,Pampeana,varón,22,400000,400000
2014,Noroeste,mujer,54,400000,50000
2015,Pampeana,mujer,53,600000,800000
2016,Noroeste,mujer,39,600000,700000
2017,Patagonia,mujer,48,300000,300000
2018,Pampeana,mujer,59,50000,90000
2019,Pampeana,varón,44,1300000,1400000
2020,Pampeana,varón,49,900000,1600000
2021,Noroeste,varón,50,490000,550000
2022,Noroeste,mujer,45,490000,550000
2023,Noroeste,mujer,26,200000,520000
2024,Noroeste,varón,37,500000,350000
2025,Patagonia,mujer,40,1000000,1000000
2026,Patagonia,varón,43,900000,1300000
2027,Noreste,varón,38,500000,500000
2028,Noroeste,mujer,54,144000,240000
2029,Noroeste,mujer,30,320000,300000
2030,Noroeste,varón,27,360000,480000
2031,Noroeste,varón,27,260000,480000
2032,Cuyo,mujer,26,700000,700000
2033,Cuyo,mujer,25,600000,700000
2034,Gran Buenos Aires,varón,66,1500000,1500000
2035,Noroeste,mujer,44,400000,360000
2036,Noroeste,mujer,21,0,180000
2037,Noroeste,varón,30,600000,400000
2038,Cuyo,varón,38,1200000,1500000
2039,Noroeste,varón,36,200000,600000
2040,Noroeste,mujer,34,240000,240000
2041,Noreste,varón,36,540000,0
2042,Cuyo,varón,48,2500000,1900000
2043,Cuyo,mujer,23,200000,150000
2044,Noreste,varón,58,350000,400000
2045,Noreste,varón,31,300000,300000
2046,Noreste,mujer,27,300000,320000
2047,Noroeste,varón,42,400000,700000
2048,Noroeste,varón,19,300000,400000
2049,Pampeana,varón,41,900000,1300000
2050,Pampeana,mujer,39,480000,200000
2051,Pampeana,varón,57,900000,900000
2052,Patagonia,mujer,48,800000,1500000
2053,Pampeana,varón,29,800000,900000
2054,Noroeste,varón,58,1500000,1400000
2055,Gran Buenos Aires,varón,49,2000000,1800000
2056,Gran Buenos Aires,varón,21,1500000,1200000
2057,Noroeste,varón,27,300000,240000
2058,Pampeana,mujer,48,1100000,1000000
2059,Noroeste,mujer,40,500000,800000
2060,Pampeana,mujer,35,600000,400000
2061,Pampeana,varón,36,1116000,1300000
2062,Patagonia,mujer,40,3000000,3000000
2063,Noreste,mujer,48,400000,400000
2064,Noreste,mujer,22,400000,460000
2065,Noroeste,varón,63,200000,350000
2066,Gran Buenos Aires,mujer,34,150000,320000
2067,Pampeana,mujer,59,480000,850000
2068,Pampeana,mujer,30,800000,1500000
2069,Patagonia,mujer,43,800000,1000000
2070,Noroeste,varón,50,600000,800000
2071,Noroeste,mujer,24,260000,400000
2072,Noroeste,mujer,52,160000,200000
2073,Noroeste,mujer,31,170000,110000
2074,Pampeana,mujer,27,800000,1200000
2075,Gran Buenos Aires,mujer,58,200000,125000
2076,Patagonia,mujer,59,1100000,2500000
2077,Noreste,varón,62,300000,78000
2078,Noreste,varón,23,280000,300000
2079,Noreste,mujer,22,250000,270000
2080,Gran Buenos Aires,varón,64,400000,500000
2081,Pampeana,mujer,59,330000,310000
2082,Gran Buenos Aires,varón,51,900000,1600000
2083,Patagonia,varón,45,650000,780000
2084,Patagonia,mujer,46,150000,300000
2085,Pampeana,varón,30,930000,1000000
2086,Pampeana,mujer,30,800000,1000000
2087,Gran Buenos Aires,varón,31,1200000,1200000
2088,Patagonia,mujer,43,650000,950000
2089,Gran Buenos Aires,mujer,34,350000,400000
2090,Patagonia,varón,62,2500000,2000000
2091,Gran Buenos Aires,mujer,45,700000,900000
2092,Noroeste,mujer,45,600000,700000
2093,Gran Buenos Aires,mujer,39,432000,300000
2094,Pampeana,varón,36,800000,900000
2095,Pampeana,varón,56,2000000,1300000
2096,Pampeana,mujer,54,1300000,1200000
2097,Noroeste,varón,30,150000,200000
2098,Noroeste,varón,26,450000,350000
2099,Pampeana,varón,39,1000000,800000
2100,Pampeana,mujer,30,1500000,1300000
2101,Pampeana,mujer,60,250000,300000
2102,Noreste,varón,36,700000,700000
2103,Noroeste,mujer,66,400000,500000
2104,Noreste,varón,54,600000,890000
2105,Noroeste,mujer,48,200000,300000
2106,Gran Buenos Aires,varón,37,800000,700000
2107,Pampeana,varón,51,800000,1280000
2108,Pampeana,varón,52,1200000,1200000
2109,Pampeana,mujer,43,2500000,3000000
2110,Cuyo,mujer,43,0,500000
2111,Cuyo,mujer,25,400000,300000
2112,Gran Buenos Aires,mujer,24,505000,600000
2113,Gran Buenos Aires,varón,24,900000,1000000
2114,Patagonia,mujer,46,1500000,1300000
2115,Patagonia,varón,51,2500000,4000000
2116,Patagonia,varón,55,2000000,1500000
2117,Pampeana,varón,43,1450000,1200000
2118,Pampeana,varón,51,650000,800000
2119,Pampeana,mujer,32,900000,100000
2120,Patagonia,mujer,58,1000000,1300000
2121,Patagonia,varón,36,1500000,2000000
2122,Gran Buenos Aires,mujer,38,700000,850000
2123,Patagonia,mujer,38,1000000,1000000
2124,Patagonia,mujer,21,700000,500000
2125,Patagonia,varón,21,1200000,1200000
2126,Patagonia,mujer,37,3000000,1000000
2127,Cuyo,varón,30,510000,700000
2128,Pampeana,varón,20,160000,300000
2129,Noroeste,varón,55,450000,500000
2130,Patagonia,mujer,55,850000,900000
2131,Patagonia,mujer,30,900000,1000000
2132,Patagonia,varón,28,600000,1100000
2133,Pampeana,varón,21,580000,700000
2134,Patagonia,varón,29,2000000,2500000
2135,Patagonia,mujer,29,350000,400000
2136,Pampeana,mujer,34,400000,500000
2137,Pampeana,varón,34,1000000,1100000
2138,Patagonia,varón,43,3500000,5000000
2139,Patagonia,mujer,37,1000000,1200000
2140,Patagonia,mujer,47,3000000,3000000
2141,Noroeste,varón,58,700000,1100000
2142,Noroeste,varón,22,500000,800000
2143,Pampeana,varón,31,700000,700000
2144,Pampeana,mujer,25,550000,700000
2145,Pampeana,mujer,47,1000000,1200000
2146,Pampeana,varón,43,200000,230000
2147,Pampeana,mujer,41,190000,200000
2148,Pampeana,mujer,35,1200000,900000
2149,Pampeana,varón,31,900000,1000000
2150,Noreste,mujer,63,156000,180000
2151,Patagonia,varón,51,1700000,1200000
2152,Noroeste,varón,61,400000,500000
2153,Noroeste,varón,22,200000,1000000
2154,Pampeana,mujer,35,800000,500000
2155,Pampeana,varón,30,600000,500000
2156,Noroeste,mujer,49,800000,800000
2157,Gran Buenos Aires,varón,59,120000,600000
2158,Patagonia,varón,48,850000,750000
2159,Pampeana,varón,22,300000,400000
2160,Pampeana,mujer,41,300000,180000
2161,Pampeana,varón,44,800000,800000
2162,Noroeste,mujer,29,240000,300000
2163,Pampeana,varón,40,1800000,1900000
2164,Pampeana,mujer,38,700000,900000
2165,Pampeana,mujer,44,960000,950000
2166,Pampeana,varón,45,900000,900000
2167,Pampeana,varón,47,800000,1200000
2168,Cuyo,mujer,22,800000,1200000
2169,Cuyo,mujer,23,800000,1200000
2170,Noroeste,varón,34,1300000,1200000
2171,Pampeana,varón,56,900000,1000000
2172,Pampeana,mujer,54,1200000,1500000
2173,Pampeana,mujer,39,1400000,1500000
2174,Pampeana,varón,33,400000,150000
2175,Patagonia,mujer,45,1000000,1700000
2176,Noroeste,varón,46,400000,500000
2177,Noroeste,varón,61,300000,380000
2178,Pampeana,varón,18,100000,0
2179,Patagonia,varón,32,1000000,600000
2180,Pampeana,varón,42,1500000,950000
2181,Pampeana,varón,57,1000000,1300000
2182,Noreste,mujer,22,500000,0
2183,Gran Buenos Aires,mujer,30,700000,850000
2184,Patagonia,varón,46,1400000,1200000
2185,Noreste,mujer,33,280000,350000
2186,Patagonia,varón,49,2000000,2000000
2187,Pampeana,varón,49,1000000,1200000
2188,Pampeana,mujer,47,800000,1000000
2189,Pampeana,mujer,28,300000,400000
2190,Noroeste,varón,41,500000,700000
2191,Noroeste,mujer,43,430000,450000
2192,Cuyo,mujer,48,900000,1600000
2193,Cuyo,varón,48,1000000,1200000
2194,Pampeana,mujer,34,700000,500000
2195,Pampeana,varón,35,900000,1190000
2196,Gran Buenos Aires,varón,52,1500000,550000
2197,Gran Buenos Aires,mujer,50,890000,1100000
2198,Pampeana,varón,35,700000,890000
2199,Pampeana,mujer,23,30000,1200000
2200,Patagonia,mujer,47,480000,500000
2201,Patagonia,varón,53,10000,400000
2202,Pampeana,mujer,56,500000,500000
2203,Pampeana,varón,24,600000,600000
2204,Pampeana,varón,26,78000,350000
2205,Pampeana,varón,49,400000,0
2206,Pampeana,mujer,42,64000,0
2207,Noroeste,mujer,61,1500000,3000000
2208,Pampeana,mujer,22,250000,380000
2209,Cuyo,mujer,58,950000,900000
2210,Patagonia,varón,34,1100000,3000000
2211,Pampeana,varón,56,1500000,1500000
2212,Pampeana,mujer,53,1600000,1800000
2213,Noroeste,varón,51,2300000,2200000
2214,Noroeste,varón,52,400000,1500000
2215,Pampeana,varón,44,600000,700000
2216,Pampeana,varón,40,800000,700000
2217,Pampeana,mujer,46,520000,550000
2218,Pampeana,varón,27,300000,300000
2219,Gran Buenos Aires,mujer,49,1700000,2000000
2220,Patagonia,varón,39,800000,850000
2221,Pampeana,mujer,31,650000,600000
2222,Noreste,varón,39,850000,940000
2223,Cuyo,varón,44,850000,850000
2224,Patagonia,varón,32,980000,1400000
2225,Patagonia,mujer,31,780000,1100000
2226,Noroeste,mujer,49,200000,200000
2227,Noroeste,varón,24,200000,200000
2228,Noroeste,varón,25,200000,200000
2229,Cuyo,varón,31,280000,300000
2230,Pampeana,mujer,45,400000,100000
2231,Pampeana,mujer,26,0,360000
2232,Noroeste,varón,44,1500000,1000000
2233,Noroeste,mujer,42,600000,600000
2234,Gran Buenos Aires,varón,44,300000,50000
2235,Pampeana,mujer,30,400000,250000
2236,Patagonia,mujer,56,1500000,1300000
2237,Pampeana,mujer,44,1800000,1800000
2238,Pampeana,varón,44,1000000,1000000
2239,Cuyo,mujer,44,700000,700000
2240,Noroeste,mujer,44,850000,450000
2241,Noroeste,varón,47,700000,850000
2242,Gran Buenos Aires,varón,52,880000,800000
2243,Pampeana,mujer,44,425000,420000
2244,Pampeana,mujer,44,750000,870000
2245,Pampeana,varón,39,1000000,1200000
2246,Pampeana,varón,70,1500000,1500000
2247,Pampeana,varón,24,150000,300000
2248,Pampeana,varón,21,180000,300000
2249,Gran Buenos Aires,varón,44,6000000,1500000
2250,Gran Buenos Aires,mujer,42,700000,650000
2251,Patagonia,varón,50,1800000,1800000
2252,Noroeste,mujer,56,650000,700000
2253,Pampeana,varón,42,400000,400000
2254,Pampeana,mujer,41,100000,200000
2255,Pampeana,varón,20,400000,400000
2256,Pampeana,varón,41,400000,600000
2257,Pampeana,varón,59,450000,600000
2258,Pampeana,mujer,52,460000,500000
2259,Pampeana,varón,39,2200000,1200000
2260,Noroeste,mujer,44,1200000,1200000
2261,Noroeste,varón,50,870000,870000
2262,Patagonia,mujer,42,1000000,2000000
2263,Noroeste,varón,45,650000,400000
2264,Noroeste,mujer,45,120000,130000
2265,Noroeste,varón,22,400000,600000
2266,Pampeana,varón,62,600000,1000000
2267,Pampeana,varón,61,670000,600000
2268,Pampeana,varón,50,850000,1950000
2269,Gran Buenos Aires,mujer,45,493000,538000
2270,Gran Buenos Aires,varón,23,0,600000
2271,Noroeste,varón,39,2000000,1200000
2272,Noroeste,mujer,39,1000000,1200000
2273,Noreste,varón,42,700000,800000
2274,Noreste,mujer,25,104000,50000
2275,Pampeana,varón,61,1000000,1200000
2276,Pampeana,mujer,30,560000,150000
2277,Pampeana,mujer,39,120000,200000
2278,Pampeana,mujer,31,500000,480000
2279,Pampeana,varón,35,600000,790000
2280,Noroeste,varón,72,1000000,900000
2281,Noroeste,mujer,62,1000000,900000
2282,Patagonia,varón,61,20000000,5000000
2283,Pampeana,varón,34,980000,900000
2284,Pampeana,mujer,28,500000,0
2285,Gran Buenos Aires,mujer,64,300000,400000
2286,Pampeana,varón,43,700000,700000
2287,Pampeana,varón,39,1000000,800000
2288,Pampeana,mujer,37,800000,1500000
2289,Pampeana,varón,30,300000,800000
2290,Patagonia,varón,36,100000,400000
2291,Noreste,mujer,20,480000,0
2292,Noroeste,varón,62,315000,315000
2293,Noroeste,mujer,55,750000,800000
2294,Noroeste,varón,31,280000,250000
2295,Patagonia,varón,64,1800000,1900000
2296,Gran Buenos Aires,mujer,53,800000,800000
2297,Noroeste,varón,38,1250000,400000
2298,Pampeana,mujer,20,160000,33000
2299,Pampeana,mujer,41,1900000,1000000
2300,Pampeana,varón,29,1000000,1200000
2301,Gran Buenos Aires,varón,78,400000,400000
2302,Gran Buenos Aires,mujer,25,600000,1400000
2303,Cuyo,varón,35,700000,1000000
2304,Noroeste,mujer,34,360000,380000
2305,Noroeste,mujer,23,400000,400000
2306,Pampeana,mujer,50,270000,300000
2307,Gran Buenos Aires,mujer,59,438000,480000
2308,Patagonia,varón,22,700000,1200000
2309,Patagonia,mujer,26,600000,1000000
2310,Pampeana,mujer,42,550000,600000
2311,Pampeana,varón,20,750000,900000
2312,Patagonia,varón,55,1000000,1200000
2313,Patagonia,mujer,51,170000,200000
2314,Cuyo,varón,48,400000,400000
2315,Pampeana,mujer,43,375000,150000
2316,Gran Buenos Aires,varón,34,900000,900000
2317,Noroeste,varón,65,450000,400000
2318,Pampeana,mujer,24,500000,520000
2319,Pampeana,varón,25,1630000,1000000
2320,Patagonia,varón,64,25000000,1000000
2321,Patagonia,varón,30,700000,300000
2322,Noroeste,mujer,53,800000,800000
2323,Cuyo,mujer,52,400000,80000
2324,Noroeste,mujer,32,160000,300000
2325,Noroeste,varón,25,750000,965000
2326,Noroeste,mujer,25,350000,450000
2327,Cuyo,varón,40,1000000,2000000
2328,Pampeana,mujer,42,1000000,1500000
2329,Pampeana,mujer,45,390000,550000
2330,Noroeste,varón,50,300000,300000
2331,Noroeste,varón,26,450000,600000
2332,Noreste,mujer,67,200000,240000
2333,Noroeste,varón,42,700000,520000
2334,Noroeste,varón,39,650000,250000
2335,Noreste,mujer,31,750000,1000000
2336,Patagonia,varón,39,200000,750000
2337,Patagonia,mujer,38,1500000,890000
2338,Noroeste,varón,43,500000,800000
2339,Pampeana,mujer,45,4000000,680000
2340,Pampeana,varón,45,6000000,780000
2341,Patagonia,mujer,26,500000,400000
2342,Gran Buenos Aires,varón,34,1402000,2200000
2343,Pampeana,mujer,31,500000,900000
2344,Noroeste,varón,46,300000,1000000
2345,Noroeste,mujer,40,350000,350000
2346,Gran Buenos Aires,mujer,49,278000,228000
2347,Gran Buenos Aires,mujer,28,110000,180000
2348,Pampeana,varón,48,1000000,1000000
2349,Pampeana,varón,37,700000,450000
2350,Pampeana,mujer,51,60000,60000
2351,Cuyo,varón,39,800000,850000
2352,Pampeana,mujer,57,650000,1200000
2353,Pampeana,varón,25,600000,750000
2354,Cuyo,mujer,59,200000,250000
2355,Cuyo,varón,30,800000,800000
2356,Noroeste,varón,34,480000,700000
2357,Pampeana,varón,27,700000,700000
2358,Pampeana,mujer,24,380000,350000
2359,Noroeste,mujer,52,600000,700000
2360,Pampeana,varón,52,300000,600000
2361,Pampeana,varón,30,480000,150000
2362,Noroeste,varón,21,360000,100000
2363,Pampeana,mujer,38,800000,800000
2364,Patagonia,mujer,52,1400000,1600000
2365,Noroeste,varón,49,1000000,950000
2366,Noroeste,varón,48,1000000,800000
2367,Gran Buenos Aires,varón,45,1000000,1500000
2368,Pampeana,varón,49,400000,800000
2369,Noreste,mujer,21,450000,700000
2370,Gran Buenos Aires,varón,30,400000,600000
2371,Pampeana,varón,33,400000,500000
2372,Gran Buenos Aires,mujer,34,1500000,1600000
2373,Noroeste,varón,45,300000,700000
2374,Noroeste,varón,24,600000,600000
2375,Cuyo,varón,54,700000,850000
2376,Cuyo,varón,20,250000,280000
2377,Gran Buenos Aires,mujer,28,550000,350000
2378,Pampeana,varón,57,450000,500000
2379,Pampeana,varón,48,120000,350000
2380,Cuyo,varón,57,380000,700000
2381,Cuyo,varón,20,160000,200000
2382,Cuyo,mujer,26,288000,180000
2383,Noroeste,varón,62,450000,490000
2384,Pampeana,mujer,54,280000,379000
2385,Pampeana,mujer,28,320000,400000
2386,Noroeste,varón,57,250000,280000
2387,Pampeana,mujer,57,1000000,1200000
2388,Cuyo,varón,61,800000,400000
2389,Cuyo,mujer,64,800000,200000
2390,Cuyo,mujer,42,0,0
2391,Pampeana,mujer,45,35000,60000
2392,Pampeana,varón,45,280000,800000
2393,Pampeana,mujer,60,550000,720000
2394,Pampeana,varón,42,450000,650000
2395,Noroeste,mujer,53,550000,1800000
2396,Pampeana,varón,36,560000,1000000
2397,Pampeana,mujer,46,1800000,3000000
2398,Pampeana,varón,46,1800000,3000000
2399,Noreste,varón,58,705000,800000
2400,Noreste,varón,29,500000,700000
2401,Patagonia,mujer,52,600000,400000
2402,Patagonia,mujer,27,100000,150000
2403,Gran Buenos Aires,varón,65,1200000,1000000
2404,Gran Buenos Aires,mujer,46,0,2400000
2405,Noreste,mujer,43,400000,400000
2406,Noreste,varón,29,420000,650000
2407,Pampeana,mujer,28,200000,570000
2408,Patagonia,mujer,36,800000,1150000
2409,Patagonia,mujer,50,870000,400000
2410,Noroeste,varón,68,500000,300000
2411,Gran Buenos Aires,varón,46,1200000,1000000
2412,Gran Buenos Aires,mujer,22,979000,1000000
2413,Cuyo,varón,59,280000,560000
2414,Cuyo,varón,56,200000,0
2415,Gran Buenos Aires,mujer,51,2200000,2200000
2416,Gran Buenos Aires,varón,57,0,4100000
2417,Noreste,varón,43,500000,600000
2418,Noreste,mujer,40,260000,270000
2419,Patagonia,varón,45,1000000,2500000
2420,Pampeana,mujer,29,200000,120000
2421,Gran Buenos Aires,varón,22,960000,1700000
2422,Gran Buenos Aires,mujer,29,2500000,3000000
2423,Gran Buenos Aires,varón,32,2000000,1500000
2424,Patagonia,varón,38,450000,400000
2425,Noroeste,mujer,49,380000,360000
2426,Noroeste,mujer,21,450000,400000
2427,Pampeana,varón,56,1800000,1800000
2428,Pampeana,mujer,50,1000000,1000000
2429,Patagonia,varón,60,800000,600000
2430,Patagonia,mujer,46,140000,140000
2431,Cuyo,varón,57,200000,0
2432,Cuyo,varón,26,200000,0
2433,Pampeana,varón,51,500000,500000
2434,Noreste,varón,57,500000,950000
2435,Pampeana,varón,38,1300000,2500000
2436,Pampeana,varón,72,300000,300000
2437,Gran Buenos Aires,mujer,26,850000,980000
2438,Gran Buenos Aires,varón,44,500000,700000
2439,Gran Buenos Aires,mujer,38,150000,96000
2440,Noroeste,mujer,46,450000,800000
2441,Pampeana,mujer,53,200000,600000
2442,Patagonia,mujer,43,1500000,1800000
2443,Pampeana,varón,42,500000,1000000
2444,Pampeana,varón,50,1000000,1000000
2445,Pampeana,varón,23,1000000,1300000
2446,Noroeste,varón,43,1000000,1100000
2447,Pampeana,mujer,55,0,80000
2448,Pampeana,varón,53,400000,450000
2449,Pampeana,mujer,49,400000,600000
2450,Pampeana,varón,26,700000,700000
2451,Gran Buenos Aires,varón,65,0,2000000
2452,Gran Buenos Aires,mujer,38,950000,950000
2453,Patagonia,varón,63,1300000,1400000
2454,Pampeana,varón,32,800000,1200000
2455,Patagonia,varón,39,600000,600000
2456,Pampeana,varón,40,250000,600000
2457,Pampeana,mujer,47,1400000,300000
2458,Pampeana,varón,26,600000,600000
2459,Noreste,varón,35,700000,850000
2460,Noreste,mujer,32,500000,600000
2461,Pampeana,mujer,50,200000,350000
2462,Pampeana,varón,51,900000,1100000
2463,Pampeana,varón,46,780000,910000
2464,Pampeana,mujer,45,980000,1000000
2465,Patagonia,mujer,58,200000,100000
2466,Pampeana,varón,34,2000000,2000000
2467,Pampeana,mujer,34,2000000,2000000
2468,Pampeana,mujer,36,300000,200000
2469,Pampeana,varón,31,400000,400000
2470,Pampeana,varón,26,1200000,1400000
2471,Pampeana,mujer,42,650000,700000
2472,Pampeana,mujer,48,600000,200000
2473,Pampeana,varón,52,900000,800000
2474,Cuyo,varón,37,700000,900000
2475,Cuyo,mujer,23,700000,700000
2476,Noroeste,mujer,45,800000,700000
2477,Noroeste,mujer,75,100000,150000
2478,Noroeste,varón,26,200000,500000
2479,Noroeste,varón,20,100000,250000
2480,Pampeana,mujer,62,700000,750000
2481,Pampeana,mujer,34,600000,0
2482,Pampeana,mujer,49,1200000,1600000
2483,Noreste,mujer,32,540000,700000
2484,Pampeana,mujer,29,600000,600000
2485,Noroeste,varón,46,600000,500000
2486,Pampeana,mujer,28,465000,600000
2487,Pampeana,mujer,47,146000,165000
2488,Pampeana,mujer,20,0,80000
2489,Patagonia,varón,47,700000,600000
2490,Noroeste,mujer,59,180000,500000
2491,Noroeste,mujer,41,180000,360000
2492,Pampeana,mujer,31,900000,1200000
2493,Pampeana,mujer,38,1200000,963000
2494,Pampeana,varón,41,400000,680000
2495,Patagonia,varón,32,800000,800000
2496,Noreste,varón,46,450000,520000
2497,Noreste,mujer,29,400000,400000
2498,Noreste,varón,46,300000,400000
2499,Noroeste,varón,50,900000,800000
2500,Patagonia,mujer,45,380000,480000
2501,Patagonia,varón,50,1000000,1500000
2502,Noroeste,mujer,43,450000,380000
2503,Gran Buenos Aires,mujer,58,100000,100000
2504,Noroeste,varón,50,1000000,1100000
2505,Pampeana,varón,30,1200000,1400000
2506,Pampeana,mujer,29,240000,200000
2507,Gran Buenos Aires,varón,65,2000000,700000
2508,Gran Buenos Aires,mujer,55,500000,600000
2509,Pampeana,varón,48,1000000,1300000
2510,Pampeana,mujer,65,1100000,1300000
2511,Noroeste,varón,36,450000,600000
2512,Noroeste,varón,31,350000,714000
2513,Noroeste,mujer,43,550000,500000
2514,Pampeana,varón,60,1000000,700000
2515,Pampeana,mujer,25,400000,80000
2516,Pampeana,varón,30,900000,800000
2517,Noroeste,varón,49,670000,650000
2518,Noroeste,mujer,55,250000,500000
2519,Noroeste,mujer,21,400000,250000
2520,Pampeana,varón,32,800000,800000
2521,Noroeste,mujer,50,160000,180000
2522,Noroeste,varón,34,300000,300000
2523,Gran Buenos Aires,varón,28,1600000,1800000
2524,Noroeste,mujer,33,1000000,1000000
2525,Noroeste,varón,45,1500000,1500000
2526,Pampeana,varón,55,1000000,1600000
2527,Pampeana,mujer,21,400000,450000
2528,Pampeana,varón,41,200000,400000
2529,Gran Buenos Aires,varón,59,150000,600000
2530,Patagonia,varón,19,400000,300000
2531,Pampeana,varón,34,500000,550000
2532,Pampeana,mujer,32,600000,650000
2533,Pampeana,varón,60,300000,150000
2534,Pampeana,varón,38,1540000,1500000
2535,Gran Buenos Aires,varón,41,78000,800000
2536,Noreste,varón,50,650000,680000
2537,Noreste,varón,38,500000,500000
2538,Cuyo,varón,66,300000,300000
2539,Patagonia,varón,34,2000000,1100000
2540,Noreste,mujer,42,250000,400000
2541,Noroeste,varón,44,640000,560000
2542,Noroeste,varón,25,180000,250000
2543,Noroeste,varón,21,180000,250000
2544,Pampeana,varón,66,250000,180000
2545,Pampeana,mujer,53,450000,600000
2546,Gran Buenos Aires,mujer,70,380000,400000
2547,Gran Buenos Aires,varón,36,2900000,3000000
2548,Gran Buenos Aires,mujer,35,1000000,1200000
2549,Cuyo,mujer,61,200000,400000
2550,Patagonia,mujer,50,800000,1100000
2551,Patagonia,varón,32,1100000,1300000
2552,Pampeana,varón,56,800000,800000
2553,Noroeste,mujer,38,900000,1200000
2554,Noroeste,mujer,38,500000,1200000
2555,Pampeana,varón,44,800000,800000
2556,Noroeste,mujer,55,650000,1200000
2557,Pampeana,mujer,41,400000,40000
2558,Gran Buenos Aires,varón,47,1000000,1000000
2559,Patagonia,mujer,40,750000,750000
2560,Patagonia,varón,47,1600000,1700000
2561,Pampeana,varón,40,100000,40000
2562,Noroeste,mujer,52,600000,880000
2563,Cuyo,mujer,38,650000,700000
2564,Patagonia,varón,28,1000000,800000
2565,Patagonia,mujer,31,1200000,1500000
2566,Noreste,mujer,60,400000,470000
2567,Noreste,varón,32,800000,800000
2568,Noreste,varón,28,800000,800000
2569,Noreste,varón,53,180000,250000
2570,Noreste,mujer,57,160000,360000
2571,Noroeste,varón,46,700000,1500000
2572,Noroeste,mujer,45,350000,500000
2573,Noroeste,varón,45,500000,2500000
2574,Noreste,varón,67,0,0
2575,Noreste,varón,32,850000,800000
2576,Noreste,varón,30,750000,0
2577,Pampeana,varón,35,3000000,4000000
2578,Pampeana,mujer,36,2500000,300000
2579,Noroeste,mujer,40,450000,400000
2580,Noroeste,varón,40,450000,460000
2581,Noroeste,mujer,22,300000,0
2582,Noreste,varón,49,800000,800000
2583,Noreste,mujer,45,800000,800000
2584,Noreste,mujer,41,540000,660000
2585,Noreste,varón,57,540000,660000
2586,Noroeste,mujer,48,500000,700000
2587,Noroeste,mujer,50,95000,280000
2588,Noreste,mujer,51,150000,450000
2589,Noreste,mujer,65,180000,100000
2590,Patagonia,varón,51,650000,560000
2591,Pampeana,mujer,39,741000,1200000
2592,Patagonia,varón,41,1000000,1500000
2593,Patagonia,mujer,40,900000,1000000
2594,Patagonia,varón,26,600000,500000
2595,Noroeste,varón,48,1000000,1500000
2596,Noroeste,mujer,44,800000,900000
2597,Patagonia,varón,34,800000,1100000
2598,Noroeste,varón,53,900000,1270000
2599,Noroeste,mujer,32,78000,78000
2600,Noroeste,mujer,25,78000,78000
2601,Noroeste,mujer,23,78000,78000
2602,Patagonia,mujer,25,250000,400000
2603,Noroeste,varón,67,200000,300000
2604,Noroeste,mujer,46,1550000,3000000
2605,Noroeste,varón,47,1500000,3000000
2606,Patagonia,varón,39,1000000,980000
2607,Pampeana,mujer,37,200000,0
2608,Noroeste,mujer,37,360000,400000
2609,Cuyo,mujer,43,1000000,1000000
2610,Cuyo,varón,46,2000000,2300000
2611,Gran Buenos Aires,varón,61,550000,2000000
2612,Cuyo,varón,30,20000,150000
2613,Noroeste,varón,57,500000,700000
2614,Noroeste,mujer,36,650000,700000
2615,Noroeste,varón,27,370000,200000
2616,Pampeana,varón,45,600000,600000
2617,Noroeste,varón,59,1007000,600000
2618,Patagonia,mujer,63,200000,500000
2619,Cuyo,varón,68,400000,150000
2620,Noroeste,varón,47,540000,600000
2621,Gran Buenos Aires,mujer,56,600000,21000
2622,Pampeana,mujer,63,400000,700000
2623,Noroeste,varón,41,790000,800000
2624,Noroeste,mujer,36,150000,300000
2625,Cuyo,varón,34,400000,400000
2626,Noroeste,varón,54,300000,500000
2627,Noroeste,varón,48,600000,1200000
2628,Noroeste,mujer,46,500000,500000
2629,Patagonia,varón,45,700000,750000
2630,Gran Buenos Aires,varón,42,800000,1300000
2631,Noroeste,mujer,47,1300000,1200000
2632,Noroeste,varón,45,1300000,8000000
2633,Pampeana,mujer,38,1200000,1066000
2634,Pampeana,varón,38,1000000,1200000
2635,Patagonia,mujer,32,216000,60000
2636,Gran Buenos Aires,varón,52,600000,800000
2637,Gran Buenos Aires,mujer,46,1200000,1300000
2638,Noreste,mujer,32,580000,580000
2639,Noreste,mujer,31,540000,790000
2640,Pampeana,mujer,51,700000,850000
2641,Patagonia,mujer,52,1090000,980000
2642,Patagonia,varón,56,2300000,1450000
2643,Pampeana,varón,52,1600000,800000
2644,Pampeana,mujer,45,150000,1200000
2645,Noreste,varón,61,800000,500000
2646,Noreste,mujer,59,1000000,1000000
2647,Noroeste,varón,32,1000000,500000
2648,Noroeste,mujer,79,1000000,300000
2649,Gran Buenos Aires,varón,53,600000,480000
2650,Noroeste,varón,23,1000000,500000
2651,Noroeste,mujer,23,300000,200000
2652,Cuyo,varón,57,2000000,1500000
2653,Noroeste,varón,46,2000000,3000000
2654,Cuyo,mujer,59,400000,400000
2655,Cuyo,varón,27,400000,300000
2656,Patagonia,varón,31,1000000,500000
2657,Gran Buenos Aires,varón,36,250000,600000
2658,Gran Buenos Aires,varón,53,1000000,400000
2659,Noroeste,varón,33,520000,630000
2660,Noreste,varón,41,50000,60000
2661,Pampeana,varón,67,1500000,2000000
2662,Pampeana,mujer,65,1300000,1800000
2663,Pampeana,mujer,41,900000,950000
2664,Noroeste,varón,22,480000,450000
2665,Noroeste,varón,54,180000,350000
2666,Noroeste,varón,26,250000,120000
2667,Noroeste,mujer,21,280000,300000
2668,Noroeste,mujer,20,280000,300000
2669,Pampeana,mujer,39,800000,1500000
2670,Gran Buenos Aires,varón,39,2000000,2000000
2671,Gran Buenos Aires,mujer,37,1000000,145000
2672,Gran Buenos Aires,varón,48,2000000,3500000
2673,Cuyo,mujer,37,700000,900000
2674,Pampeana,mujer,72,120000,200000
2675,Cuyo,varón,61,700000,1000000
2676,Cuyo,mujer,36,900000,1500000
2677,Cuyo,mujer,30,600000,600000
2678,Patagonia,mujer,65,800000,800000
2679,Patagonia,varón,61,800000,700000
2680,Pampeana,varón,43,800000,1000000
2681,Patagonia,varón,69,600000,1300000
2682,Gran Buenos Aires,mujer,56,600000,600000
2683,Noroeste,mujer,31,700000,700000
2684,Noroeste,varón,39,0,800000
2685,Noreste,varón,33,800000,800000
2686,Pampeana,mujer,46,3500000,3200000
2687,Cuyo,mujer,60,1200000,900000
2688,Cuyo,varón,58,580000,250000
2689,Patagonia,mujer,42,950000,1700000
2690,Patagonia,mujer,46,1500000,1600000
2691,Gran Buenos Aires,mujer,49,200000,200000
2692,Gran Buenos Aires,varón,52,1200000,1000000
2693,Pampeana,varón,57,600000,1200000
2694,Pampeana,mujer,53,1300000,600000
2695,Noroeste,varón,29,600000,700000
2696,Cuyo,varón,40,1400000,1000000
2697,Cuyo,mujer,31,400000,400000
2698,Pampeana,mujer,38,500000,500000
2699,Pampeana,varón,31,800000,1200000
2700,Cuyo,mujer,68,400000,440000
2701,Cuyo,mujer,32,160800,550000
2702,Cuyo,varón,36,680000,700000
2703,Cuyo,varón,38,1000000,1300000
2704,Cuyo,mujer,33,1000000,1500000
2705,Patagonia,varón,49,1300000,1300000
2706,Cuyo,varón,53,700000,900000
2707,Cuyo,mujer,54,300000,600000
2708,Gran Buenos Aires,mujer,28,400000,600000
2709,Pampeana,varón,59,0,900000
2710,Noroeste,varón,36,700000,900000
2711,Noreste,varón,46,300000,300000
2712,Cuyo,varón,50,900000,900000
2713,Noroeste,varón,30,200000,300000
2714,Patagonia,varón,62,900000,1200000
2715,Pampeana,varón,20,500000,0
2716,Pampeana,varón,62,400000,450000
2717,Noreste,mujer,41,300000,300000
2718,Patagonia,varón,33,1000000,1400000
2719,Pampeana,varón,61,600000,600000
2720,Pampeana,varón,25,500000,1000000
2721,Cuyo,mujer,62,225000,400000
2722,Gran Buenos Aires,mujer,54,1300000,1300000
2723,Gran Buenos Aires,varón,57,950000,1400000
2724,Gran Buenos Aires,varón,25,450000,600000
2725,Noreste,varón,44,200000,200000
2726,Cuyo,mujer,64,800000,950000
2727,Noroeste,varón,46,800000,700000
2728,Gran Buenos Aires,varón,60,1500000,1500000
2729,Pampeana,varón,52,1000000,1000000
2730,Noroeste,varón,25,250000,450000
2731,Pampeana,mujer,19,120000,250000
2732,Noroeste,mujer,52,260000,400000
2733,Noroeste,varón,29,300000,800000
2734,Noroeste,varón,25,300000,800000
2735,Noroeste,varón,35,380000,380000
2736,Noroeste,mujer,46,400000,900000
2737,Patagonia,varón,37,1000000,1000000
2738,Patagonia,mujer,41,450000,500000
2739,Pampeana,varón,58,400000,500000
2740,Noreste,mujer,24,380000,250000
2741,Patagonia,varón,40,900000,120000
2742,Patagonia,mujer,39,900000,115000
2743,Patagonia,mujer,43,1000000,1000000
2744,Patagonia,varón,48,1500000,1200000
2745,Pampeana,varón,45,450000,130000
2746,Pampeana,mujer,19,300000,300000
2747,Gran Buenos Aires,varón,55,500000,800000
2748,Cuyo,mujer,42,900000,1100000
2749,Pampeana,varón,42,1600000,2100000
2750,Pampeana,mujer,39,1500000,1800000
2751,Noroeste,varón,34,1000000,800000
2752,Pampeana,mujer,54,900000,1000000
2753,Noroeste,varón,40,490000,400000
2754,Noroeste,varón,38,600000,400000
2755,Noreste,mujer,34,150000,200000
2756,Cuyo,mujer,51,200000,300000
2757,Cuyo,varón,53,1000000,650000
2758,Gran Buenos Aires,varón,43,600000,600000
2759,Gran Buenos Aires,mujer,39,60000,200000
2760,Gran Buenos Aires,mujer,21,0,200000
2761,Pampeana,mujer,63,100000,200000
2762,Patagonia,mujer,58,480000,600000
2763,Patagonia,varón,32,800000,400000
2764,Noroeste,varón,43,1000000,1500000
2765,Pampeana,varón,42,1500000,1600000
2766,Noreste,varón,42,720000,800000
2767,Noreste,mujer,38,720000,800000
2768,Pampeana,mujer,25,200000,980000
2769,Noroeste,mujer,52,290000,450000
2770,Noroeste,varón,44,380000,400000
2771,Noroeste,mujer,34,400000,400000
2772,Noroeste,varón,50,300000,480000
2773,Noroeste,varón,32,500000,700000
2774,Cuyo,varón,23,800000,600000
2775,Cuyo,mujer,60,108000,120000
2776,Noroeste,varón,28,800000,1000000
2777,Noroeste,mujer,29,600000,700000
2778,Pampeana,varón,59,700000,780000
2779,Gran Buenos Aires,varón,30,620000,700000
2780,Noroeste,varón,52,240000,360000
2781,Noroeste,mujer,47,800000,800000
2782,Cuyo,varón,62,1500000,1500000
2783,Patagonia,varón,29,1500000,1200000
2784,Noroeste,mujer,42,500000,700000
2785,Noroeste,varón,61,400000,500000
2786,Noroeste,mujer,60,480000,600000
2787,Gran Buenos Aires,varón,45,700000,660000
2788,Pampeana,mujer,44,20000,120000
2789,Cuyo,mujer,66,126000,96000
2790,Gran Buenos Aires,varón,59,700000,1300000
2791,Noroeste,mujer,51,600000,900000
2792,Cuyo,varón,47,500000,600000
2793,Cuyo,mujer,41,1200000,1400000
2794,Cuyo,varón,42,1000000,1800000
2795,Patagonia,varón,29,1000000,1000000
2796,Gran Buenos Aires,mujer,47,1500000,1300000
2797,Gran Buenos Aires,varón,43,1000000,1400000
2798,Pampeana,varón,46,400000,1000000
2799,Noroeste,varón,45,900000,900000
2800,Noroeste,mujer,44,500000,900000
2801,Pampeana,varón,57,700000,0
2802,Noroeste,varón,44,1000000,800000
2803,Noroeste,varón,44,700000,1060000
2804,Gran Buenos Aires,mujer,68,235000,275000
2805,Noroeste,varón,55,500000,600000
2806,Noroeste,mujer,44,150000,250000
2807,Pampeana,varón,46,550000,700000
2808,Pampeana,mujer,44,350000,350000
2809,Noroeste,mujer,55,500000,400000
2810,Gran Buenos Aires,mujer,46,600000,400000
2811,Cuyo,mujer,22,100000,150000
2812,Pampeana,varón,49,1000000,1500000
2813,Pampeana,mujer,43,500000,850000
2814,Cuyo,mujer,64,102400,180000
2815,Noroeste,varón,52,480000,580000
2816,Noroeste,varón,54,1000000,1100000
2817,Noroeste,mujer,49,100000,400000
2818,Gran Buenos Aires,mujer,34,500000,450000
2819,Gran Buenos Aires,mujer,64,370000,400000
2820,Pampeana,varón,29,2000000,4500000
2821,Pampeana,mujer,26,800000,800000
2822,Pampeana,varón,41,200000,20000
2823,Noroeste,mujer,59,300000,400000
2824,Cuyo,varón,20,750000,0
2825,Pampeana,mujer,58,1500000,800000
2826,Noroeste,varón,52,400000,600000
2827,Patagonia,mujer,38,720000,700000
2828,Noroeste,varón,51,900000,1000000
2829,Pampeana,varón,63,560000,850000
2830,Gran Buenos Aires,mujer,37,2000000,3540000
2831,Pampeana,varón,40,880000,800000
2832,Pampeana,mujer,33,312000,370000
2833,Noroeste,mujer,33,600000,750000
2834,Noroeste,varón,33,750000,800000
2835,Noroeste,varón,26,400000,700000
2836,Noroeste,mujer,29,180000,160000
2837,Noreste,varón,34,300000,450000
2838,Pampeana,mujer,33,800000,300000
2839,Pampeana,varón,32,800000,800000
2840,Noroeste,mujer,51,140000,200000
2841,Noroeste,mujer,33,380000,750000
2842,Noroeste,mujer,31,140000,180000
2843,Cuyo,mujer,39,850000,800000
2844,Noreste,varón,27,290000,700000
2845,Noreste,mujer,33,700000,800000
2846,Gran Buenos Aires,varón,44,1000000,950000
2847,Pampeana,varón,49,1000000,1300000
2848,Noroeste,varón,27,160000,600000
2849,Cuyo,varón,35,400000,5000000
2850,Noroeste,mujer,42,80000,160000
2851,Noroeste,varón,20,300000,200000
2852,Cuyo,mujer,27,1500000,3000000
2853,Cuyo,varón,27,860000,800000
2854,Noroeste,mujer,38,300000,500000
2855,Patagonia,mujer,33,1600000,2300000
2856,Noroeste,mujer,56,400000,700000
2857,Noroeste,mujer,31,0,400000
2858,Noroeste,varón,28,800000,580000
2859,Pampeana,mujer,41,1900000,1800000
2860,Pampeana,varón,44,900000,980000
2861,Noroeste,varón,45,420000,500000
2862,Pampeana,varón,47,900000,900000
2863,Pampeana,mujer,44,480000,576000
2864,Pampeana,varón,47,800000,830000
2865,Gran Buenos Aires,varón,38,140000,0
2866,Noreste,varón,62,500000,900000
2867,Gran Buenos Aires,varón,56,1600000,1400000
2868,Patagonia,varón,26,700000,600000
2869,Noroeste,varón,32,400000,900000
2870,Noroeste,mujer,29,200000,500000
2871,Patagonia,mujer,36,1300000,1500000
2872,Noroeste,varón,47,1000000,600000
2873,Noroeste,varón,26,280000,400000
2874,Gran Buenos Aires,mujer,27,800000,600000
2875,Patagonia,mujer,45,1200000,3000000
2876,Patagonia,varón,41,700000,2500000
2877,Patagonia,mujer,28,900000,1100000
2878,Cuyo,varón,65,1150000,1200000
2879,Patagonia,mujer,48,980000,800000
2880,Patagonia,mujer,24,800000,900000
2881,Patagonia,varón,46,1100000,2250000
2882,Gran Buenos Aires,varón,26,1000000,600000
2883,Gran Buenos Aires,mujer,35,1100000,1000000
2884,Noroeste,varón,41,900000,900000
2885,Noroeste,mujer,43,420000,400000
2886,Noroeste,mujer,22,240000,300000
2887,Cuyo,varón,29,900000,703000
2888,Cuyo,mujer,27,200000,300000
2889,Noroeste,mujer,47,480000,700000
2890,Gran Buenos Aires,varón,51,3500000,2000000
2891,Patagonia,varón,49,1500000,1600000
2892,Patagonia,mujer,43,1800000,2000000
2893,Gran Buenos Aires,varón,55,700000,730000
2894,Noreste,varón,43,700000,700000
2895,Pampeana,varón,66,600000,400000
2896,Gran Buenos Aires,mujer,38,1000000,1500000
2897,Gran Buenos Aires,varón,38,100000,2500000
2898,Pampeana,mujer,33,1100000,1100000
2899,Cuyo,varón,28,492000,50000
2900,Noroeste,varón,32,300000,700000
2901,Cuyo,varón,45,600000,650000
2902,Patagonia,varón,52,2000000,2200000
2903,Gran Buenos Aires,varón,20,600000,288000
2904,Cuyo,varón,61,200000,120000
2905,Cuyo,varón,49,810000,800000
2906,Noroeste,varón,33,800000,1000000
2907,Noroeste,varón,64,450000,450000
2908,Patagonia,varón,42,2000000,2200000
2909,Patagonia,mujer,44,600000,700000
2910,Gran Buenos Aires,varón,44,500000,900000
2911,Noreste,varón,26,550000,800000
2912,Pampeana,varón,33,1200000,1200000
2913,Pampeana,mujer,32,600000,600000
2914,Cuyo,mujer,27,0,400000
2915,Cuyo,varón,24,600000,700000
2916,Noroeste,varón,28,500000,550000
2917,Noroeste,mujer,25,300000,350000
2918,Noroeste,mujer,21,250000,300000
2919,Patagonia,mujer,43,2400000,2400000
2920,Pampeana,varón,56,1000000,1000000
2921,Gran Buenos Aires,mujer,58,600000,700000
2922,Patagonia,varón,53,680000,500000
2923,Patagonia,varón,32,400000,400000
2924,Patagonia,varón,26,400000,400000
2925,Pampeana,varón,75,600000,300000
2926,Pampeana,mujer,70,600000,0
2927,Gran Buenos Aires,mujer,36,1000000,0
2928,Cuyo,varón,27,600000,650000
2929,Noroeste,varón,44,500000,650000
2930,Noroeste,mujer,34,500000,550000
2931,Pampeana,varón,64,1000000,1000000
2932,Patagonia,varón,59,500000,750000
2933,Patagonia,mujer,50,600000,960000
2934,Noreste,mujer,39,700000,750000
2935,Pampeana,varón,44,1800000,2300000
2936,Pampeana,varón,55,400000,700000
2937,Pampeana,mujer,58,580000,100000
2938,Patagonia,varón,37,800000,60000
2939,Noroeste,varón,62,500000,600000
2940,Noroeste,mujer,61,800000,1000000
2941,Cuyo,varón,61,800000,800000
2942,Pampeana,mujer,54,100000,200000
2943,Patagonia,varón,64,180000,700000
2944,Patagonia,mujer,23,130000,100000
2945,Noroeste,varón,44,1500000,1400000
2946,Noroeste,varón,21,800000,1000000
2947,Pampeana,mujer,68,200000,245000
2948,Patagonia,varón,39,1300000,580000
2949,Patagonia,varón,42,1300000,1500000
2950,Pampeana,mujer,58,200000,500000
2951,Gran Buenos Aires,mujer,38,900000,925000
2952,Gran Buenos Aires,varón,43,600000,1200000
2953,Cuyo,varón,47,400000,440000
2954,Pampeana,varón,62,1500000,1500000
2955,Noroeste,varón,35,1536000,1900000
2956,Noroeste,mujer,38,132000,120000
2957,Noroeste,varón,51,1100000,800000
2958,Pampeana,varón,53,900000,900000
2959,Pampeana,mujer,21,280000,300000
2960,Gran Buenos Aires,varón,34,90000,100000
2961,Gran Buenos Aires,mujer,33,90000,0
2962,Gran Buenos Aires,mujer,45,129000,1500000
2963,Patagonia,varón,28,1600000,1800000
2964,Gran Buenos Aires,varón,57,11000000,8000000
2965,Gran Buenos Aires,mujer,23,900000,2000000
2966,Noroeste,varón,41,800000,2000000
2967,Noroeste,mujer,31,1100000,1200000
2968,Cuyo,mujer,55,400000,430000
2969,Gran Buenos Aires,mujer,65,1900000,2200000
2970,Gran Buenos Aires,mujer,50,900000,800000
2971,Patagonia,varón,37,600000,750000
2972,Patagonia,mujer,24,20000,144000
2973,Patagonia,varón,62,200000,400000
2974,Patagonia,varón,35,200000,400000
2975,Pampeana,varón,37,300000,350000
2976,Noroeste,varón,44,1600000,1350000
2977,Noroeste,mujer,46,680000,600000
2978,Noroeste,varón,26,700000,700000
2979,Noreste,mujer,47,800000,800000
2980,Noreste,varón,48,900000,1300000
2981,Pampeana,mujer,61,2200000,2100000
2982,Pampeana,mujer,31,1000000,750000
2983,Gran Buenos Aires,mujer,45,120000,200000
2984,Gran Buenos Aires,varón,66,800000,700000
2985,Noreste,mujer,28,800000,900000
2986,Noroeste,varón,48,1000000,600000
2987,Noroeste,mujer,45,0,0
2988,Noroeste,varón,49,0,80000
2989,Gran Buenos Aires,mujer,45,500000,500000
2990,Gran Buenos Aires,varón,47,900000,950000
2991,Patagonia,mujer,47,250000,380000
2992,Cuyo,mujer,21,0,600000
2993,Pampeana,varón,54,900000,950000
2994,Pampeana,varón,30,800000,1000000
2995,Pampeana,varón,28,600000,900000
2996,Patagonia,varón,55,3000000,4000000
2997,Patagonia,mujer,51,3000000,3000000
2998,Patagonia,mujer,23,300000,450000
2999,Noroeste,mujer,59,1000000,1200000
3000,Pampeana,mujer,55,400000,300000
3001,Cuyo,mujer,42,400000,800000
3002,Cuyo,varón,41,1000000,1500000
3003,Cuyo,varón,31,850000,900000
3004,Pampeana,varón,36,500000,600000
3005,Noroeste,mujer,60,400000,400000
3006,Noroeste,varón,21,280000,360000
3007,Cuyo,mujer,24,450000,900000
3008,Patagonia,varón,33,890000,1046000
3009,Patagonia,varón,49,700000,600000
3010,Patagonia,mujer,49,500000,380000
3011,Noreste,varón,33,400000,500000
3012,Noreste,mujer,28,200000,200000
3013,Noroeste,mujer,43,250000,400000
3014,Noroeste,varón,22,336000,0
3015,Noroeste,mujer,47,200000,310000
3016,Cuyo,varón,41,700000,500000
3017,Cuyo,mujer,42,0,0
3018,Patagonia,mujer,71,150000,60000
3019,Gran Buenos Aires,mujer,56,600000,500000
3020,Cuyo,mujer,42,450000,300000
3021,Cuyo,varón,21,280000,300000
3022,Gran Buenos Aires,varón,52,2000000,2000000
3023,Noreste,varón,31,280000,400000
3024,Noroeste,mujer,35,690000,690000
3025,Pampeana,varón,49,1000000,1100000
3026,Noreste,varón,66,730000,1020000
3027,Noroeste,mujer,58,0,30000
3028,Noroeste,varón,32,600000,240000
3029,Pampeana,varón,39,745000,300000
3030,Noroeste,mujer,74,80000,50000
3031,Noroeste,varón,46,1500000,3000000
3032,Pampeana,varón,55,1700000,800000
3033,Pampeana,mujer,41,660000,300000
3034,Gran Buenos Aires,mujer,40,2300000,2800000
3035,Gran Buenos Aires,varón,39,6000000,5000000
3036,Cuyo,varón,53,1000000,1000000
3037,Pampeana,mujer,45,250000,78000
3038,Pampeana,mujer,19,240000,470000
3039,Noroeste,varón,25,0,650000
3040,Noroeste,mujer,48,1200000,1200000
3041,Noreste,varón,26,700000,800000
3042,Noroeste,mujer,54,40000,96000
3043,Noroeste,varón,54,850000,800000
3044,Gran Buenos Aires,mujer,44,1500000,1800000
3045,Gran Buenos Aires,varón,46,700000,800000
3046,Pampeana,mujer,40,400000,400000
3047,Pampeana,mujer,53,850000,800000
3048,Pampeana,varón,64,800000,1100000
3049,Patagonia,varón,34,800000,400000
3050,Noroeste,varón,49,400000,304000
3051,Noroeste,varón,22,390000,288000
3052,Pampeana,mujer,52,1700000,1600000
3053,Pampeana,varón,53,1300000,1500000
3054,Cuyo,varón,42,1800000,2300000
3055,Pampeana,mujer,45,400000,400000
3056,Noroeste,mujer,33,800000,1000000
3057,Noroeste,mujer,31,3000000,3000000
3058,Pampeana,varón,42,850000,900000
3059,Noroeste,varón,35,350000,600000
3060,Patagonia,varón,43,2500000,400000
3061,Noreste,varón,44,690000,230000
3062,Noroeste,mujer,57,700000,700000
3063,Noroeste,varón,62,400000,500000
3064,Noroeste,varón,26,350000,450000
3065,Cuyo,varón,43,1200000,1500000
3066,Cuyo,mujer,32,400000,500000
3067,Pampeana,mujer,50,1400000,1900000
3068,Pampeana,mujer,42,1300000,1770000
3069,Pampeana,varón,22,1000000,800000
3070,Noroeste,varón,62,380000,240000
3071,Pampeana,varón,52,1000000,400000
3072,Pampeana,mujer,42,300000,80000
3073,Noroeste,varón,32,700000,750000
3074,Noroeste,mujer,31,150000,150000
3075,Pampeana,varón,41,600000,150000
3076,Pampeana,varón,45,400000,480000
3077,Noroeste,varón,58,960000,1500000
3078,Noroeste,mujer,21,150000,600000
3079,Pampeana,mujer,52,800000,1000000
3080,Pampeana,varón,52,2500000,2000000
3081,Pampeana,varón,24,600000,700000
3082,Pampeana,varón,51,1000000,1300000
3083,Pampeana,mujer,45,1000000,1300000
3084,Noroeste,varón,24,300000,360000
3085,Pampeana,mujer,38,300000,350000
3086,Pampeana,mujer,26,360000,450000
3087,Pampeana,varón,36,880000,800000
3088,Pampeana,mujer,37,200000,280000
3089,Pampeana,varón,41,400000,520000
3090,Cuyo,varón,29,500000,180000
3091,Cuyo,varón,50,204000,250000
3092,Cuyo,varón,47,800000,900000
3093,Cuyo,varón,48,1800000,1800000
3094,Pampeana,varón,56,1000000,1100000
3095,Pampeana,varón,41,800000,800000
3096,Pampeana,mujer,46,900000,750000
3097,Pampeana,varón,35,500000,480000
3098,Noroeste,mujer,32,30000,600000
3099,Noroeste,mujer,30,300000,300000
3100,Cuyo,varón,59,600000,600000
3101,Pampeana,mujer,30,800000,900000
3102,Patagonia,mujer,55,950000,1500000
3103,Patagonia,varón,44,300000,500000
3104,Noroeste,mujer,33,320000,250000
3105,Noreste,varón,52,1000000,1100000
3106,Pampeana,mujer,61,450000,300000
3107,Noroeste,varón,20,312000,120000
3108,Noroeste,mujer,31,150000,200000
3109,Pampeana,mujer,19,1500000,1400000
3110,Cuyo,mujer,32,600000,600000
3111,Noroeste,mujer,53,900000,1040000
3112,Gran Buenos Aires,mujer,59,670000,850000
3113,Pampeana,varón,46,1700000,700000
3114,Cuyo,varón,18,300000,250000
3115,Pampeana,mujer,51,800000,800000
3116,Pampeana,mujer,67,100000,130000
3117,Cuyo,mujer,46,450000,450000
3118,Cuyo,varón,22,500000,500000
3119,Cuyo,varón,22,380000,400000
3120,Pampeana,varón,29,900000,1200000
3121,Noroeste,varón,48,1400000,800000
3122,Noroeste,mujer,35,280000,280000
3123,Cuyo,varón,36,500000,720000
3124,Pampeana,varón,69,200000,1000000
3125,Pampeana,mujer,59,200000,250000
3126,Pampeana,mujer,20,600000,600000
3127,Cuyo,varón,27,1000000,1200000
3128,Cuyo,mujer,28,1000000,1200000
3129,Pampeana,varón,69,1700000,1000000
3130,Noroeste,varón,50,2500000,1000000
3131,Noroeste,mujer,49,1500000,1000000
3132,Gran Buenos Aires,mujer,37,2500000,2000000
3133,Cuyo,mujer,57,800000,800000
3134,Cuyo,mujer,34,500000,500000
3135,Pampeana,varón,33,750000,870000
3136,Noreste,varón,64,280000,500000
3137,Pampeana,mujer,32,1000000,1400000
3138,Patagonia,mujer,60,700000,650000
3139,Noroeste,mujer,31,300000,350000
3140,Pampeana,varón,52,300000,680000
3141,Pampeana,varón,34,700000,1200000
3142,Gran Buenos Aires,varón,50,1200000,1000000
3143,Gran Buenos Aires,mujer,50,500000,500000
3144,Noroeste,varón,32,4000000,4000000
3145,Patagonia,mujer,28,780000,950000
3146,Patagonia,varón,32,890000,850000
3147,Pampeana,varón,21,518000,575000
3148,Noreste,varón,63,250000,300000
3149,Noroeste,varón,33,300000,600000
3150,Patagonia,varón,36,1600000,800000
3151,Cuyo,mujer,46,220000,224000
3152,Cuyo,varón,27,240000,320000
3153,Gran Buenos Aires,mujer,32,1500000,1500000
3154,Pampeana,mujer,60,200000,130000
3155,Patagonia,varón,48,800000,1300000
3156,Noreste,varón,38,380000,600000
3157,Pampeana,mujer,47,300000,1000000
3158,Pampeana,varón,49,1200000,2400000
3159,Cuyo,varón,48,300000,400000
3160,Cuyo,varón,21,150000,200000
3161,Noroeste,varón,62,600000,680000
3162,Noroeste,varón,44,300000,310000
3163,Noroeste,varón,22,150000,210000
3164,Gran Buenos Aires,mujer,36,1100000,1100000
3165,Patagonia,varón,43,900000,800000
3166,Gran Buenos Aires,varón,63,600000,1145000
3167,Gran Buenos Aires,varón,48,800000,1000000
3168,Noroeste,varón,36,2000000,3000000
3169,Noroeste,mujer,37,1000000,980000
3170,Pampeana,varón,40,2500000,2500000
3171,Pampeana,mujer,45,0,1000000
3172,Patagonia,varón,37,800000,2000000
3173,Gran Buenos Aires,varón,44,1000000,0
3174,Gran Buenos Aires,varón,41,950000,800000
3175,Patagonia,mujer,55,800000,850000
3176,Gran Buenos Aires,mujer,50,600000,600000
3177,Pampeana,varón,66,230000,300000
3178,Noroeste,varón,44,1500000,1500000
3179,Noroeste,mujer,41,1400000,2000000
3180,Patagonia,varón,63,800000,800000
3181,Pampeana,varón,48,2000000,2000000
3182,Pampeana,mujer,43,1200000,1500000
3183,Patagonia,varón,28,1400000,1100000
3184,Patagonia,mujer,56,1500000,1200000
3185,Pampeana,varón,46,1000000,1500000
3186,Cuyo,mujer,44,750000,800000
3187,Cuyo,varón,29,1000000,900000
3188,Pampeana,mujer,37,1000000,600000
3189,Pampeana,varón,40,800000,1300000
3190,Patagonia,varón,33,1580000,1100000
3191,Patagonia,mujer,34,980000,1600000
3192,Patagonia,varón,33,760000,950000
3193,Pampeana,varón,36,1560000,1550000
3194,Cuyo,mujer,55,650000,700000
3195,Cuyo,varón,55,400000,400000
3196,Pampeana,varón,46,900000,900000
3197,Cuyo,varón,42,600000,200000
3198,Cuyo,mujer,34,300000,350000
3199,Cuyo,mujer,37,560000,600000
3200,Pampeana,varón,60,2500000,5000000
3201,Patagonia,varón,31,1000000,1500000
3202,Noroeste,varón,29,1000000,1000000
3203,Noroeste,mujer,27,550000,450000
3204,Pampeana,mujer,27,1000000,800000
3205,Pampeana,varón,29,700000,900000
3206,Cuyo,varón,26,680000,1000000
3207,Cuyo,mujer,26,500000,1000000
3208,Noroeste,varón,57,1000000,900000
3209,Noroeste,mujer,54,100000,80000
3210,Noroeste,varón,26,950000,1150000
3211,Pampeana,mujer,34,1200000,1300000
3212,Noroeste,mujer,50,400000,400000
3213,Pampeana,mujer,27,1000000,1000000
3214,Noroeste,varón,48,500000,0
3215,Noroeste,varón,20,300000,300000
3216,Pampeana,varón,39,1500000,1500000
3217,Pampeana,mujer,48,500000,600000
3218,Pampeana,varón,48,790000,780000
3219,Pampeana,mujer,43,780000,780000
3220,Patagonia,varón,49,80000,300000
3221,Pampeana,mujer,35,900000,1100000
3222,Noreste,varón,41,400000,700000
3223,Noreste,mujer,36,700000,900000
3224,Patagonia,mujer,40,240000,400000
3225,Gran Buenos Aires,mujer,37,1200000,1200000
3226,Gran Buenos Aires,varón,52,920000,1100000
3227,Cuyo,varón,45,860000,860000
3228,Noroeste,varón,42,800000,600000
3229,Cuyo,mujer,35,300000,350000
3230,Cuyo,varón,56,800000,900000
3231,Cuyo,mujer,51,80000,168000
3232,Gran Buenos Aires,varón,69,1500000,2000000
3233,Cuyo,varón,50,0,700000
3234,Noroeste,varón,38,600000,550000
3235,Noreste,mujer,58,700000,1000000
3236,Pampeana,varón,53,400000,400000
3237,Patagonia,mujer,45,780000,980000
3238,Cuyo,mujer,41,300000,400000
3239,Gran Buenos Aires,varón,50,4000000,4000000
3240,Cuyo,mujer,28,400000,250000
3241,Cuyo,mujer,47,400000,400000
3242,Cuyo,mujer,31,0,1200000
3243,Cuyo,varón,57,400000,800000
3244,Gran Buenos Aires,varón,49,1200000,5000000
3245,Noroeste,varón,69,200000,1350000
3246,Noroeste,varón,56,600000,850000
3247,Noroeste,mujer,52,800000,899000
3248,Cuyo,varón,47,500000,400000
3249,Cuyo,mujer,45,500000,600000
3250,Patagonia,varón,30,1000000,1500000
3251,Patagonia,mujer,31,200000,300000
3252,Patagonia,mujer,30,900000,400000
3253,Cuyo,varón,49,2500000,2800000
3254,Cuyo,varón,25,1600000,1000000
3255,Cuyo,varón,32,1130000,1200000
3256,Gran Buenos Aires,varón,33,1000000,1200000
3257,Cuyo,varón,23,500000,990000
3258,Cuyo,varón,19,500000,990000
3259,Cuyo,varón,51,255000,335000
3260,Cuyo,varón,25,1000000,600000
3261,Noroeste,mujer,37,1000000,1500000
3262,Pampeana,mujer,21,600000,600000
3263,Noreste,mujer,64,1200000,1400000
3264,Cuyo,varón,31,500000,400000
3265,Cuyo,mujer,30,450000,300000
3266,Noroeste,varón,48,1700000,1800000
3267,Patagonia,varón,37,980000,1100000
3268,Patagonia,varón,33,1000000,2000000
3269,Cuyo,varón,46,900000,2100000
3270,Cuyo,mujer,35,400000,900000
3271,Gran Buenos Aires,mujer,49,480000,500000
3272,Cuyo,varón,59,800000,700000
3273,Cuyo,mujer,56,800000,1000000
3274,Gran Buenos Aires,varón,69,800000,800000
3275,Gran Buenos Aires,varón,20,900000,800000
3276,Gran Buenos Aires,varón,29,4300000,2500000
3277,Noroeste,varón,35,1000000,1000000
3278,Gran Buenos Aires,varón,50,900000,1500000
3279,Pampeana,varón,68,800000,600000
3280,Noroeste,mujer,51,380000,490000
3281,Gran Buenos Aires,varón,36,3200000,3500000
3282,Cuyo,varón,26,976000,1090600
3283,Pampeana,mujer,45,300000,400000
3284,Gran Buenos Aires,varón,45,700000,1000000
3285,Gran Buenos Aires,mujer,35,150000,600000
3286,Noroeste,mujer,29,1000000,550000
3287,Pampeana,mujer,44,1500000,1500000
3288,Cuyo,mujer,30,2600000,2600000
3289,Cuyo,mujer,36,600000,2000000
3290,Cuyo,varón,53,800000,1400000
3291,Noroeste,varón,60,800000,400000
3292,Noroeste,mujer,54,1400000,1150000
3293,Pampeana,varón,50,450000,1600000
3294,Noroeste,varón,39,600000,600000
3295,Pampeana,mujer,51,470000,750000
3296,Cuyo,mujer,32,500000,500000
3297,Cuyo,varón,55,800000,700000
3298,Cuyo,mujer,45,600000,450000
3299,Noroeste,varón,29,350000,500000
3300,Noroeste,varón,22,600000,600000
3301,Pampeana,mujer,43,900000,980000
3302,Noreste,mujer,66,800000,1100000
3303,Noreste,mujer,35,540000,1200000
3304,Patagonia,mujer,48,1200000,1200000
3305,Noroeste,mujer,55,180000,160000
3306,Noroeste,varón,26,100000,192000
3307,Pampeana,varón,42,1500000,1800000
3308,Cuyo,mujer,59,200000,150000
3309,Noroeste,varón,52,350000,360000
3310,Pampeana,varón,39,400000,350000
3311,Noroeste,mujer,47,750000,700000
3312,Noroeste,mujer,27,125000,144000
3313,Noreste,mujer,39,680000,600000
3314,Pampeana,mujer,32,700000,300000
3315,Pampeana,varón,32,0,700000
3316,Pampeana,varón,61,700000,1000000
3317,Gran Buenos Aires,mujer,44,500000,800000
3318,Gran Buenos Aires,varón,26,1000000,1000000
3319,Noroeste,varón,63,200000,400000
3320,Cuyo,mujer,30,500000,600000
3321,Pampeana,varón,43,4000000,1500000
3322,Pampeana,mujer,36,1500000,1500000
3323,Pampeana,varón,52,1000000,1500000
3324,Pampeana,varón,23,800000,500000
3325,Noreste,mujer,27,70000,150000
3326,Noreste,varón,34,1500000,250000
3327,Noreste,varón,57,200000,250000
3328,Noreste,mujer,58,200000,250000
3329,Noroeste,mujer,48,250000,300000
3330,Noroeste,mujer,28,350000,400000
3331,Noroeste,mujer,37,450000,700000
3332,Noroeste,varón,49,600000,400000
3333,Noroeste,mujer,38,500000,400000
3334,Patagonia,mujer,29,300000,300000
3335,Patagonia,varón,45,300000,300000
3336,Gran Buenos Aires,varón,53,1500000,1800000
3337,Gran Buenos Aires,mujer,51,400000,250000
3338,Gran Buenos Aires,varón,21,40000,240000
3339,Pampeana,varón,38,900000,1200000
3340,Pampeana,mujer,37,370000,350000
3341,Noroeste,varón,32,600000,750000
3342,Noroeste,mujer,29,650000,400000
3343,Patagonia,mujer,28,700000,700000
3344,Pampeana,mujer,64,1200000,2000000
3345,Pampeana,varón,65,290000,294070
3346,Noroeste,mujer,54,600000,500000
3347,Pampeana,mujer,54,1800000,700000
3348,Pampeana,varón,62,2800000,1250000
3349,Pampeana,varón,39,1500000,1500000
3350,Noroeste,varón,57,2000000,2000000
3351,Patagonia,mujer,56,1000000,1100000
3352,Pampeana,mujer,58,400000,300000
3353,Pampeana,mujer,26,300000,200000
3354,Pampeana,mujer,23,500000,700000
3355,Pampeana,varón,42,150000,650000
3356,Cuyo,varón,40,100000,300000
3357,Cuyo,mujer,43,100000,300000
3358,Patagonia,mujer,58,600000,720000
3359,Noroeste,varón,55,300000,280000
3360,Noroeste,mujer,56,1200000,900000
3361,Pampeana,varón,46,1500000,1500000
3362,Pampeana,varón,47,600000,800000
3363,Pampeana,mujer,32,144000,200000
3364,Pampeana,mujer,48,900000,1000000
3365,Noreste,varón,63,300000,300000
3366,Noreste,varón,30,250000,400000
3367,Noreste,varón,35,890000,700000
3368,Pampeana,varón,47,138000,200000
3369,Pampeana,varón,26,800000,600000
3370,Pampeana,mujer,29,335000,400000
3371,Noroeste,varón,39,780000,1300000
3372,Noroeste,mujer,39,750000,950000
3373,Noroeste,varón,64,500000,800000
3374,Pampeana,mujer,52,80000,230000
3375,Noroeste,mujer,38,150000,250000
3376,Pampeana,varón,25,640000,800000
3377,Patagonia,varón,49,700000,700000
3378,Pampeana,varón,41,1000000,400000
3379,Noroeste,varón,36,500000,400000
3380,Noroeste,mujer,28,200000,300000
3381,Noroeste,mujer,23,200000,300000
3382,Noreste,mujer,30,80000,300000
3383,Pampeana,varón,51,500000,300000
3384,Noroeste,mujer,34,60000,216000
3385,Pampeana,mujer,40,600000,700000
3386,Noroeste,mujer,50,220000,225000
3387,Patagonia,mujer,36,2500000,2800000
3388,Patagonia,varón,39,2500000,2900000
3389,Patagonia,varón,36,800000,1800000
3390,Patagonia,mujer,35,700000,1100000
3391,Pampeana,mujer,30,150000,200000
3392,Noroeste,varón,34,220000,600000
3393,Noroeste,varón,32,300000,400000
3394,Noroeste,varón,29,800000,800000
3395,Noreste,mujer,48,150000,250000
3396,Noroeste,mujer,41,120000,240000
3397,Noroeste,varón,37,700000,900000
3398,Gran Buenos Aires,mujer,47,2100000,150000
3399,Noroeste,mujer,48,600000,600000
3400,Noroeste,mujer,21,400000,170000
3401,Pampeana,varón,41,1300000,1400000
3402,Pampeana,mujer,39,72000,8000
3403,Pampeana,mujer,23,360000,140000
3404,Patagonia,mujer,37,1500000,1900000
3405,Pampeana,mujer,51,1800000,1800000
3406,Pampeana,varón,22,600000,500000
3407,Noreste,mujer,39,500000,500000
3408,Noroeste,mujer,28,400000,500000
3409,Patagonia,varón,30,1500000,500000
3410,Pampeana,varón,47,500000,500000
3411,Patagonia,varón,39,800000,800000
3412,Cuyo,varón,26,1200000,1300000
3413,Noroeste,varón,57,150000,200000
3414,Cuyo,varón,50,900000,3000000
3415,Noroeste,varón,35,360000,350000
3416,Noreste,varón,33,880000,902000
3417,Noreste,mujer,59,540000,540000
3418,Patagonia,mujer,21,400000,600000
3419,Pampeana,varón,30,700000,750000
3420,Cuyo,mujer,49,120000,380000
3421,Pampeana,varón,57,700000,700000
3422,Pampeana,mujer,31,100000,130000
3423,Pampeana,varón,42,600000,800000
3424,Noroeste,varón,52,500000,650000
3425,Noreste,varón,28,1000000,1000000
3426,Noroeste,mujer,30,500000,500000
3427,Noroeste,mujer,27,160000,300000
3428,Gran Buenos Aires,varón,49,2000000,2500000
3429,Noroeste,varón,58,200000,800000
3430,Noroeste,mujer,55,200000,500000
3431,Noroeste,varón,46,1200000,800000
3432,Noroeste,varón,26,950000,750000
3433,Pampeana,varón,19,64000,100000
3434,Pampeana,varón,31,800000,650000
3435,Noroeste,varón,32,380000,300000
3436,Noroeste,mujer,27,400000,400000
3437,Cuyo,varón,49,1700000,1300000
3438,Noreste,mujer,36,580000,1000000
3439,Noreste,varón,49,540000,540000
3440,Patagonia,varón,62,3000000,3000000
3441,Patagonia,mujer,51,900000,1000000
3442,Gran Buenos Aires,varón,39,1700000,2000000
3443,Gran Buenos Aires,mujer,37,600000,900000
3444,Noroeste,varón,20,320000,160000
3445,Pampeana,mujer,66,128000,112000
3446,Pampeana,varón,41,600000,0
3447,Noroeste,varón,59,400000,500000
3448,Pampeana,varón,55,800000,620000
3449,Pampeana,mujer,56,800000,350000
3450,Noreste,varón,26,900000,900000
3451,Noreste,varón,23,830000,830000
3452,Pampeana,mujer,37,390000,300000
3453,Noroeste,varón,59,700000,700000
3454,Noroeste,mujer,34,800000,700000
3455,Noroeste,varón,25,2000000,2500000
3456,Cuyo,varón,43,900000,900000
3457,Cuyo,mujer,28,600000,800000
3458,Noroeste,mujer,34,300000,500000
3459,Pampeana,varón,30,900000,700000
3460,Pampeana,mujer,23,300000,400000
3461,Gran Buenos Aires,mujer,63,290000,300000
3462,Noroeste,mujer,44,650000,700000
3463,Gran Buenos Aires,varón,47,3000000,2600000
3464,Gran Buenos Aires,mujer,45,1300000,1500000
3465,Noroeste,mujer,33,600000,600000
3466,Noroeste,mujer,57,2000000,1500000
3467,Noroeste,mujer,36,390000,380000
3468,Cuyo,varón,21,480000,700000
3469,Cuyo,mujer,23,80000,600000
3470,Pampeana,varón,29,480000,400000
3471,Noroeste,mujer,33,600000,78000
3472,Noroeste,mujer,31,300000,300000
3473,Noroeste,varón,23,400000,400000
3474,Noroeste,varón,63,150000,350000
3475,Patagonia,varón,39,1400000,1950000
3476,Noroeste,varón,62,1440000,1400000
3477,Gran Buenos Aires,mujer,48,120000,200000
3478,Gran Buenos Aires,varón,23,80000,0
3479,Gran Buenos Aires,varón,35,2772000,3100000
3480,Patagonia,varón,57,850000,1000000
3481,Patagonia,varón,34,850000,900000
3482,Patagonia,varón,33,1000000,800000
3483,Patagonia,mujer,54,2200000,2000000
3484,Pampeana,mujer,32,600000,650000
3485,Pampeana,mujer,60,120000,95000
3486,Noreste,varón,30,400000,480000
3487,Noroeste,mujer,63,80000,300000
3488,Noroeste,mujer,49,380000,470000
3489,Gran Buenos Aires,varón,48,800000,1050000
3490,Gran Buenos Aires,mujer,45,200000,150000
3491,Pampeana,mujer,58,420000,380000
3492,Noroeste,mujer,30,938000,980000
3493,Cuyo,mujer,32,50000,1200000
3494,Cuyo,varón,33,600000,600000
3495,Patagonia,varón,44,1400000,1469000
3496,Gran Buenos Aires,mujer,61,600000,600000
3497,Noreste,varón,36,900000,950000
3498,Noroeste,mujer,53,800000,1100000
3499,Noreste,mujer,35,80000,100000
3500,Patagonia,mujer,31,150000,600000
3501,Patagonia,varón,27,1000000,1800000
3502,Gran Buenos Aires,varón,46,5000000,5000000
3503,Gran Buenos Aires,mujer,44,900000,900000
3504,Noroeste,varón,43,150000,400000
3505,Patagonia,mujer,58,350000,400000
3506,Patagonia,varón,62,1200000,1400000
3507,Pampeana,mujer,27,0,0
3508,Pampeana,varón,25,800000,900000
3509,Patagonia,mujer,40,800000,850000
3510,Noreste,varón,41,800000,600000
3511,Noreste,varón,61,800000,950000
3512,Noroeste,mujer,40,250000,350000
3513,Noroeste,varón,24,350000,450000
3514,Noroeste,mujer,20,250000,350000
3515,Noroeste,varón,40,400000,600000
3516,Noreste,mujer,59,600000,780000
3517,Noreste,varón,33,450000,520000
3518,Noreste,varón,30,625000,800000
3519,Gran Buenos Aires,varón,37,1200000,600000
3520,Gran Buenos Aires,mujer,36,1200000,950000
3521,Noroeste,mujer,44,1800000,3000000
3522,Cuyo,mujer,47,500000,700000
3523,Cuyo,varón,20,200000,400000
3524,Pampeana,varón,28,900000,900000
3525,Pampeana,varón,41,500000,400000
3526,Patagonia,varón,33,2000000,2200000
3527,Patagonia,mujer,35,800000,1000000
3528,Patagonia,varón,45,1300000,2300000
3529,Patagonia,mujer,39,850000,900000
3530,Noroeste,varón,52,600000,550000
3531,Pampeana,varón,73,800000,800000
3532,Noroeste,varón,41,450000,980000
3533,Noroeste,varón,23,250000,300000
3534,Gran Buenos Aires,varón,46,1500000,800000
3535,Gran Buenos Aires,mujer,20,800000,550000
3536,Patagonia,varón,58,2100000,2000000
3537,Pampeana,mujer,37,950000,800000
3538,Cuyo,varón,48,800000,1000000
3539,Gran Buenos Aires,varón,36,450000,510000
3540,Patagonia,varón,38,320000,360000
3541,Cuyo,mujer,36,500000,200000
3542,Noroeste,mujer,40,900000,940000
3543,Pampeana,mujer,79,300000,25000
3544,Pampeana,varón,29,1000000,1200000
3545,Pampeana,mujer,25,700000,850000
3546,Noroeste,mujer,50,450000,650000
3547,Patagonia,varón,52,2400000,2000000
3548,Noroeste,varón,20,400000,350000
3549,Cuyo,varón,42,1000000,1800000
3550,Cuyo,varón,29,0,1800000
3551,Noreste,varón,41,500000,600000
3552,Noreste,mujer,33,300000,400000
3553,Gran Buenos Aires,varón,61,1200000,1300000
3554,Noroeste,mujer,57,800000,1500000
3555,Noroeste,varón,62,2000000,20000000
3556,Noroeste,mujer,47,2000000,20000000
3557,Pampeana,mujer,53,450000,300000
3558,Pampeana,mujer,24,650000,750000
3559,Cuyo,mujer,45,780000,900000
3560,Cuyo,varón,47,700000,900000
3561,Gran Buenos Aires,varón,65,2500000,1900000
3562,Noroeste,varón,40,600000,600000
3563,Noroeste,mujer,34,250000,800000
3564,Cuyo,mujer,35,20000,100000
3565,Noroeste,varón,45,400000,450000
3566,Noroeste,mujer,20,200000,300000
3567,Noreste,mujer,43,130000,120000
3568,Gran Buenos Aires,mujer,56,600000,1000000
3569,Gran Buenos Aires,varón,50,400000,200000
3570,Noreste,mujer,34,300000,200000
3571,Noreste,varón,28,600000,750000
3572,Noroeste,varón,41,600000,900000
3573,Noroeste,mujer,35,350000,400000
3574,Gran Buenos Aires,varón,29,1000000,1500000
3575,Gran Buenos Aires,mujer,27,900000,1500000
3576,Patagonia,varón,31,2500000,2000000
3577,Pampeana,varón,49,2500000,2000000
3578,Pampeana,mujer,47,450000,650000
3579,Noreste,mujer,29,300000,300000
3580,Noreste,varón,34,620000,120000
3581,Noroeste,varón,46,840000,1200000
3582,Noroeste,mujer,44,240000,144000
3583,Noroeste,varón,21,200000,100000
3584,Patagonia,varón,48,1000000,160000
3585,Patagonia,mujer,45,900000,1600000
3586,Pampeana,mujer,26,600000,500000
3587,Noroeste,mujer,51,500000,450000
3588,Cuyo,varón,36,800000,550000
3589,Patagonia,varón,43,400000,200000
3590,Pampeana,varón,44,500000,600000
3591,Noroeste,varón,54,900000,900000
3592,Noroeste,mujer,54,600000,650000
3593,Pampeana,mujer,53,1700000,2000000
3594,Noreste,varón,44,800000,800000
3595,Noreste,varón,25,400000,400000
3596,Gran Buenos Aires,varón,61,1500000,1300000
3597,Gran Buenos Aires,mujer,60,2000000,3000000
3598,Gran Buenos Aires,varón,29,1200000,1500000
3599,Cuyo,mujer,46,300000,350000
3600,Noreste,varón,37,300000,800000
3601,Patagonia,varón,26,890000,500000
3602,Pampeana,varón,44,1000000,2500000
3603,Pampeana,mujer,39,250000,900000
3604,Pampeana,varón,27,460000,680000
3605,Gran Buenos Aires,varón,72,450000,1120000
3606,Noroeste,varón,62,0,360000
3607,Noroeste,mujer,61,180000,300000
3608,Noroeste,mujer,31,168000,400000
3609,Pampeana,mujer,54,600000,500000
3610,Pampeana,varón,47,480000,500000
3611,Pampeana,varón,27,220000,160000
3612,Pampeana,mujer,47,700000,700000
3613,Patagonia,varón,27,100000,300000
3614,Noroeste,varón,38,550000,480000
3615,Noreste,varón,29,400000,200000
3616,Noreste,mujer,32,140000,150000
3617,Noreste,varón,64,1500000,1500000
3618,Gran Buenos Aires,varón,48,1350000,1000000
3619,Gran Buenos Aires,mujer,24,850000,400000
3620,Pampeana,varón,33,600000,600000
3621,Gran Buenos Aires,varón,59,400000,800000
3622,Gran Buenos Aires,mujer,38,300000,300000
3623,Pampeana,varón,46,200000,370000
3624,Cuyo,mujer,48,600000,600000
3625,Noroeste,mujer,46,100000,0
3626,Noroeste,mujer,23,100000,240000
3627,Pampeana,varón,65,600000,1000000
3628,Cuyo,varón,38,1500000,1100000
3629,Cuyo,varón,42,1000000,1200000
3630,Noroeste,mujer,36,1200000,900000
3631,Noroeste,varón,26,400000,360000
3632,Noroeste,mujer,22,200000,200000
3633,Noreste,varón,51,500000,600000
3634,Noreste,mujer,47,500000,500000
3635,Noroeste,varón,36,680000,800000
3636,Pampeana,varón,54,800000,830000
3637,Pampeana,varón,28,1400000,1000000
3638,Pampeana,mujer,44,700000,500000
3639,Noreste,varón,50,600000,600000
3640,Pampeana,varón,61,1000000,1500000
3641,Pampeana,mujer,53,1200000,1200000
3642,Pampeana,varón,37,700000,1000000
3643,Gran Buenos Aires,mujer,31,700000,0
3644,Cuyo,varón,49,600000,400000
3645,Noroeste,varón,53,900000,500000
3646,Noroeste,mujer,39,150000,96000
3647,Noroeste,varón,36,500000,500000
3648,Noroeste,varón,40,880000,850000
3649,Noroeste,mujer,43,880000,850000
3650,Gran Buenos Aires,mujer,44,900000,1200000
3651,Pampeana,mujer,50,750000,800000
3652,Pampeana,varón,48,800000,800000
3653,Pampeana,varón,22,800000,800000
3654,Pampeana,mujer,44,80000,240000
3655,Cuyo,mujer,54,420000,600000
3656,Noreste,mujer,44,600000,600000
3657,Noreste,varón,44,600000,600000
3658,Cuyo,varón,44,600000,300000
3659,Pampeana,varón,56,1100000,1400000
3660,Pampeana,mujer,48,900000,1000000
3661,Pampeana,varón,28,800000,800000
3662,Noroeste,mujer,23,500000,0
3663,Noroeste,varón,44,300000,300000
3664,Noroeste,mujer,43,400000,330000
3665,Gran Buenos Aires,varón,58,1500000,2100000
3666,Gran Buenos Aires,varón,22,0,600000
3667,Noroeste,mujer,46,900000,1100000
3668,Pampeana,varón,55,320000,250000
3669,Pampeana,mujer,65,700000,400000
3670,Pampeana,mujer,53,1000000,1000000
3671,Pampeana,varón,23,300000,300000
3672,Pampeana,varón,23,480000,1100000
3673,Gran Buenos Aires,mujer,71,0,600000
3674,Pampeana,mujer,33,300000,200000
3675,Pampeana,mujer,38,800000,1200000
3676,Pampeana,varón,52,1300000,1200000
3677,Cuyo,mujer,41,950000,1000000
3678,Pampeana,mujer,66,200000,200000
3679,Patagonia,mujer,48,1200000,1300000
3680,Noroeste,mujer,33,400000,600000
3681,Patagonia,mujer,41,0,0
3682,Cuyo,varón,41,1500000,1800000
3683,Cuyo,mujer,41,500000,800000
3684,Patagonia,varón,28,1000000,900000
3685,Patagonia,mujer,25,1100000,900000
3686,Noreste,mujer,43,750000,860000
3687,Noreste,varón,42,500000,600000
3688,Gran Buenos Aires,varón,64,300000,350000
3689,Pampeana,mujer,52,60000,80000
3690,Noroeste,varón,50,480000,600000
3691,Cuyo,mujer,59,700000,800000
3692,Gran Buenos Aires,mujer,58,330000,900000
3693,Noreste,varón,42,800000,800000
3694,Cuyo,varón,63,100000,600000
3695,Cuyo,mujer,60,100000,50000
3696,Cuyo,mujer,34,270000,220000
3697,Cuyo,mujer,48,400000,520000
3698,Cuyo,varón,24,200000,240000
3699,Cuyo,mujer,55,180000,295000
3700,Gran Buenos Aires,varón,51,1000000,902000
3701,Noreste,mujer,25,600000,850000
3702,Gran Buenos Aires,mujer,55,700000,280000
3703,Noreste,varón,61,280000,300000
3704,Pampeana,varón,38,800000,1200000
3705,Gran Buenos Aires,varón,66,2000000,2000000
3706,Cuyo,mujer,27,580000,580000
3707,Cuyo,varón,57,790000,700000
3708,Cuyo,varón,33,320000,480000
3709,Cuyo,mujer,24,200000,200000
3710,Noreste,varón,34,4000000,1500000
3711,Noroeste,varón,65,580000,700000
3712,Noroeste,mujer,57,430000,650000
3713,Patagonia,mujer,30,800000,800000
3714,Patagonia,mujer,41,25000,30000
3715,Pampeana,mujer,50,0,500000
3716,Pampeana,varón,46,800000,500000
3717,Noroeste,varón,64,1300000,1700000
3718,Noroeste,mujer,27,120000,400000
3719,Noroeste,varón,25,600000,900000
3720,Gran Buenos Aires,varón,50,1100000,1200000
3721,Pampeana,varón,42,700000,800000
3722,Noroeste,mujer,56,30000,40000
3723,Noroeste,mujer,61,100000,60000
3724,Gran Buenos Aires,varón,43,1200000,1000000
3725,Pampeana,mujer,29,720000,960000
3726,Pampeana,varón,28,600000,650000
3727,Pampeana,mujer,44,43000,600000
3728,Noroeste,mujer,46,800000,1650000
3729,Noroeste,varón,22,800000,700000
3730,Noroeste,mujer,23,30000,400000
3731,Noroeste,varón,32,700000,800000
3732,Noroeste,mujer,33,950000,1100000
3733,Noroeste,varón,34,300000,300000
3734,Noroeste,mujer,29,72000,72000
3735,Noroeste,varón,25,680000,800000
3736,Noroeste,varón,30,0,700000
3737,Noroeste,varón,30,400000,500000
3738,Pampeana,varón,32,900000,1120000
3739,Pampeana,mujer,31,500000,320000
3740,Noroeste,varón,42,700000,850000
3741,Noroeste,mujer,50,500000,1000000
3742,Pampeana,varón,39,700000,700000
3743,Pampeana,mujer,44,340000,370000
3744,Pampeana,varón,49,350000,500000
3745,Pampeana,mujer,46,1000000,1500000
3746,Noroeste,varón,35,900000,1200000
3747,Gran Buenos Aires,varón,50,900000,890000
3748,Gran Buenos Aires,varón,29,800000,800000
3749,Noroeste,varón,54,1000000,1400000
3750,Noroeste,mujer,47,900000,1300000
3751,Pampeana,varón,32,600000,600000
3752,Pampeana,mujer,36,400000,450000
3753,Pampeana,varón,60,1500000,1500000
3754,Pampeana,mujer,55,1500000,1300000
3755,Pampeana,mujer,25,0,620000
3756,Noroeste,mujer,55,150000,170000
3757,Noroeste,varón,55,78000,400000
3758,Noroeste,mujer,29,650000,800000
3759,Noroeste,varón,64,1000000,900000
3760,Noreste,varón,37,0,800000
3761,Cuyo,mujer,48,30000,72000
3762,Cuyo,varón,28,360000,440000
3763,Noroeste,varón,28,360000,300000
3764,Cuyo,mujer,48,250000,500000
3765,Cuyo,varón,46,250000,450000
3766,Pampeana,varón,46,400000,300000
3767,Pampeana,mujer,45,750000,1100000
3768,Gran Buenos Aires,varón,50,1200000,1246000
3769,Gran Buenos Aires,mujer,47,1200000,1200000
3770,Noroeste,varón,33,700000,800000
3771,Noreste,varón,56,100000,200000
3772,Pampeana,mujer,40,500000,700000
3773,Pampeana,varón,41,1700000,1300000
3774,Pampeana,varón,55,600000,1640000
3775,Pampeana,varón,26,500000,1000000
3776,Pampeana,varón,32,900000,800000
3777,Pampeana,mujer,47,1500000,2500000
3778,Pampeana,varón,43,2000000,3500000
3779,Cuyo,varón,44,400000,300000
3780,Noroeste,mujer,48,700000,890000
3781,Pampeana,mujer,40,1000000,1700000
3782,Cuyo,varón,45,0,0
3783,Gran Buenos Aires,varón,51,2000000,2000000
3784,Gran Buenos Aires,mujer,55,2000000,3000000
3785,Noroeste,mujer,43,900000,350000
3786,Gran Buenos Aires,varón,46,800000,400000
3787,Gran Buenos Aires,mujer,48,600000,350000
3788,Pampeana,varón,24,300000,890000
3789,Pampeana,mujer,23,400000,550000
3790,Gran Buenos Aires,varón,31,5000000,5000000
3791,Gran Buenos Aires,mujer,31,1500000,1400000
3792,Cuyo,varón,58,480000,600000
3793,Noroeste,mujer,36,400000,350000
3794,Noroeste,mujer,24,220000,240000
3795,Gran Buenos Aires,varón,43,1400000,1700000
3796,Gran Buenos Aires,mujer,30,800000,950000
3797,Noroeste,mujer,37,400000,600000
3798,Pampeana,mujer,62,800000,2000000
3799,Pampeana,varón,44,200000,200000
3800,Pampeana,varón,22,800000,400000
3801,Pampeana,varón,60,90000,180000
3802,Gran Buenos Aires,varón,35,1000000,1000000
3803,Pampeana,varón,44,850000,900000
3804,Pampeana,mujer,42,850000,980000
3805,Noroeste,mujer,52,32000,200000
3806,Noroeste,varón,36,400000,200000
3807,Noroeste,mujer,45,800000,900000
3808,Noroeste,varón,47,500000,1200000
3809,Pampeana,varón,59,1000000,2000000
3810,Gran Buenos Aires,mujer,52,900000,1100000
3811,Gran Buenos Aires,varón,20,900000,600000
3812,Pampeana,varón,43,400000,600000
3813,Noroeste,varón,26,700000,850000
3814,Noroeste,mujer,25,0,700000
3815,Noroeste,varón,56,380000,500000
3816,Noroeste,mujer,55,1000000,1300000
3817,Noreste,varón,60,600000,680000
3818,Noroeste,varón,47,1200000,200000
3819,Noroeste,mujer,52,200000,220000
3820,Noroeste,varón,54,600000,250000
3821,Noroeste,mujer,26,800000,1200000
3822,Noroeste,varón,25,500000,1500000
3823,Noroeste,varón,27,750000,1000000
3824,Noroeste,mujer,20,350000,600000
3825,Patagonia,varón,48,1800000,600000
3826,Patagonia,varón,45,700000,600000
3827,Noroeste,varón,42,1500000,1500000
3828,Noroeste,mujer,22,80000,200000
3829,Noroeste,mujer,37,200000,300000
3830,Gran Buenos Aires,varón,38,1900000,2000000
3831,Gran Buenos Aires,mujer,33,1900000,2000000
3832,Patagonia,varón,54,250000,300000
3833,Gran Buenos Aires,varón,40,2000000,4000000
3834,Noroeste,varón,78,0,200000
3835,Pampeana,mujer,66,400000,400000
3836,Pampeana,varón,27,1500000,1400000
3837,Pampeana,varón,29,900000,1200000
3838,Cuyo,mujer,27,800000,900000
3839,Cuyo,varón,30,900000,950000
3840,Gran Buenos Aires,varón,34,900000,920000
3841,Gran Buenos Aires,mujer,28,800000,820000
3842,Noroeste,varón,72,160000,200000
3843,Noroeste,mujer,52,1600000,1000000
3844,Pampeana,mujer,43,800000,600000
3845,Noroeste,mujer,41,250000,400000
3846,Noroeste,mujer,20,300000,200000
3847,Noroeste,varón,43,600000,650000
3848,Pampeana,varón,33,780000,890000
3849,Pampeana,mujer,40,500000,560000
3850,Cuyo,varón,49,300000,350000
3851,Cuyo,mujer,42,800000,500000
3852,Cuyo,varón,19,0,0
3853,Noroeste,mujer,39,400000,420000
3854,Noroeste,varón,21,400000,0
3855,Pampeana,mujer,44,288000,550000
3856,Pampeana,varón,71,800000,1000000
3857,Pampeana,mujer,27,860000,900000
3858,Noreste,varón,40,1500000,1500000
3859,Pampeana,varón,61,2700000,2600000
3860,Gran Buenos Aires,varón,43,900000,1100000
3861,Gran Buenos Aires,mujer,38,850000,900000
3862,Gran Buenos Aires,varón,26,950000,450000
3863,Gran Buenos Aires,mujer,24,800000,600000
3864,Gran Buenos Aires,varón,65,960000,800000
3865,Gran Buenos Aires,varón,62,800000,1000000
3866,Pampeana,varón,59,250000,400000
3867,Noroeste,mujer,52,96000,120000
3868,Noroeste,mujer,33,650000,550000
3869,Noroeste,varón,33,200000,700000
3870,Noroeste,varón,43,1400000,1300000
3871,Noroeste,varón,68,30000,800000
3872,Noroeste,mujer,26,350000,130000
3873,Cuyo,varón,50,600000,500000
3874,Gran Buenos Aires,mujer,33,300000,320000
3875,Noroeste,mujer,53,100000,20000
3876,Patagonia,varón,35,1000000,1000000
3877,Noroeste,varón,36,500000,650000
3878,Noroeste,mujer,33,600000,950000
3879,Noroeste,mujer,44,600000,800000
3880,Noroeste,varón,42,1300000,1200000
3881,Noreste,varón,52,800000,900000
3882,Noreste,mujer,53,600000,680000
3883,Pampeana,varón,36,1000000,1200000
3884,Pampeana,mujer,35,1100000,1000000
3885,Cuyo,varón,63,700000,850000
3886,Cuyo,mujer,28,450000,500000
3887,Noroeste,varón,54,300000,400000
3888,Noroeste,mujer,47,90000,170000
3889,Noroeste,mujer,29,150000,280000
3890,Noroeste,varón,26,200000,400000
3891,Noroeste,mujer,27,80000,480000
3892,Noroeste,mujer,40,200000,150000
3893,Pampeana,varón,29,0,600000
3894,Pampeana,varón,59,500000,600000
3895,Gran Buenos Aires,mujer,58,1300000,1600000
3896,Cuyo,varón,49,1500000,1500000
3897,Cuyo,mujer,40,150000,144000
3898,Noroeste,varón,50,280000,700000
3899,Noroeste,varón,37,400000,370000
3900,Pampeana,mujer,34,600000,1300000
3901,Cuyo,mujer,52,450000,550000
3902,Pampeana,mujer,45,1000000,1000000
3903,Gran Buenos Aires,varón,51,2000000,1000000
3904,Gran Buenos Aires,mujer,44,12000,150000
3905,Pampeana,mujer,35,340000,170000
3906,Pampeana,varón,31,550000,1000000
3907,Noroeste,varón,57,1500000,200000
3908,Noroeste,mujer,50,420000,400000
3909,Noroeste,varón,50,600000,720000
3910,Cuyo,varón,35,1200000,1600000
3911,Cuyo,mujer,35,250000,700000
3912,Gran Buenos Aires,mujer,22,120000,100000
3913,Gran Buenos Aires,mujer,19,120000,150000
3914,Noroeste,mujer,56,170000,300000
3915,Pampeana,mujer,38,5000000,3000000
3916,Pampeana,varón,38,20000000,2000000
3917,Patagonia,varón,32,800000,950000
3918,Pampeana,mujer,47,2340000,1800000
3919,Pampeana,varón,35,600000,850000
3920,Patagonia,varón,32,1000000,1000000
3921,Noroeste,varón,43,1400000,850000
3922,Noroeste,mujer,41,800000,500000
3923,Noroeste,varón,49,1000000,950000
3924,Noroeste,mujer,45,400000,350000
3925,Noroeste,mujer,37,1600000,1800000
3926,Patagonia,varón,31,800000,800000
3927,Noroeste,mujer,69,500000,1000000
3928,Pampeana,varón,43,1500000,1800000
3929,Pampeana,mujer,47,900000,980000
3930,Patagonia,mujer,43,500000,0
3931,Patagonia,varón,43,600000,800000
3932,Pampeana,varón,37,1100000,1200000
3933,Cuyo,mujer,45,1200000,1200000
3934,Pampeana,varón,63,2200000,900000
3935,Noroeste,mujer,36,340000,450000
3936,Noroeste,varón,36,500000,500000
3937,Gran Buenos Aires,mujer,28,500000,450000
3938,Noreste,varón,38,1000000,1200000
3939,Noreste,mujer,56,260000,480000
3940,Pampeana,varón,42,1200000,2000000
3941,Pampeana,mujer,42,2800000,2800000
3942,Gran Buenos Aires,varón,58,1500000,2000000
3943,Patagonia,mujer,38,1100000,700000
3944,Patagonia,varón,34,950000,1500000
3945,Noroeste,mujer,37,200000,300000
3946,Cuyo,mujer,33,700000,0
3947,Patagonia,varón,55,1800000,2900000
3948,Noroeste,mujer,35,900000,900000
3949,Pampeana,varón,36,400000,1200000
3950,Noreste,varón,62,308978,450000
3951,Cuyo,mujer,25,300000,360000
3952,Pampeana,mujer,35,600000,600000
3953,Noroeste,varón,35,900000,1800000
3954,Gran Buenos Aires,mujer,55,260000,700000
3955,Noreste,mujer,37,700000,900000
3956,Gran Buenos Aires,mujer,36,750000,800000
3957,Noreste,varón,69,500000,900000
3958,Pampeana,mujer,35,380000,0
3959,Gran Buenos Aires,varón,59,900000,800000
3960,Pampeana,varón,61,150000,360000
3961,Noreste,mujer,32,70000,600000
3962,Noroeste,varón,35,490000,450000
3963,Noroeste,varón,38,2000000,2300000
3964,Pampeana,varón,37,950000,250000
3965,Gran Buenos Aires,varón,65,1100000,900000
3966,Gran Buenos Aires,mujer,52,250000,115000
3967,Gran Buenos Aires,mujer,41,180000,90000
3968,Noreste,varón,44,1000000,1200000
3969,Noreste,mujer,46,120000,200000
3970,Patagonia,mujer,52,1700000,1120000
3971,Patagonia,varón,53,2000000,1500000
3972,Pampeana,varón,51,1200000,1500000
3973,Pampeana,mujer,24,200000,240000
3974,Patagonia,varón,31,2500000,2900000
3975,Patagonia,mujer,32,1200000,1600000
3976,Cuyo,varón,43,600000,600000
3977,Pampeana,varón,47,2800000,3000000
3978,Pampeana,mujer,41,700000,650000
3979,Noroeste,varón,27,900000,900000
3980,Noreste,mujer,66,80000,80000
3981,Pampeana,varón,39,980000,900000
3982,Pampeana,mujer,38,1000000,1000000
3983,Noroeste,mujer,43,900000,800000
3984,Noroeste,varón,38,1200000,800000
3985,Noroeste,varón,49,1200000,900000
3986,Noroeste,varón,27,1000000,1200000
3987,Noroeste,varón,25,700000,700000
3988,Noroeste,mujer,45,500000,650000
3989,Pampeana,varón,52,1500000,1400000
3990,Pampeana,mujer,49,800000,700000
3991,Noreste,varón,51,100000,200000
3992,Pampeana,varón,21,200000,300000
3993,Pampeana,mujer,22,400000,450000
3994,Pampeana,mujer,40,800000,900000
3995,Pampeana,mujer,47,8000000,6000000
3996,Noroeste,mujer,31,770000,780000
3997,Noreste,varón,39,800000,500000
3998,Pampeana,varón,35,1000040,1000000
3999,Pampeana,mujer,24,480000,900000
4000,Noroeste,varón,50,500000,1500000
4001,Noroeste,varón,29,800000,800000
4002,Noroeste,mujer,20,32000,96000
4003,Noreste,varón,54,300000,400000
4004,Noreste,varón,19,200000,400000
4005,Cuyo,varón,56,1500000,2000000
4006,Cuyo,mujer,26,240000,150000
4007,Cuyo,mujer,47,1100000,1000000
4008,Noroeste,mujer,42,900000,1300000
4009,Noroeste,mujer,42,450000,800000
4010,Noroeste,varón,51,1000000,800000
4011,Noroeste,varón,30,650000,500000
4012,Noroeste,varón,38,960000,1000000
4013,Noroeste,mujer,42,800000,1100000
4014,Cuyo,varón,52,700000,750000
4015,Cuyo,varón,53,850000,800000
4016,Noroeste,mujer,39,800000,700000
4017,Cuyo,varón,59,1300000,1800000
4018,Pampeana,varón,38,1250000,1200000
4019,Pampeana,mujer,37,1500000,800000
4020,Cuyo,varón,49,700000,700000
4021,Cuyo,varón,31,700000,650000
4022,Cuyo,varón,25,600000,650000
4023,Cuyo,varón,20,400000,650000
4024,Cuyo,varón,30,850000,450000
4025,Cuyo,mujer,40,950000,800000
4026,Noreste,varón,33,600000,900000
4027,Patagonia,varón,65,1200000,1200000
4028,Cuyo,mujer,54,400000,440000
4029,Cuyo,mujer,46,800000,500000
4030,Cuyo,varón,43,1200000,1300000
4031,Patagonia,mujer,38,950000,900000
4032,Noroeste,varón,54,600000,300000
4033,Pampeana,varón,50,1000000,1130000
4034,Cuyo,varón,62,580000,740000
4035,Pampeana,varón,46,1000000,1500000
4036,Cuyo,mujer,61,800000,1000000
4037,Cuyo,varón,36,800000,1000000
4038,Noreste,mujer,61,700000,1500000
4039,Patagonia,varón,61,1800000,1800000
4040,Noroeste,mujer,56,800000,900000
4041,Pampeana,varón,49,900000,1500000
4042,Pampeana,mujer,50,400000,50000
4043,Cuyo,mujer,31,400000,400000
4044,Noroeste,varón,37,2000000,1500000
4045,Noroeste,mujer,37,700000,600000
4046,Noroeste,varón,50,650000,450000
4047,Noroeste,mujer,28,800000,700000
4048,Pampeana,varón,55,800000,1500000
4049,Pampeana,mujer,30,1200000,1000000
4050,Cuyo,varón,66,150000,200000
4051,Cuyo,mujer,61,700000,200000
4052,Patagonia,varón,52,1200000,1500000
4053,Cuyo,varón,39,750000,900000
4054,Cuyo,mujer,40,750000,814000
4055,Noroeste,varón,37,1000000,800000
4056,Noroeste,varón,54,700000,700000
4057,Pampeana,varón,32,1200000,1300000
4058,Noreste,mujer,45,600000,600000
4059,Pampeana,mujer,38,500000,600000
4060,Noroeste,varón,57,600000,800000
4061,Noreste,varón,23,400000,200000
4062,Patagonia,varón,50,1500000,1200000
4063,Noroeste,mujer,55,360000,384000
4064,Noreste,mujer,66,800000,860000
4065,Gran Buenos Aires,varón,54,800000,900000
4066,Gran Buenos Aires,varón,20,550000,1000000
4067,Noroeste,mujer,49,600000,800000
4068,Noroeste,varón,32,1100000,1400000
4069,Pampeana,varón,43,900000,800000
4070,Pampeana,mujer,33,700000,1000000
4071,Pampeana,varón,35,1500000,2200000
4072,Cuyo,varón,47,1500000,1500000
4073,Cuyo,mujer,43,700000,650000
4074,Noreste,varón,24,200000,300000
4075,Noreste,mujer,22,200000,300000
4076,Pampeana,mujer,24,250000,250000
4077,Pampeana,mujer,29,270000,420000
4078,Pampeana,varón,19,350000,350000
4079,Pampeana,varón,49,1900000,1850000
4080,Pampeana,mujer,47,1800000,1800000
4081,Gran Buenos Aires,varón,36,1000000,800000
4082,Patagonia,mujer,54,1300000,1500000
4083,Noreste,varón,44,1280000,1000000
4084,Cuyo,varón,31,700000,660000
4085,Noreste,varón,35,450000,580000
4086,Noroeste,varón,52,600000,600000
4087,Pampeana,mujer,43,1200000,2500000
4088,Pampeana,mujer,44,100000,100000
4089,Patagonia,mujer,55,900000,1100000
4090,Patagonia,mujer,29,600000,250000
4091,Noroeste,varón,29,450000,600000
4092,Pampeana,mujer,52,560000,600000
4093,Noroeste,mujer,48,78000,78000
4094,Noroeste,mujer,47,970000,1100000
4095,Noroeste,varón,41,300000,450000
4096,Noroeste,mujer,38,150000,200000
4097,Pampeana,mujer,42,750000,800000
4098,Pampeana,varón,18,300000,300000
4099,Cuyo,mujer,55,200000,144000
4100,Cuyo,varón,43,420000,200000
4101,Cuyo,varón,37,200000,0
4102,Noreste,varón,63,800000,850000
4103,Noreste,varón,33,500000,700000
4104,Noreste,varón,29,400000,600000
4105,Gran Buenos Aires,varón,42,1600000,1800000
4106,Pampeana,mujer,54,120000,200000
4107,Noroeste,varón,44,2000000,2000000
4108,Pampeana,varón,37,1000000,1000000
4109,Pampeana,mujer,36,1200000,1200000
4110,Cuyo,varón,38,600000,400000
4111,Pampeana,varón,53,600000,800000
4112,Pampeana,varón,41,850000,900000
4113,Pampeana,mujer,43,200000,60000
4114,Pampeana,mujer,38,289000,300000
4115,Pampeana,mujer,19,170000,100000
4116,Pampeana,varón,34,700000,800000
4117,Pampeana,mujer,53,40000,150000
4118,Pampeana,varón,37,700000,800000
4119,Pampeana,mujer,29,550000,400000
4120,Noroeste,mujer,42,200000,240000
4121,Patagonia,mujer,48,1100000,1200000
4122,Patagonia,mujer,32,600000,1200000
4123,Pampeana,mujer,53,350000,500000
4124,Pampeana,varón,25,900000,900000
4125,Pampeana,varón,21,600000,700000
4126,Cuyo,varón,60,400000,400000
4127,Cuyo,mujer,29,300000,300000
4128,Pampeana,mujer,38,600000,800000
4129,Noreste,varón,50,800000,950000
4130,Pampeana,varón,32,640000,1200000
4131,Cuyo,varón,45,1000000,1700000
4132,Cuyo,mujer,39,400000,400000
4133,Cuyo,varón,19,100000,80000
4134,Pampeana,mujer,34,800000,950000
4135,Pampeana,varón,37,1000000,1200000
4136,Pampeana,mujer,42,300000,350000
4137,Noreste,varón,38,600000,400000
4138,Pampeana,varón,37,640000,600000
4139,Pampeana,mujer,64,300000,200000
4140,Noroeste,varón,59,300000,0
4141,Noroeste,mujer,57,250000,150000
4142,Noroeste,varón,32,1500000,1400000
4143,Pampeana,varón,28,400000,0
4144,Pampeana,mujer,30,350000,350000
4145,Noroeste,varón,28,0,960000
4146,Pampeana,mujer,47,750000,700000
4147,Pampeana,mujer,41,500000,900000
4148,Pampeana,mujer,42,1300000,800000
4149,Pampeana,mujer,34,1000000,1200000
4150,Pampeana,varón,21,500000,500000
4151,Pampeana,varón,32,480000,600000
4152,Pampeana,mujer,54,200000,200000
4153,Pampeana,varón,58,600000,200000
4154,Pampeana,mujer,61,500000,700000
4155,Pampeana,varón,25,800000,900000
4156,Gran Buenos Aires,mujer,50,2000000,1200000
4157,Patagonia,varón,37,200000,1500000
4158,Noroeste,varón,28,300000,500000
4159,Pampeana,varón,30,800000,530000
4160,Cuyo,mujer,39,200000,400000
4161,Cuyo,varón,57,800000,800000
4162,Cuyo,varón,30,480000,600000
4163,Patagonia,mujer,40,900000,1500000
4164,Pampeana,mujer,41,300000,500000
4165,Pampeana,varón,40,1000000,1000000
4166,Gran Buenos Aires,varón,37,1000000,0
4167,Noroeste,varón,51,800000,480000
4168,Noroeste,mujer,37,400000,380000
4169,Pampeana,varón,37,390000,520000
4170,Gran Buenos Aires,mujer,44,900000,900000
4171,Gran Buenos Aires,varón,44,900000,900000
4172,Cuyo,varón,44,580000,650000
4173,Cuyo,varón,18,350000,400000
4174,Patagonia,mujer,53,2500000,1200000
4175,Patagonia,mujer,24,800000,600000
4176,Noroeste,varón,57,980000,980000
4177,Patagonia,varón,43,1000000,970000
4178,Patagonia,mujer,40,1000000,1100000
4179,Patagonia,varón,42,3000000,4000000
4180,Patagonia,mujer,27,1000000,1200000
4181,Gran Buenos Aires,mujer,26,70000,600000
4182,Gran Buenos Aires,varón,31,270000,800000
4183,Noroeste,mujer,52,300000,400000
4184,Patagonia,varón,26,1200000,1000000
4185,Pampeana,varón,34,1400000,900000
4186,Gran Buenos Aires,mujer,47,360000,380000
4187,Pampeana,varón,33,500000,600000
4188,Pampeana,mujer,28,1000000,1500000
4189,Noroeste,varón,37,0,520000
4190,Gran Buenos Aires,mujer,45,43500,600000
4191,Pampeana,mujer,48,500000,500000
4192,Pampeana,varón,65,500000,1200000
4193,Gran Buenos Aires,varón,65,300000,160000
4194,Gran Buenos Aires,mujer,61,600000,500000
4195,Gran Buenos Aires,varón,48,800000,2000000
4196,Gran Buenos Aires,mujer,28,400000,100000
4197,Noroeste,mujer,28,200000,200000
4198,Noroeste,varón,49,400000,600000
4199,Noroeste,mujer,27,78000,78000
4200,Patagonia,varón,49,750000,800000
4201,Pampeana,varón,31,300000,350000
4202,Noroeste,varón,52,50000,600000
4203,Pampeana,varón,54,1100000,1200000
4204,Pampeana,varón,28,800000,800000
4205,Pampeana,mujer,25,300000,500000
4206,Pampeana,varón,46,1000000,1000000
4207,Pampeana,mujer,44,700000,800000
4208,Gran Buenos Aires,varón,20,280000,0
4209,Pampeana,mujer,53,0,0
4210,Pampeana,varón,51,1600000,1900000
4211,Cuyo,mujer,30,600000,600000
4212,Patagonia,mujer,35,400000,400000
4213,Pampeana,varón,28,900000,1100000
4214,Pampeana,mujer,28,850000,1000000
4215,Gran Buenos Aires,varón,61,1500000,1500000
4216,Cuyo,varón,28,750000,1000000
4217,Patagonia,varón,47,900000,700000
4218,Patagonia,mujer,38,850000,1450000
4219,Noroeste,varón,41,1500000,1500000
4220,Noroeste,mujer,32,500000,700000
4221,Gran Buenos Aires,varón,47,900000,600000
4222,Pampeana,mujer,19,400000,500000
4223,Pampeana,varón,49,900000,840000
4224,Pampeana,mujer,30,300000,160000
4225,Noroeste,varón,40,450000,550000
4226,Noroeste,mujer,39,200000,300000
4227,Pampeana,varón,47,600000,900000
4228,Patagonia,varón,36,800000,400000
4229,Patagonia,mujer,37,750000,700000
4230,Pampeana,varón,34,900000,900000
4231,Gran Buenos Aires,mujer,32,0,100000
4232,Pampeana,mujer,55,900000,900000
4233,Noroeste,varón,44,600000,730000
4234,Noroeste,mujer,39,360000,380000
4235,Gran Buenos Aires,mujer,50,200000,100000
4236,Pampeana,varón,42,400000,2500000
4237,Pampeana,varón,50,870000,380000
4238,Pampeana,varón,32,850000,720000
4239,Pampeana,varón,30,300000,200000
4240,Pampeana,mujer,52,850000,750000
4241,Pampeana,mujer,38,450000,500000
4242,Pampeana,varón,34,600000,650000
4243,Pampeana,mujer,26,410000,400000
4244,Patagonia,varón,35,700000,1000000
4245,Patagonia,mujer,35,500000,500000
4246,Patagonia,varón,76,200000,150000
4247,Noroeste,varón,28,400000,700000
4248,Pampeana,varón,23,1000000,600000
4249,Noreste,varón,25,600000,600000
4250,Pampeana,varón,66,550000,460000
4251,Gran Buenos Aires,varón,51,800000,800000
4252,Gran Buenos Aires,mujer,46,500000,700000
4253,Pampeana,mujer,41,800000,1200000
4254,Pampeana,varón,56,1500000,2000000
4255,Patagonia,mujer,33,570000,500000
4256,Noroeste,varón,40,700000,800000
4257,Noroeste,varón,33,900000,900000
4258,Noroeste,mujer,26,800000,880000
4259,Noroeste,varón,33,400000,400000
4260,Pampeana,varón,40,1300000,1300000
4261,Gran Buenos Aires,varón,81,2000000,400000
4262,Pampeana,varón,61,1000000,1200000
4263,Pampeana,mujer,60,750000,1800000
4264,Gran Buenos Aires,varón,50,1500000,2000000
4265,Gran Buenos Aires,mujer,50,1500000,2000000
4266,Noroeste,mujer,24,350000,350000
4267,Gran Buenos Aires,varón,70,2000000,2300000
4268,Gran Buenos Aires,mujer,68,1000000,1000000
4269,Noroeste,varón,25,340000,460000
4270,Noroeste,varón,41,800000,600000
4271,Noroeste,mujer,37,0,400000
4272,Patagonia,mujer,40,280000,400000
4273,Noroeste,mujer,30,680000,680000
4274,Cuyo,varón,36,700000,700000
4275,Pampeana,mujer,33,600000,600000
4276,Pampeana,varón,34,1000000,800000
4277,Noroeste,varón,63,1500000,1000000
4278,Noroeste,varón,20,500000,300000
4279,Noroeste,varón,39,300000,300000
4280,Pampeana,varón,60,2000000,2000000
4281,Pampeana,mujer,59,1000000,1600000
4282,Patagonia,mujer,47,470000,600000
4283,Patagonia,mujer,33,250000,400000
4284,Noroeste,varón,36,530000,800000
4285,Gran Buenos Aires,varón,62,3500000,4500000
4286,Gran Buenos Aires,mujer,60,800000,1500000
4287,Patagonia,mujer,51,34000,50000
4288,Cuyo,varón,47,300000,360000
4289,Cuyo,mujer,37,200000,700000
4290,Gran Buenos Aires,mujer,37,850000,300000
4291,Pampeana,varón,77,80000,65000
4292,Noroeste,mujer,45,120000,0
4293,Noroeste,varón,46,100000,720000
4294,Noroeste,varón,26,80000,0
4295,Patagonia,varón,18,1000000,800000
4296,Pampeana,varón,38,400000,400000
4297,Noroeste,mujer,22,500000,100000
4298,Gran Buenos Aires,varón,51,400000,500000
4299,Pampeana,mujer,54,300000,700000
4300,Noroeste,mujer,62,200000,250000
4301,Pampeana,varón,62,600000,600000
4302,Pampeana,varón,38,2500000,2500000
4303,Gran Buenos Aires,mujer,52,140000,140000
4304,Gran Buenos Aires,mujer,51,2500000,2600000
4305,Patagonia,varón,37,1000000,1300000
4306,Patagonia,mujer,34,1200000,1500000
4307,Gran Buenos Aires,varón,48,1500000,1200000
4308,Pampeana,varón,48,900000,1200000
4309,Pampeana,mujer,46,800000,1000000
4310,Pampeana,varón,36,0,2000000
4311,Pampeana,mujer,35,1000000,1200000
4312,Gran Buenos Aires,mujer,48,80000,84000
4313,Gran Buenos Aires,varón,46,800000,1100000
4314,Pampeana,mujer,44,350000,1300000
4315,Cuyo,mujer,59,880000,950000
4316,Noroeste,mujer,34,300000,350000
4317,Noroeste,varón,51,1300000,1300000
4318,Noroeste,mujer,29,1000000,1400000
4319,Noroeste,mujer,42,600000,1000000
4320,Noroeste,mujer,32,600000,900000
4321,Noroeste,varón,49,700000,400000
4322,Noroeste,mujer,53,1500000,1500000
4323,Noroeste,varón,39,1000000,500000
4324,Noroeste,varón,49,550000,730000
4325,Noreste,varón,37,1200000,1500000
4326,Patagonia,mujer,45,2800000,2000000
4327,Gran Buenos Aires,varón,42,1945000,1000000
4328,Gran Buenos Aires,mujer,38,1000000,600000
4329,Gran Buenos Aires,varón,20,600000,500000
4330,Pampeana,mujer,59,200000,270000
4331,Gran Buenos Aires,varón,36,400000,760000
4332,Noroeste,mujer,55,100000,850000
4333,Noroeste,varón,58,400000,500000
4334,Patagonia,mujer,54,1300000,1500000
4335,Pampeana,varón,51,0,450000
4336,Pampeana,varón,37,1200000,2000000
4337,Pampeana,varón,43,650000,750000
4338,Pampeana,varón,40,800000,1000000
4339,Pampeana,mujer,30,350000,400000
4340,Pampeana,varón,50,1600000,1300000
4341,Pampeana,varón,51,850000,900000
4342,Pampeana,mujer,42,120000,250000
4343,Noroeste,varón,37,200000,500000
4344,Gran Buenos Aires,mujer,31,300000,200000
4345,Gran Buenos Aires,varón,32,1100000,1200000
4346,Pampeana,varón,28,1600000,1600000
4347,Pampeana,mujer,27,4000000,4000000
4348,Pampeana,mujer,65,900000,400000
4349,Gran Buenos Aires,varón,32,800000,500000
4350,Gran Buenos Aires,varón,24,700000,1200000
4351,Patagonia,varón,29,1000000,1800000
4352,Noroeste,varón,47,320000,380000
4353,Pampeana,mujer,61,400000,500000
4354,Gran Buenos Aires,varón,26,700000,650000
4355,Gran Buenos Aires,varón,25,550000,1250000
4356,Noreste,varón,37,800000,900000
4357,Noreste,mujer,32,400000,600000
4358,Patagonia,varón,54,500000,610000
4359,Pampeana,varón,47,980000,1050000
4360,Pampeana,mujer,48,650000,750000
4361,Noroeste,varón,29,900000,900000
4362,Noreste,varón,47,1800000,726000
4363,Noroeste,varón,39,420000,150000
4364,Pampeana,varón,44,2000000,1800000
4365,Pampeana,varón,24,320000,500000
4366,Pampeana,varón,33,2000000,2000000
4367,Noroeste,varón,59,512000,600000
4368,Pampeana,varón,42,500000,350000
4369,Patagonia,mujer,28,300000,800000
4370,Patagonia,mujer,32,600000,650000
4371,Noroeste,mujer,61,70000,40000
4372,Noroeste,mujer,43,0,40000
4373,Patagonia,mujer,49,300000,320000
4374,Pampeana,varón,48,300000,800000
4375,Noroeste,mujer,37,96000,180000
4376,Noroeste,varón,36,480000,350000
4377,Pampeana,varón,25,900000,1000000
4378,Noroeste,varón,38,78000,500000
4379,Pampeana,varón,31,3500000,3500000
4380,Pampeana,mujer,32,2000000,2000000
4381,Gran Buenos Aires,mujer,68,200000,350000
4382,Gran Buenos Aires,varón,59,1600000,1800000
4383,Gran Buenos Aires,varón,25,500000,1400000
4384,Gran Buenos Aires,varón,21,400000,1300000
4385,Patagonia,varón,35,1300000,900000
4386,Patagonia,varón,53,840000,1220000
4387,Patagonia,mujer,30,100000,300000
4388,Pampeana,varón,50,1400000,1300000
4389,Pampeana,mujer,55,800000,708000
4390,Noroeste,mujer,33,400000,700000
4391,Noroeste,mujer,31,450000,450000
4392,Pampeana,mujer,37,500000,400000
4393,Pampeana,varón,22,890000,900000
4394,Pampeana,mujer,24,300000,500000
4395,Pampeana,varón,36,1100000,1200000
4396,Patagonia,varón,32,1100000,1000000
4397,Noroeste,mujer,54,600000,600000
4398,Pampeana,mujer,41,2800000,2300000
4399,Pampeana,varón,42,650000,1000000
4400,Patagonia,varón,31,1100000,1300000
4401,Gran Buenos Aires,mujer,42,156000,162000
4402,Pampeana,mujer,27,1180000,1300000
4403,Patagonia,varón,33,1300000,1350000
4404,Patagonia,mujer,40,1700000,1800000
4405,Patagonia,varón,23,800000,560000
4406,Noroeste,mujer,44,1500000,1000000
4407,Noroeste,varón,58,240000,200000
4408,Noroeste,varón,23,180000,200000
4409,Patagonia,varón,32,614400,650000
4410,Noroeste,mujer,29,900000,1000000
4411,Noroeste,mujer,34,450000,400000
4412,Noroeste,mujer,29,190000,400000
4413,Patagonia,mujer,30,800000,890000
4414,Patagonia,varón,28,800000,950000
4415,Noroeste,varón,42,700000,600000
4416,Patagonia,mujer,53,1300000,1600000
4417,Patagonia,mujer,30,990000,1200000
4418,Noreste,varón,57,800000,860000
4419,Patagonia,varón,39,5000000,3000000
4420,Cuyo,mujer,55,200000,145000
4421,Noroeste,mujer,40,73600,67200
4422,Noroeste,varón,52,900000,700000
4423,Noreste,mujer,30,400000,470000
4424,Pampeana,mujer,48,710000,980000
4425,Pampeana,varón,32,1300000,1400000
4426,Pampeana,varón,28,800000,900000
4427,Pampeana,varón,46,580000,580000
4428,Pampeana,varón,26,80000,250000
4429,Pampeana,varón,22,400000,0
4430,Noroeste,varón,51,800000,890000
4431,Gran Buenos Aires,mujer,36,75000,100000
4432,Gran Buenos Aires,varón,42,75000,100000
4433,Noroeste,mujer,45,250000,190000
4434,Noreste,mujer,47,300000,150000
4435,Patagonia,varón,63,1000000,1700000
4436,Cuyo,mujer,25,700000,670000
4437,Cuyo,varón,29,900000,800000
4438,Pampeana,varón,29,870000,900000
4439,Pampeana,mujer,55,1500000,2000000
4440,Noreste,mujer,50,240000,300000
4441,Pampeana,varón,49,150000,250000
4442,Patagonia,varón,38,1500000,1300000
4443,Noroeste,mujer,46,100000,80000
4444,Pampeana,varón,48,1600000,2000000
4445,Pampeana,mujer,48,600000,853000
4446,Noreste,varón,28,850000,400000
4447,Pampeana,varón,35,350000,1000000
4448,Pampeana,varón,34,520000,800000
4449,Pampeana,varón,46,1200000,1200000
4450,Pampeana,mujer,46,780000,800000
4451,Gran Buenos Aires,varón,69,1500000,800000
4452,Noroeste,varón,37,700000,800000
4453,Pampeana,varón,45,1100000,1674000
4454,Pampeana,mujer,48,0,1000000
4455,Cuyo,mujer,40,400000,700000
4456,Cuyo,varón,40,200000,500000
4457,Pampeana,varón,31,1000000,1100000
4458,Cuyo,varón,44,500000,900000
4459,Pampeana,varón,30,450000,800000
4460,Pampeana,mujer,49,500000,800000
4461,Pampeana,mujer,20,1300000,1000000
4462,Cuyo,varón,40,200000,200000
4463,Cuyo,varón,35,600000,700000
4464,Pampeana,varón,52,2000000,3500000
4465,Noroeste,varón,37,800000,900000
4466,Cuyo,mujer,33,160000,290000
4467,Cuyo,mujer,30,175000,300000
4468,Pampeana,varón,63,1000000,1000000
4469,Pampeana,varón,58,600000,900000
4470,Pampeana,mujer,36,120000,250000
4471,Cuyo,mujer,64,800000,1000000
4472,Cuyo,varón,29,500000,1000000
4473,Patagonia,varón,71,1000000,1200000
4474,Noroeste,varón,34,800000,450000
4475,Patagonia,mujer,27,0,300000
4476,Patagonia,varón,33,800000,700000
4477,Patagonia,mujer,26,300000,320000
4478,Pampeana,varón,50,1200000,1500000
4479,Pampeana,mujer,34,1200000,550000
4480,Gran Buenos Aires,varón,41,900000,1050000
4481,Noroeste,varón,46,750000,900000
4482,Noroeste,varón,20,300000,250000
4483,Pampeana,varón,26,950000,900000
4484,Cuyo,mujer,37,75000,40000
4485,Gran Buenos Aires,varón,66,800000,2000000
4486,Noroeste,mujer,43,50000,120000
4487,Pampeana,mujer,40,100000,0
4488,Noroeste,varón,79,50000,250000
4489,Pampeana,varón,63,500000,700000
4490,Pampeana,mujer,60,320000,380000
4491,Pampeana,varón,31,400000,500000
4492,Gran Buenos Aires,mujer,48,220000,300000
4493,Gran Buenos Aires,varón,45,400000,500000
4494,Gran Buenos Aires,varón,38,600000,1300000
4495,Pampeana,varón,38,1000000,1800000
4496,Pampeana,mujer,23,60000,110000
4497,Pampeana,varón,23,800000,900000
4498,Pampeana,varón,39,850000,850000
4499,Pampeana,mujer,37,600000,700000
4500,Pampeana,mujer,31,1100000,1200000
4501,Pampeana,varón,36,1400000,1200000
4502,Gran Buenos Aires,varón,60,400000,600000
4503,Pampeana,varón,60,500000,1200000
4504,Pampeana,mujer,60,309000,480000
4505,Pampeana,mujer,31,800000,800000
4506,Pampeana,varón,60,1500000,1500000
4507,Pampeana,varón,66,1000000,500000
4508,Patagonia,mujer,36,900000,1200000
4509,Patagonia,varón,42,980000,500000
4510,Noroeste,mujer,39,930000,1200000
4511,Pampeana,varón,33,400000,400000
4512,Gran Buenos Aires,varón,39,250000,330000
4513,Patagonia,varón,44,1000000,800000
4514,Noroeste,varón,42,1200000,1300000
4515,Pampeana,varón,53,1000000,1400000
4516,Gran Buenos Aires,varón,26,200000,490000
4517,Noreste,varón,44,350000,400000
4518,Patagonia,varón,32,1000000,1200000
4519,Gran Buenos Aires,varón,46,870000,1200000
4520,Gran Buenos Aires,mujer,41,430000,500000
4521,Pampeana,mujer,48,300000,350000
4522,Pampeana,varón,46,800000,970000
4523,Noreste,varón,42,458000,750000
4524,Gran Buenos Aires,varón,47,4000000,4000000
4525,Gran Buenos Aires,mujer,46,400000,1000000
4526,Gran Buenos Aires,varón,22,600000,1000000
4527,Noreste,mujer,22,800000,800000
4528,Gran Buenos Aires,varón,46,150000,380000
4529,Gran Buenos Aires,mujer,45,900000,1200000
4530,Gran Buenos Aires,varón,47,1030000,2000000
4531,Gran Buenos Aires,varón,24,500000,800000
4532,Gran Buenos Aires,varón,49,800000,600000
4533,Gran Buenos Aires,varón,46,800000,0
4534,Patagonia,mujer,40,1200000,1000000
4535,Gran Buenos Aires,varón,66,3000000,6000000
4536,Cuyo,varón,39,1200000,1500000
4537,Cuyo,mujer,39,700000,620000
4538,Cuyo,mujer,44,320000,280000
4539,Cuyo,varón,28,350000,400000
4540,Patagonia,varón,41,1400000,2000000
4541,Patagonia,mujer,39,3700000,3000000
4542,Gran Buenos Aires,varón,50,810000,600000
4543,Gran Buenos Aires,varón,19,600000,600000
4544,Gran Buenos Aires,varón,48,300000,300000
4545,Noroeste,varón,44,220000,300000
4546,Noroeste,mujer,35,100000,130000
4547,Noreste,mujer,48,80000,300000
4548,Noreste,varón,20,240000,490000
4549,Noroeste,varón,62,400000,700000
4550,Noreste,varón,36,800000,480000
4551,Noreste,varón,39,350000,500000
4552,Noreste,mujer,39,300000,400000
4553,Noroeste,mujer,45,300000,600000
4554,Pampeana,mujer,35,1100000,1500000
4555,Gran Buenos Aires,varón,54,1000000,1500000
4556,Gran Buenos Aires,mujer,46,320000,500000
4557,Noroeste,mujer,47,240000,300000
4558,Noroeste,mujer,25,80000,300000
4559,Noroeste,varón,23,600000,600000
4560,Patagonia,mujer,54,1100000,1100000
4561,Patagonia,varón,47,3000000,2000000
4562,Noroeste,varón,59,1800000,1900000
4563,Patagonia,varón,36,1000000,900000
4564,Patagonia,mujer,45,1300000,1200000
4565,Gran Buenos Aires,mujer,39,600000,300000
4566,Gran Buenos Aires,varón,49,800000,1000000
4567,Pampeana,varón,37,360000,280000
4568,Pampeana,varón,29,1000000,750000
4569,Pampeana,mujer,37,700000,800000
4570,Noroeste,varón,37,259000,300000
4571,Noroeste,mujer,31,250000,245000
4572,Pampeana,varón,31,1100000,1200000
4573,Pampeana,varón,39,500000,800000
4574,Noroeste,varón,37,2000000,1000000
4575,Noroeste,mujer,29,700000,1000000
4576,Gran Buenos Aires,mujer,30,1000000,1200000
4577,Cuyo,varón,64,150000,900000
4578,Patagonia,mujer,29,600000,600000
4579,Patagonia,varón,34,2200000,1500000
4580,Cuyo,varón,19,240000,280000
4581,Gran Buenos Aires,varón,21,300000,300000
4582,Noroeste,mujer,39,500000,700000
4583,Patagonia,mujer,52,750000,900000
4584,Cuyo,mujer,56,850000,800000
4585,Cuyo,mujer,28,500000,400000
4586,Noroeste,mujer,40,800000,900000
4587,Patagonia,mujer,50,2000000,2000000
4588,Cuyo,mujer,46,1600000,1000000
4589,Pampeana,varón,35,700000,960000
4590,Pampeana,mujer,34,700000,2000000
4591,Patagonia,varón,40,1500000,800000
4592,Pampeana,varón,41,2000000,1500000
4593,Pampeana,mujer,38,1500000,2500000
4594,Gran Buenos Aires,varón,29,715000,900000
4595,Pampeana,mujer,38,1070000,1310000
4596,Pampeana,varón,70,670000,700000
4597,Patagonia,mujer,31,800000,900000
4598,Cuyo,varón,56,280000,350000
4599,Cuyo,mujer,41,650000,800000
4600,Patagonia,varón,44,1800000,1900000
4601,Patagonia,mujer,22,600000,650000
4602,Pampeana,varón,33,350000,376000
4603,Noroeste,mujer,49,1500000,1300000
4604,Cuyo,varón,32,800000,600000
4605,Patagonia,varón,67,680000,800000
4606,Noreste,varón,61,1000000,1800000
4607,Cuyo,varón,52,800000,900000
4608,Noroeste,varón,23,480000,450000
4609,Gran Buenos Aires,mujer,34,650000,590000
4610,Gran Buenos Aires,varón,35,1000000,1500000
4611,Cuyo,mujer,38,600000,600000
4612,Cuyo,varón,42,1700000,1500000
4613,Patagonia,varón,32,1800000,2000000
4614,Noreste,varón,51,500000,700000
4615,Noreste,varón,26,450000,510000
4616,Patagonia,mujer,39,1000000,860000
4617,Patagonia,varón,37,1000000,800000
4618,Noreste,varón,62,450000,517000
4619,Patagonia,mujer,31,1120000,600000
4620,Noreste,varón,31,800000,800000
4621,Noroeste,mujer,52,1300000,1200000
4622,Patagonia,varón,43,1200000,1800000
4623,Patagonia,mujer,32,1600000,1700000
4624,Patagonia,varón,36,700000,1000000
4625,Noreste,varón,27,800000,1800000
4626,Gran Buenos Aires,varón,78,500000,200000
4627,Patagonia,varón,44,2800000,2000000
4628,Patagonia,mujer,46,1600000,1500000
4629,Noreste,mujer,43,420000,500000
4630,Noroeste,varón,39,840000,850000
4631,Noroeste,mujer,37,800000,550000
4632,Noroeste,mujer,34,940000,800000
4633,Noreste,varón,26,80000,300000
4634,Pampeana,varón,28,1000000,1250000
4635,Patagonia,varón,46,2000000,2000000
4636,Noreste,varón,38,700000,600000
4637,Noroeste,mujer,33,120000,310000
4638,Noroeste,mujer,41,350000,350000
4639,Pampeana,mujer,38,1000000,1000000
4640,Pampeana,varón,37,2500000,1000000
4641,Noroeste,varón,54,200000,300000
4642,Noroeste,varón,47,1000000,1200000
4643,Pampeana,varón,55,800000,800000
4644,Pampeana,varón,48,500000,700000
4645,Pampeana,mujer,37,900000,900000
4646,Pampeana,varón,38,700000,700000
4647,Pampeana,mujer,50,1200000,1200000
4648,Pampeana,varón,53,2000000,2000000
4649,Noroeste,varón,49,300000,720000
4650,Noroeste,mujer,45,450000,450000
4651,Noroeste,varón,20,450000,150000
4652,Pampeana,varón,37,900000,950000
4653,Pampeana,mujer,39,100000,80000
4654,Patagonia,mujer,37,1200000,1200000
4655,Pampeana,mujer,37,500000,500000
4656,Pampeana,varón,39,1600000,1000000
4657,Pampeana,varón,57,450000,500000
4658,Patagonia,mujer,30,1600000,1000000
4659,Patagonia,varón,35,700000,1000000
4660,Patagonia,varón,33,950000,1000000
4661,Patagonia,mujer,48,1180000,1000000
4662,Pampeana,mujer,53,112000,144000
4663,Patagonia,varón,43,1500000,1100000
4664,Patagonia,mujer,48,200000,400000
4665,Patagonia,varón,38,1700000,2000000
4666,Noreste,varón,43,800000,810000
4667,Noroeste,varón,47,280000,700000
4668,Pampeana,mujer,49,800000,980000
4669,Patagonia,varón,34,1800000,900000
4670,Noreste,mujer,38,500000,800000
4671,Noroeste,mujer,47,600000,600000
4672,Noroeste,varón,47,450000,600000
4673,Noreste,mujer,59,850000,900000
4674,Noreste,varón,27,580000,650000
4675,Noroeste,mujer,39,200000,200000
4676,Pampeana,mujer,27,120000,150000
4677,Noroeste,varón,31,1000000,1500000
4678,Pampeana,mujer,64,500000,1500000
4679,Noreste,mujer,23,200000,200000
4680,Pampeana,varón,43,1000000,800000
4681,Noreste,mujer,48,250000,2000000
4682,Pampeana,varón,46,1400000,1400000
4683,Pampeana,mujer,43,4500000,2500000
4684,Patagonia,mujer,37,1500000,1000000
4685,Noroeste,mujer,28,220000,230000
4686,Gran Buenos Aires,varón,33,1900000,2000000
4687,Noroeste,varón,43,240000,440000
4688,Noroeste,mujer,43,180000,240000
4689,Noroeste,varón,31,450000,500000
4690,Pampeana,varón,26,700000,700000
4691,Noroeste,mujer,27,300000,250000
4692,Patagonia,varón,48,1400000,1800000
4693,Pampeana,varón,44,160000,1600000
4694,Pampeana,mujer,42,780000,900000
4695,Noroeste,varón,36,230000,330000
4696,Noroeste,mujer,23,120000,220000
4697,Gran Buenos Aires,varón,43,773000,830000
4698,Gran Buenos Aires,mujer,40,800000,1000000
4699,Cuyo,varón,33,1000000,1600000
4700,Gran Buenos Aires,varón,59,610000,1000000
4701,Gran Buenos Aires,mujer,57,910000,1050000
4702,Pampeana,mujer,43,370000,320000
4703,Noroeste,varón,41,500000,600000
4704,Cuyo,mujer,21,472000,400000
4705,Gran Buenos Aires,mujer,51,2200000,2300000
4706,Gran Buenos Aires,varón,63,5000000,2000000
4707,Noreste,mujer,50,690000,500000
4708,Patagonia,varón,25,800000,900000
4709,Noreste,varón,34,2000000,900000
4710,Cuyo,varón,24,1700000,1000000
4711,Patagonia,varón,49,900000,1500000
4712,Cuyo,varón,52,400000,440000
4713,Patagonia,mujer,53,350000,450000
4714,Patagonia,mujer,21,800000,800000
4715,Patagonia,mujer,21,500000,600000
4716,Pampeana,mujer,25,580000,1800000
4717,Pampeana,varón,25,400000,860000
4718,Noroeste,varón,50,900000,1200000
4719,Noroeste,mujer,33,200000,300000
4720,Noroeste,varón,43,200000,300000
4721,Noroeste,varón,41,800000,800000
4722,Noroeste,mujer,39,630000,600000
4723,Noroeste,mujer,47,800000,800000
4724,Noreste,varón,56,800000,1000000
4725,Noreste,mujer,39,200000,80000
4726,Noroeste,varón,45,800000,950000
4727,Noroeste,varón,33,3200000,2800000
4728,Pampeana,varón,45,1200000,500000
4729,Pampeana,mujer,42,500000,600000
4730,Pampeana,varón,51,450000,500000
4731,Gran Buenos Aires,varón,43,600000,800000
4732,Noreste,mujer,52,900000,950000
4733,Cuyo,mujer,35,644000,600000
4734,Cuyo,varón,43,280000,400000
4735,Cuyo,varón,47,500000,2000000
4736,Cuyo,mujer,46,700000,550000
4737,Pampeana,varón,47,120000,450000
4738,Patagonia,varón,36,900000,1000000
4739,Patagonia,varón,26,1900000,1500000
4740,Patagonia,mujer,25,600000,1000000
4741,Patagonia,varón,37,1500000,1300000
4742,Patagonia,mujer,37,1800000,2000000
4743,Pampeana,varón,49,400000,360000
4744,Pampeana,varón,23,300000,700000
4745,Gran Buenos Aires,varón,38,1300000,1300000
4746,Patagonia,mujer,48,800000,1200000
4747,Gran Buenos Aires,mujer,42,500000,500000
4748,Gran Buenos Aires,varón,40,1000000,1000000
4749,Pampeana,mujer,67,400000,800000
4750,Noroeste,varón,59,850000,2000000
4751,Noroeste,mujer,32,800000,400000
4752,Noroeste,varón,43,420000,340000
4753,Pampeana,mujer,50,980000,1000000
4754,Noroeste,mujer,30,0,300000
4755,Patagonia,varón,31,1500000,1500000
4756,Patagonia,mujer,37,1500000,1500000
4757,Patagonia,mujer,31,1500000,1500000
4758,Patagonia,varón,32,1500000,1000000
4759,Gran Buenos Aires,varón,39,850000,1300000
4760,Gran Buenos Aires,mujer,35,600000,800000
4761,Noroeste,mujer,43,120000,150000
4762,Noroeste,varón,24,500000,300000
4763,Patagonia,mujer,33,1000000,1100000
4764,Noroeste,varón,42,500000,250000
4765,Noroeste,varón,48,98000,400000
4766,Noroeste,mujer,26,900000,800000
4767,Noroeste,varón,24,400000,720000
4768,Noroeste,varón,40,800000,600000
4769,Noroeste,varón,43,350000,360000
4770,Noroeste,varón,22,200000,500000
4771,Noroeste,mujer,30,250000,250000
4772,Noroeste,varón,32,950000,950000
4773,Noreste,mujer,54,1500000,1700000
4774,Noreste,mujer,28,900000,950000
4775,Noreste,varón,44,1000000,1200000
4776,Pampeana,varón,44,1400000,1800000
4777,Noroeste,varón,34,880000,1000000
4778,Cuyo,varón,34,1100000,800000
4779,Cuyo,varón,19,40000,50000
4780,Pampeana,varón,49,1200000,800000
4781,Pampeana,varón,20,700000,600000
4782,Pampeana,mujer,34,500000,800000
4783,Pampeana,mujer,31,560000,620000
4784,Pampeana,varón,33,900000,1200000
4785,Noreste,varón,39,300000,150000
4786,Gran Buenos Aires,mujer,28,500000,1000000
4787,Patagonia,varón,44,2000000,1200000
4788,Patagonia,mujer,45,2500000,1000000
4789,Gran Buenos Aires,varón,37,450000,900000
4790,Pampeana,mujer,34,680000,810000
4791,Pampeana,varón,33,800000,1250000
4792,Noroeste,varón,23,550000,600000
4793,Noroeste,varón,37,450000,500000
4794,Noroeste,mujer,38,400000,450000
4795,Pampeana,varón,37,1200000,1400000
4796,Pampeana,mujer,31,650000,1000000
4797,Pampeana,mujer,28,1000000,1200000
4798,Pampeana,mujer,51,1200000,800000
4799,Pampeana,mujer,44,1200000,1200000
4800,Pampeana,varón,45,3000000,3000000
4801,Noroeste,mujer,45,450000,500000
4802,Pampeana,varón,23,1100000,1000000
4803,Pampeana,mujer,45,60000,80000
4804,Pampeana,mujer,34,500000,320000
4805,Noroeste,varón,28,420000,410000
4806,Gran Buenos Aires,varón,34,800000,900000
4807,Noroeste,varón,33,720000,200000
4808,Noroeste,mujer,30,600000,0
4809,Patagonia,varón,40,2000000,2200000
4810,Noroeste,mujer,25,200000,50000
4811,Noroeste,varón,29,160000,200000
4812,Gran Buenos Aires,varón,41,2300000,1600000
4813,Noroeste,mujer,49,470000,400000
4814,Patagonia,varón,22,300000,500000
4815,Noroeste,varón,45,264000,200000
4816,Noroeste,mujer,45,50000,50000
4817,Patagonia,varón,53,2800000,2000000
4818,Gran Buenos Aires,mujer,28,1700000,1700000
4819,Patagonia,varón,42,1300000,1400000
4820,Patagonia,mujer,49,1400000,1300000
4821,Gran Buenos Aires,mujer,36,800000,1000000
4822,Gran Buenos Aires,varón,51,900000,950000
4823,Patagonia,varón,49,4000000,4500000
4824,Patagonia,mujer,34,600000,1200000
4825,Patagonia,varón,41,2000000,2000000
4826,Gran Buenos Aires,varón,35,1300000,1300000
4827,Gran Buenos Aires,mujer,31,1250000,2000000
4828,Gran Buenos Aires,varón,31,1180000,1500000
4829,Gran Buenos Aires,varón,26,900000,900000
4830,Noreste,varón,44,900000,1120000
4831,Noreste,varón,43,1200000,1100000
4832,Noreste,mujer,32,150000,450000
4833,Noroeste,varón,39,1200000,1300000
4834,Patagonia,varón,51,1500000,1200000
4835,Patagonia,mujer,48,2900000,3500000
4836,Patagonia,varón,50,1500000,1500000
4837,Cuyo,mujer,41,265000,200000
4838,Cuyo,varón,18,120000,200000
4839,Pampeana,varón,42,1000000,1000000
4840,Pampeana,mujer,40,1000000,1000000
4841,Pampeana,varón,26,600000,700000
4842,Pampeana,mujer,27,300000,130000
4843,Pampeana,varón,25,500000,1100000
4844,Gran Buenos Aires,varón,56,900000,1000000
4845,Gran Buenos Aires,mujer,51,580000,250000
4846,Gran Buenos Aires,varón,39,958000,1000000
4847,Pampeana,mujer,37,500000,400000
4848,Cuyo,varón,43,600000,800000
4849,Noreste,varón,55,70000,0
4850,Cuyo,varón,33,400000,520000
4851,Gran Buenos Aires,mujer,38,300000,307000
4852,Gran Buenos Aires,varón,30,800000,675000
4853,Pampeana,varón,33,700000,650000
4854,Pampeana,mujer,36,200000,300000
4855,Noreste,varón,27,344000,300000
4856,Noroeste,mujer,48,700000,800000
4857,Cuyo,varón,42,1300000,2100000
4858,Cuyo,varón,36,1000000,1200000
4859,Noreste,mujer,46,540000,900000
4860,Noreste,varón,51,280000,1200000
4861,Gran Buenos Aires,mujer,28,850000,900000
4862,Gran Buenos Aires,varón,27,600000,700000
4863,Pampeana,varón,58,1000000,1000000
4864,Gran Buenos Aires,mujer,39,900000,800000
4865,Noroeste,varón,43,700000,900000
4866,Pampeana,mujer,39,500000,500000
4867,Noroeste,varón,42,1000000,600000
4868,Noroeste,varón,46,660000,700000
4869,Noroeste,varón,48,900000,1500000
4870,Noroeste,varón,19,60000,80000
4871,Pampeana,mujer,21,70000,54000
4872,Cuyo,varón,39,120000,300000
4873,Noroeste,varón,38,350000,0
4874,Noreste,varón,44,300000,80000
4875,Gran Buenos Aires,varón,51,1100000,980000
4876,Gran Buenos Aires,mujer,46,600000,450000
4877,Gran Buenos Aires,mujer,48,600000,680000
4878,Noreste,varón,49,200000,250000
4879,Noreste,mujer,50,800000,1200000
4880,Noreste,varón,45,200000,250000
4881,Noreste,varón,38,400000,550000
4882,Patagonia,mujer,51,230000,400000
4883,Cuyo,varón,29,400000,0
4884,Cuyo,mujer,29,200000,200000
4885,Noreste,varón,46,520000,700000
4886,Pampeana,varón,34,1300000,1000000
4887,Noroeste,mujer,29,78000,78000
4888,Pampeana,mujer,33,750000,700000
4889,Gran Buenos Aires,varón,33,200000,40000
4890,Gran Buenos Aires,mujer,28,600000,800000
4891,Noreste,varón,40,400000,600000
4892,Gran Buenos Aires,mujer,33,1000000,490000
4893,Gran Buenos Aires,varón,30,1000000,900000
4894,Cuyo,mujer,47,466000,300000
4895,Cuyo,varón,44,450000,700000
4896,Pampeana,varón,30,450000,400000
4897,Noroeste,varón,44,800000,900000
4898,Noroeste,mujer,45,900000,900000
4899,Cuyo,varón,40,1000000,900000
4900,Cuyo,mujer,38,400000,600000
4901,Cuyo,varón,34,0,400000
4902,Cuyo,varón,24,270000,320000
4903,Pampeana,mujer,26,100000,200000
4904,Noreste,varón,44,800000,800000
4905,Pampeana,varón,40,500000,600000
4906,Pampeana,varón,52,300000,550000
4907,Pampeana,mujer,51,600000,680000
4908,Noreste,mujer,42,270000,500000
4909,Noroeste,mujer,43,600000,800000
4910,Cuyo,varón,41,500000,600000
4911,Pampeana,varón,33,300000,900000
4912,Pampeana,mujer,28,350000,250000
4913,Pampeana,mujer,45,900000,1300000
4914,Cuyo,mujer,36,160000,200000
4915,Cuyo,varón,39,400000,400000
4916,Gran Buenos Aires,mujer,22,700000,500000
4917,Gran Buenos Aires,varón,48,1300000,1300000
4918,Gran Buenos Aires,mujer,46,1000000,1300000
4919,Gran Buenos Aires,varón,23,1200000,1200000
4920,Gran Buenos Aires,varón,63,1200000,1300000
4921,Noroeste,varón,58,200000,600000
4922,Noroeste,mujer,19,80000,120000
4923,Noroeste,varón,37,970000,900000
4924,Noreste,mujer,42,260000,350000
4925,Noreste,varón,34,800000,925000
4926,Pampeana,varón,49,480000,600000
4927,Noroeste,varón,50,650000,450000
4928,Cuyo,varón,27,1200000,1500000
4929,Cuyo,varón,33,1200000,900000
4930,Noroeste,varón,29,420000,1000000
4931,Cuyo,varón,53,120000,0
4932,Pampeana,varón,45,600000,240000
4933,Pampeana,mujer,47,112000,240000
4934,Gran Buenos Aires,varón,46,1000000,1600000
4935,Noreste,mujer,40,200000,300000
4936,Noreste,varón,40,320000,650000
4937,Pampeana,varón,40,200000,150000
4938,Noreste,varón,34,1200000,1300000
4939,Noroeste,varón,24,300000,450000
4940,Noreste,varón,22,300000,500000
4941,Pampeana,varón,23,102300,1200000
4942,Pampeana,varón,28,860000,950000
4943,Pampeana,mujer,38,600000,800000
4944,Gran Buenos Aires,varón,37,900000,1000000
4945,Pampeana,varón,39,1200000,1000000
4946,Noroeste,varón,33,400000,400000
4947,Noreste,varón,35,600000,500000
4948,Pampeana,varón,64,780000,890000
4949,Pampeana,mujer,51,320000,560000
4950,Gran Buenos Aires,varón,24,400000,450000
