id_hogar,region,miembros,tenencia_vivienda
1,Pampeana,4,propietario de la vivienda y el terreno
2,Pampeana,3,propietario de la vivienda y el terreno
3,Pampeana,2,"ocupante gratuito, con permiso"
4,Pampeana,3,propietario de la vivienda y el terreno
5,Pampeana,1,propietario de la vivienda y el terreno
6,Pampeana,3,inquilino o arrendatario
7,Pampeana,1,propietario de la vivienda y el terreno
8,Gran Buenos Aires,1,propietario de la vivienda y el terreno
9,Gran Buenos Aires,4,propietario de la vivienda y el terreno
10,Cuyo,5,inquilino o arrendatario
11,Patagonia,1,inquilino o arrendatario
12,Gran Buenos Aires,4,propietario de la vivienda y el terreno
13,Gran Buenos Aires,1,inquilino o arrendatario
14,Gran Buenos Aires,6,"ocupante de hecho, sin permiso"
15,Gran Buenos Aires,5,propietario de la vivienda y el terreno
16,Gran Buenos Aires,2,propietario de la vivienda y el terreno
17,Cuyo,3,propietario de la vivienda y el terreno
18,Pampeana,3,propietario de la vivienda y el terreno
19,Patagonia,4,propietario de la vivienda y el terreno
20,Patagonia,3,inquilino o arrendatario
21,Patagonia,3,propietario de la vivienda y el terreno
22,Patagonia,2,propietario de la vivienda y el terreno
23,Patagonia,4,propietario de la vivienda y el terreno
24,Patagonia,1,propietario de la vivienda y el terreno
25,Cuyo,1,propietario de la vivienda y el terreno
26,Pampeana,1,inquilino o arrendatario
27,Pampeana,2,inquilino o arrendatario
28,Pampeana,1,ocupante por pago de impuestos o expensas
29,Patagonia,1,propietario de la vivienda y el terreno
30,Patagonia,6,propietario de la vivienda y el terreno
31,Patagonia,3,propietario de la vivienda y el terreno
32,Patagonia,3,propietario de la vivienda y el terreno
33,Patagonia,1,inquilino o arrendatario
34,Patagonia,5,"ocupante gratuito, con permiso"
35,Patagonia,2,propietario de la vivienda y el terreno
36,Patagonia,1,inquilino o arrendatario
37,Patagonia,2,inquilino o arrendatario
38,Patagonia,4,propietario de la vivienda y el terreno
39,Noreste,10,propietario de la vivienda y el terreno
40,Noreste,4,propietario de la vivienda y el terreno
41,Noroeste,5,propietario de la vivienda y el terreno
42,Noroeste,1,en sucesión
43,Noroeste,3,propietario de la vivienda y el terreno
44,Noroeste,16,"ocupante de hecho, sin permiso"
45,Noroeste,6,propietario de la vivienda y el terreno
46,Patagonia,4,propietario de la vivienda solamente
47,Patagonia,2,propietario de la vivienda y el terreno
48,Patagonia,2,propietario de la vivienda y el terreno
49,Patagonia,2,propietario de la vivienda y el terreno
50,Patagonia,1,ocupante por pago de impuestos o expensas
51,Pampeana,1,propietario de la vivienda y el terreno
52,Pampeana,4,propietario de la vivienda y el terreno
53,Pampeana,2,propietario de la vivienda y el terreno
54,Pampeana,1,propietario de la vivienda y el terreno
55,Noreste,1,propietario de la vivienda y el terreno
56,Pampeana,3,"ocupante gratuito, con permiso"
57,Pampeana,4,propietario de la vivienda y el terreno
58,Pampeana,3,inquilino o arrendatario
59,Pampeana,2,propietario de la vivienda y el terreno
60,Pampeana,2,propietario de la vivienda y el terreno
61,Cuyo,3,inquilino o arrendatario
62,Cuyo,1,"ocupante gratuito, con permiso"
63,Cuyo,4,propietario de la vivienda y el terreno
64,Cuyo,1,inquilino o arrendatario
65,Cuyo,2,propietario de la vivienda y el terreno
66,Pampeana,3,propietario de la vivienda solamente
67,Cuyo,2,en sucesión
68,Cuyo,3,propietario de la vivienda y el terreno
69,Pampeana,6,propietario de la vivienda y el terreno
70,Pampeana,6,inquilino o arrendatario
71,Pampeana,2,propietario de la vivienda y el terreno
72,Pampeana,2,inquilino o arrendatario
73,Pampeana,1,propietario de la vivienda y el terreno
74,Noreste,3,"ocupante gratuito, con permiso"
75,Noreste,3,inquilino o arrendatario
76,Noreste,1,propietario de la vivienda y el terreno
77,Noreste,6,propietario de la vivienda y el terreno
78,Patagonia,3,propietario de la vivienda y el terreno
79,Patagonia,1,propietario de la vivienda y el terreno
80,Patagonia,4,ocupante por pago de impuestos o expensas
81,Patagonia,1,inquilino o arrendatario
82,Patagonia,4,inquilino o arrendatario
83,Patagonia,3,inquilino o arrendatario
84,Gran Buenos Aires,2,"ocupante gratuito, con permiso"
85,Gran Buenos Aires,3,propietario de la vivienda y el terreno
86,Gran Buenos Aires,3,inquilino o arrendatario
87,Pampeana,1,"ocupante gratuito, con permiso"
88,Pampeana,3,inquilino o arrendatario
89,Pampeana,2,propietario de la vivienda y el terreno
90,Pampeana,3,propietario de la vivienda y el terreno
91,Pampeana,4,propietario de la vivienda y el terreno
92,Pampeana,3,propietario de la vivienda y el terreno
93,Pampeana,3,propietario de la vivienda y el terreno
94,Patagonia,1,inquilino o arrendatario
95,Patagonia,1,inquilino o arrendatario
96,Pampeana,3,propietario de la vivienda y el terreno
97,Pampeana,1,propietario de la vivienda y el terreno
98,Pampeana,5,propietario de la vivienda y el terreno
99,Pampeana,5,propietario de la vivienda y el terreno
100,Pampeana,2,inquilino o arrendatario
101,Noroeste,3,propietario de la vivienda y el terreno
102,Noroeste,4,propietario de la vivienda y el terreno
103,Noroeste,3,propietario de la vivienda y el terreno
104,Noroeste,3,propietario de la vivienda y el terreno
105,Noroeste,4,propietario de la vivienda y el terreno
106,Pampeana,1,inquilino o arrendatario
107,Pampeana,5,propietario de la vivienda solamente
108,Pampeana,4,propietario de la vivienda y el terreno
109,Pampeana,1,propietario de la vivienda y el terreno
110,Pampeana,3,en sucesión
111,Pampeana,4,propietario de la vivienda y el terreno
112,Pampeana,2,propietario de la vivienda y el terreno
113,Pampeana,1,inquilino o arrendatario
114,Pampeana,2,inquilino o arrendatario
115,Noroeste,3,propietario de la vivienda y el terreno
116,Noroeste,2,propietario de la vivienda y el terreno
117,Noroeste,4,propietario de la vivienda y el terreno
118,Noroeste,2,propietario de la vivienda y el terreno
119,Noroeste,4,"ocupante gratuito, con permiso"
120,Noreste,3,propietario de la vivienda y el terreno
121,Noreste,3,propietario de la vivienda y el terreno
122,Noreste,3,propietario de la vivienda y el terreno
123,Noreste,1,inquilino o arrendatario
124,Noreste,1,inquilino o arrendatario
125,Pampeana,3,propietario de la vivienda y el terreno
126,Noroeste,3,inquilino o arrendatario
127,Noroeste,2,propietario de la vivienda y el terreno
128,Noroeste,3,ocupante por pago de impuestos o expensas
129,Noroeste,2,ocupante por pago de impuestos o expensas
130,Noroeste,5,"ocupante gratuito, con permiso"
131,Noroeste,4,propietario de la vivienda y el terreno
132,Noroeste,3,propietario de la vivienda y el terreno
133,Noreste,4,propietario de la vivienda y el terreno
134,Noreste,4,propietario de la vivienda y el terreno
135,Noreste,5,propietario de la vivienda y el terreno
136,Noreste,5,propietario de la vivienda y el terreno
137,Noreste,4,propietario de la vivienda y el terreno
138,Pampeana,3,propietario de la vivienda y el terreno
139,Pampeana,1,inquilino o arrendatario
140,Pampeana,1,inquilino o arrendatario
141,Pampeana,2,inquilino o arrendatario
142,Pampeana,5,inquilino o arrendatario
143,Pampeana,1,propietario de la vivienda y el terreno
144,Pampeana,2,inquilino o arrendatario
145,Pampeana,1,propietario de la vivienda y el terreno
146,Pampeana,1,propietario de la vivienda y el terreno
147,Pampeana,4,propietario de la vivienda y el terreno
148,Noroeste,2,propietario de la vivienda y el terreno
149,Noroeste,3,propietario de la vivienda y el terreno
150,Noroeste,1,propietario de la vivienda y el terreno
151,Noroeste,6,propietario de la vivienda y el terreno
152,Noroeste,1,propietario de la vivienda y el terreno
153,Noroeste,5,propietario de la vivienda solamente
154,Gran Buenos Aires,3,inquilino o arrendatario
155,Noroeste,1,propietario de la vivienda y el terreno
156,Cuyo,4,propietario de la vivienda y el terreno
157,Cuyo,3,propietario de la vivienda y el terreno
158,Cuyo,1,propietario de la vivienda y el terreno
159,Cuyo,3,"ocupante gratuito, con permiso"
160,Cuyo,4,"ocupante gratuito, con permiso"
161,Cuyo,1,inquilino o arrendatario
162,Pampeana,2,propietario de la vivienda y el terreno
163,Noroeste,3,propietario de la vivienda y el terreno
164,Pampeana,1,inquilino o arrendatario
165,Patagonia,3,propietario de la vivienda solamente
166,Pampeana,2,propietario de la vivienda y el terreno
167,Gran Buenos Aires,1,propietario de la vivienda y el terreno
168,Gran Buenos Aires,3,propietario de la vivienda y el terreno
169,Gran Buenos Aires,2,propietario de la vivienda solamente
170,Gran Buenos Aires,1,inquilino o arrendatario
171,Gran Buenos Aires,7,propietario de la vivienda solamente
172,Gran Buenos Aires,3,propietario de la vivienda y el terreno
173,Gran Buenos Aires,4,propietario de la vivienda solamente
174,Gran Buenos Aires,3,propietario de la vivienda solamente
175,Gran Buenos Aires,4,propietario de la vivienda y el terreno
176,Gran Buenos Aires,3,propietario de la vivienda y el terreno
177,Gran Buenos Aires,4,propietario de la vivienda y el terreno
178,Gran Buenos Aires,2,propietario de la vivienda y el terreno
179,Pampeana,5,propietario de la vivienda y el terreno
180,Noreste,1,inquilino o arrendatario
181,Noreste,5,propietario de la vivienda y el terreno
182,Noreste,4,inquilino o arrendatario
183,Noreste,1,propietario de la vivienda y el terreno
184,Noreste,1,propietario de la vivienda solamente
185,Gran Buenos Aires,3,inquilino o arrendatario
186,Gran Buenos Aires,1,en sucesión
187,Gran Buenos Aires,5,propietario de la vivienda y el terreno
188,Gran Buenos Aires,1,"ocupante gratuito, con permiso"
189,Gran Buenos Aires,5,ocupante por pago de impuestos o expensas
190,Cuyo,4,propietario de la vivienda y el terreno
191,Noroeste,5,propietario de la vivienda y el terreno
192,Noroeste,2,propietario de la vivienda y el terreno
193,Noroeste,2,propietario de la vivienda y el terreno
194,Cuyo,7,propietario de la vivienda y el terreno
195,Patagonia,3,propietario de la vivienda y el terreno
196,Patagonia,1,inquilino o arrendatario
197,Patagonia,2,propietario de la vivienda y el terreno
198,Patagonia,1,propietario de la vivienda y el terreno
199,Pampeana,2,propietario de la vivienda y el terreno
200,Pampeana,5,propietario de la vivienda y el terreno
201,Patagonia,2,propietario de la vivienda y el terreno
202,Patagonia,2,propietario de la vivienda y el terreno
203,Gran Buenos Aires,2,inquilino o arrendatario
204,Pampeana,2,propietario de la vivienda y el terreno
205,Pampeana,1,inquilino o arrendatario
206,Pampeana,4,inquilino o arrendatario
207,Pampeana,2,propietario de la vivienda y el terreno
208,Pampeana,1,inquilino o arrendatario
209,Noroeste,3,"ocupante gratuito, con permiso"
210,Pampeana,3,inquilino o arrendatario
211,Pampeana,2,propietario de la vivienda y el terreno
212,Pampeana,2,propietario de la vivienda y el terreno
213,Pampeana,2,propietario de la vivienda y el terreno
214,Noroeste,4,propietario de la vivienda y el terreno
215,Pampeana,4,inquilino o arrendatario
216,Pampeana,3,propietario de la vivienda y el terreno
217,Pampeana,5,propietario de la vivienda y el terreno
218,Pampeana,1,propietario de la vivienda y el terreno
219,Pampeana,1,inquilino o arrendatario
220,Pampeana,1,propietario de la vivienda y el terreno
221,Noroeste,1,inquilino o arrendatario
222,Gran Buenos Aires,1,propietario de la vivienda y el terreno
223,Gran Buenos Aires,4,propietario de la vivienda y el terreno
224,Gran Buenos Aires,2,propietario de la vivienda y el terreno
225,Gran Buenos Aires,1,propietario de la vivienda y el terreno
226,Gran Buenos Aires,2,propietario de la vivienda y el terreno
227,Gran Buenos Aires,4,propietario de la vivienda y el terreno
228,Gran Buenos Aires,4,propietario de la vivienda y el terreno
229,Gran Buenos Aires,4,propietario de la vivienda y el terreno
230,Gran Buenos Aires,3,propietario de la vivienda y el terreno
231,Gran Buenos Aires,3,propietario de la vivienda solamente
232,Pampeana,1,inquilino o arrendatario
233,Pampeana,2,inquilino o arrendatario
234,Pampeana,1,propietario de la vivienda y el terreno
235,Pampeana,2,inquilino o arrendatario
236,Pampeana,1,inquilino o arrendatario
237,Noroeste,2,propietario de la vivienda y el terreno
238,Gran Buenos Aires,4,propietario de la vivienda y el terreno
239,Gran Buenos Aires,4,inquilino o arrendatario
240,Gran Buenos Aires,5,propietario de la vivienda y el terreno
241,Gran Buenos Aires,2,propietario de la vivienda solamente
242,Pampeana,2,propietario de la vivienda y el terreno
243,Pampeana,2,inquilino o arrendatario
244,Pampeana,3,propietario de la vivienda y el terreno
245,Patagonia,3,inquilino o arrendatario
246,Patagonia,1,propietario de la vivienda y el terreno
247,Patagonia,1,propietario de la vivienda y el terreno
248,Patagonia,3,propietario de la vivienda y el terreno
249,Patagonia,1,inquilino o arrendatario
250,Patagonia,1,propietario de la vivienda y el terreno
251,Gran Buenos Aires,6,propietario de la vivienda y el terreno
252,Gran Buenos Aires,4,propietario de la vivienda solamente
253,Gran Buenos Aires,3,otra situación
254,Gran Buenos Aires,2,propietario de la vivienda y el terreno
255,Gran Buenos Aires,4,"ocupante gratuito, con permiso"
256,Gran Buenos Aires,5,propietario de la vivienda y el terreno
257,Noroeste,4,propietario de la vivienda y el terreno
258,Noroeste,2,inquilino o arrendatario
259,Pampeana,1,inquilino o arrendatario
260,Pampeana,3,propietario de la vivienda y el terreno
261,Gran Buenos Aires,1,propietario de la vivienda y el terreno
262,Gran Buenos Aires,4,propietario de la vivienda y el terreno
263,Gran Buenos Aires,3,inquilino o arrendatario
264,Gran Buenos Aires,2,propietario de la vivienda y el terreno
265,Gran Buenos Aires,1,"ocupante gratuito, con permiso"
266,Gran Buenos Aires,3,propietario de la vivienda y el terreno
267,Gran Buenos Aires,4,propietario de la vivienda y el terreno
268,Gran Buenos Aires,1,propietario de la vivienda y el terreno
269,Gran Buenos Aires,4,inquilino o arrendatario
270,Pampeana,3,propietario de la vivienda y el terreno
271,Noroeste,5,propietario de la vivienda y el terreno
272,Noroeste,4,propietario de la vivienda solamente
273,Noroeste,4,propietario de la vivienda y el terreno
274,Noroeste,5,propietario de la vivienda y el terreno
275,Pampeana,4,propietario de la vivienda y el terreno
276,Pampeana,7,propietario de la vivienda y el terreno
277,Pampeana,2,propietario de la vivienda y el terreno
278,Pampeana,3,inquilino o arrendatario
279,Pampeana,5,propietario de la vivienda y el terreno
280,Pampeana,2,propietario de la vivienda y el terreno
281,Patagonia,4,propietario de la vivienda y el terreno
282,Patagonia,2,inquilino o arrendatario
283,Patagonia,5,inquilino o arrendatario
284,Patagonia,4,propietario de la vivienda y el terreno
285,Patagonia,1,inquilino o arrendatario
286,Patagonia,3,propietario de la vivienda y el terreno
287,Patagonia,5,propietario de la vivienda y el terreno
288,Patagonia,2,propietario de la vivienda y el terreno
289,Patagonia,3,propietario de la vivienda y el terreno
290,Patagonia,4,propietario de la vivienda y el terreno
291,Pampeana,1,propietario de la vivienda y el terreno
292,Pampeana,3,propietario de la vivienda y el terreno
293,Pampeana,6,propietario de la vivienda y el terreno
294,Pampeana,5,"ocupante gratuito, con permiso"
295,Pampeana,7,"ocupante gratuito, con permiso"
296,Noreste,3,propietario de la vivienda y el terreno
297,Noreste,4,propietario de la vivienda y el terreno
298,Noreste,2,propietario de la vivienda y el terreno
299,Cuyo,5,propietario de la vivienda y el terreno
300,Cuyo,2,propietario de la vivienda y el terreno
301,Cuyo,2,propietario de la vivienda y el terreno
302,Cuyo,4,"ocupante gratuito, con permiso"
303,Cuyo,2,en sucesión
304,Cuyo,2,propietario de la vivienda y el terreno
305,Cuyo,2,propietario de la vivienda y el terreno
306,Noreste,3,propietario de la vivienda y el terreno
307,Noreste,4,propietario de la vivienda solamente
308,Pampeana,1,propietario de la vivienda solamente
309,Pampeana,3,propietario de la vivienda y el terreno
310,Pampeana,2,inquilino o arrendatario
311,Pampeana,3,inquilino o arrendatario
312,Pampeana,1,propietario de la vivienda y el terreno
313,Patagonia,2,"ocupante gratuito, con permiso"
314,Patagonia,1,propietario de la vivienda y el terreno
315,Pampeana,1,propietario de la vivienda y el terreno
316,Pampeana,1,inquilino o arrendatario
317,Pampeana,1,inquilino o arrendatario
318,Patagonia,3,"ocupante gratuito, con permiso"
319,Patagonia,4,propietario de la vivienda y el terreno
320,Patagonia,2,propietario de la vivienda y el terreno
321,Patagonia,1,propietario de la vivienda y el terreno
322,Patagonia,2,"ocupante gratuito, con permiso"
323,Pampeana,3,propietario de la vivienda y el terreno
324,Pampeana,5,"ocupante gratuito, con permiso"
325,Pampeana,9,propietario de la vivienda y el terreno
326,Pampeana,1,ocupante por pago de impuestos o expensas
327,Pampeana,2,propietario de la vivienda y el terreno
328,Cuyo,3,propietario de la vivienda y el terreno
329,Cuyo,1,propietario de la vivienda y el terreno
330,Noroeste,8,propietario de la vivienda y el terreno
331,Noroeste,8,propietario de la vivienda y el terreno
332,Noroeste,3,propietario de la vivienda y el terreno
333,Noroeste,3,propietario de la vivienda solamente
334,Pampeana,8,propietario de la vivienda solamente
335,Patagonia,4,inquilino o arrendatario
336,Noreste,1,propietario de la vivienda y el terreno
337,Patagonia,3,inquilino o arrendatario
338,Patagonia,3,propietario de la vivienda y el terreno
339,Patagonia,5,propietario de la vivienda y el terreno
340,Patagonia,5,propietario de la vivienda y el terreno
341,Noroeste,2,propietario de la vivienda y el terreno
342,Noroeste,3,propietario de la vivienda y el terreno
343,Noroeste,5,propietario de la vivienda y el terreno
344,Noroeste,1,propietario de la vivienda y el terreno
345,Noroeste,5,propietario de la vivienda y el terreno
346,Noroeste,3,propietario de la vivienda y el terreno
347,Noroeste,3,propietario de la vivienda y el terreno
348,Noroeste,5,propietario de la vivienda y el terreno
349,Cuyo,3,propietario de la vivienda y el terreno
350,Noreste,2,propietario de la vivienda y el terreno
351,Noreste,1,inquilino o arrendatario
352,Noreste,2,propietario de la vivienda y el terreno
353,Pampeana,2,inquilino o arrendatario
354,Pampeana,3,propietario de la vivienda y el terreno
355,Pampeana,2,ocupante por pago de impuestos o expensas
356,Pampeana,3,inquilino o arrendatario
357,Pampeana,4,propietario de la vivienda y el terreno
358,Pampeana,2,propietario de la vivienda y el terreno
359,Pampeana,3,propietario de la vivienda y el terreno
360,Noreste,1,propietario de la vivienda y el terreno
361,Cuyo,3,propietario de la vivienda y el terreno
362,Cuyo,1,propietario de la vivienda y el terreno
363,Cuyo,2,propietario de la vivienda y el terreno
364,Cuyo,5,propietario de la vivienda y el terreno
365,Noreste,3,inquilino o arrendatario
366,Noreste,3,propietario de la vivienda solamente
367,Noreste,4,propietario de la vivienda y el terreno
368,Patagonia,3,"ocupante gratuito, con permiso"
369,Cuyo,4,inquilino o arrendatario
370,Cuyo,3,propietario de la vivienda y el terreno
371,Cuyo,4,propietario de la vivienda y el terreno
372,Cuyo,1,propietario de la vivienda y el terreno
373,Noreste,2,propietario de la vivienda solamente
374,Cuyo,1,"ocupante gratuito, con permiso"
375,Cuyo,3,inquilino o arrendatario
376,Cuyo,1,propietario de la vivienda y el terreno
377,Cuyo,1,inquilino o arrendatario
378,Noreste,1,propietario de la vivienda y el terreno
379,Noreste,2,propietario de la vivienda y el terreno
380,Noreste,1,propietario de la vivienda y el terreno
381,Noreste,2,propietario de la vivienda y el terreno
382,Noreste,4,propietario de la vivienda y el terreno
383,Pampeana,3,propietario de la vivienda y el terreno
384,Pampeana,3,inquilino o arrendatario
385,Pampeana,3,inquilino o arrendatario
386,Pampeana,2,inquilino o arrendatario
387,Pampeana,4,inquilino o arrendatario
388,Pampeana,5,inquilino o arrendatario
389,Pampeana,5,propietario de la vivienda y el terreno
390,Gran Buenos Aires,1,inquilino o arrendatario
391,Gran Buenos Aires,4,propietario de la vivienda y el terreno
392,Gran Buenos Aires,1,"ocupante gratuito, con permiso"
393,Pampeana,2,propietario de la vivienda y el terreno
394,Cuyo,2,inquilino o arrendatario
395,Cuyo,2,"ocupante gratuito, con permiso"
396,Noroeste,1,propietario de la vivienda y el terreno
397,Noreste,1,propietario de la vivienda solamente
398,Noreste,4,propietario de la vivienda y el terreno
399,Noroeste,5,propietario de la vivienda y el terreno
400,Noroeste,3,"ocupante gratuito, con permiso"
401,Noroeste,4,propietario de la vivienda y el terreno
402,Cuyo,1,en sucesión
403,Pampeana,1,"ocupante gratuito, con permiso"
404,Pampeana,2,propietario de la vivienda y el terreno
405,Pampeana,4,propietario de la vivienda y el terreno
406,Pampeana,2,propietario de la vivienda y el terreno
407,Noroeste,1,propietario de la vivienda y el terreno
408,Noroeste,3,propietario de la vivienda y el terreno
409,Noroeste,3,propietario de la vivienda y el terreno
410,Noroeste,7,propietario de la vivienda y el terreno
411,Noroeste,2,propietario de la vivienda y el terreno
412,Gran Buenos Aires,2,propietario de la vivienda y el terreno
413,Gran Buenos Aires,1,propietario de la vivienda y el terreno
414,Gran Buenos Aires,1,propietario de la vivienda y el terreno
415,Gran Buenos Aires,3,"ocupante gratuito, con permiso"
416,Pampeana,2,inquilino o arrendatario
417,Pampeana,3,propietario de la vivienda y el terreno
418,Patagonia,3,propietario de la vivienda y el terreno
419,Patagonia,3,propietario de la vivienda y el terreno
420,Noreste,6,inquilino o arrendatario
421,Noreste,3,propietario de la vivienda y el terreno
422,Noroeste,3,inquilino o arrendatario
423,Noroeste,4,inquilino o arrendatario
424,Noroeste,4,propietario de la vivienda y el terreno
425,Pampeana,4,propietario de la vivienda y el terreno
426,Pampeana,4,propietario de la vivienda y el terreno
427,Pampeana,4,inquilino o arrendatario
428,Pampeana,3,propietario de la vivienda y el terreno
429,Pampeana,5,propietario de la vivienda solamente
430,Noroeste,8,propietario de la vivienda y el terreno
431,Pampeana,4,inquilino o arrendatario
432,Pampeana,1,propietario de la vivienda y el terreno
433,Pampeana,4,propietario de la vivienda solamente
434,Pampeana,2,propietario de la vivienda y el terreno
435,Noroeste,2,inquilino o arrendatario
436,Noroeste,3,propietario de la vivienda y el terreno
437,Pampeana,2,propietario de la vivienda y el terreno
438,Gran Buenos Aires,2,propietario de la vivienda y el terreno
439,Gran Buenos Aires,2,propietario de la vivienda y el terreno
440,Gran Buenos Aires,2,propietario de la vivienda y el terreno
441,Gran Buenos Aires,1,propietario de la vivienda y el terreno
442,Gran Buenos Aires,2,inquilino o arrendatario
443,Gran Buenos Aires,4,propietario de la vivienda y el terreno
444,Pampeana,1,inquilino o arrendatario
445,Pampeana,1,inquilino o arrendatario
446,Pampeana,4,"ocupante gratuito, con permiso"
447,Pampeana,3,propietario de la vivienda y el terreno
448,Gran Buenos Aires,5,propietario de la vivienda y el terreno
449,Gran Buenos Aires,2,ocupante por pago de impuestos o expensas
450,Gran Buenos Aires,2,inquilino o arrendatario
451,Gran Buenos Aires,2,propietario de la vivienda y el terreno
452,Gran Buenos Aires,1,propietario de la vivienda y el terreno
453,Gran Buenos Aires,2,propietario de la vivienda y el terreno
454,Pampeana,1,propietario de la vivienda y el terreno
455,Pampeana,7,propietario de la vivienda y el terreno
456,Pampeana,4,propietario de la vivienda y el terreno
457,Pampeana,4,propietario de la vivienda y el terreno
458,Gran Buenos Aires,5,propietario de la vivienda y el terreno
459,Gran Buenos Aires,1,propietario de la vivienda y el terreno
460,Pampeana,3,"ocupante gratuito, con permiso"
461,Pampeana,1,propietario de la vivienda solamente
462,Pampeana,2,propietario de la vivienda y el terreno
463,Pampeana,1,propietario de la vivienda y el terreno
464,Cuyo,2,propietario de la vivienda y el terreno
465,Cuyo,1,propietario de la vivienda y el terreno
466,Cuyo,1,ocupante por pago de impuestos o expensas
467,Gran Buenos Aires,4,"ocupante gratuito, con permiso"
468,Gran Buenos Aires,1,propietario de la vivienda y el terreno
469,Gran Buenos Aires,1,propietario de la vivienda y el terreno
470,Gran Buenos Aires,2,"ocupante gratuito, con permiso"
471,Gran Buenos Aires,4,propietario de la vivienda y el terreno
472,Gran Buenos Aires,2,propietario de la vivienda y el terreno
473,Gran Buenos Aires,1,ocupante por pago de impuestos o expensas
474,Gran Buenos Aires,3,propietario de la vivienda y el terreno
475,Gran Buenos Aires,1,propietario de la vivienda y el terreno
476,Gran Buenos Aires,2,propietario de la vivienda y el terreno
477,Pampeana,2,inquilino o arrendatario
478,Noroeste,2,propietario de la vivienda y el terreno
479,Noroeste,4,propietario de la vivienda y el terreno
480,Cuyo,4,"ocupante gratuito, con permiso"
481,Gran Buenos Aires,2,propietario de la vivienda y el terreno
482,Gran Buenos Aires,4,propietario de la vivienda y el terreno
483,Gran Buenos Aires,2,propietario de la vivienda y el terreno
484,Gran Buenos Aires,2,propietario de la vivienda y el terreno
485,Gran Buenos Aires,3,propietario de la vivienda y el terreno
486,Patagonia,3,ocupante por pago de impuestos o expensas
487,Patagonia,2,propietario de la vivienda y el terreno
488,Patagonia,2,inquilino o arrendatario
489,Patagonia,4,propietario de la vivienda y el terreno
490,Gran Buenos Aires,1,propietario de la vivienda y el terreno
491,Gran Buenos Aires,2,propietario de la vivienda y el terreno
492,Gran Buenos Aires,4,"ocupante gratuito, con permiso"
493,Gran Buenos Aires,5,propietario de la vivienda y el terreno
494,Gran Buenos Aires,9,propietario de la vivienda y el terreno
495,Gran Buenos Aires,1,"ocupante gratuito, con permiso"
496,Gran Buenos Aires,5,inquilino o arrendatario
497,Gran Buenos Aires,1,en sucesión
498,Gran Buenos Aires,3,propietario de la vivienda y el terreno
499,Pampeana,3,propietario de la vivienda y el terreno
500,Pampeana,3,propietario de la vivienda y el terreno
501,Pampeana,3,propietario de la vivienda y el terreno
502,Pampeana,2,propietario de la vivienda y el terreno
503,Pampeana,5,propietario de la vivienda y el terreno
504,Pampeana,4,propietario de la vivienda y el terreno
505,Patagonia,1,propietario de la vivienda y el terreno
506,Noroeste,4,propietario de la vivienda y el terreno
507,Noroeste,3,propietario de la vivienda y el terreno
508,Noroeste,3,inquilino o arrendatario
509,Noroeste,1,propietario de la vivienda y el terreno
510,Noroeste,2,inquilino o arrendatario
511,Pampeana,1,propietario de la vivienda y el terreno
512,Pampeana,1,propietario de la vivienda y el terreno
513,Pampeana,2,propietario de la vivienda y el terreno
514,Pampeana,2,propietario de la vivienda y el terreno
515,Noroeste,4,propietario de la vivienda y el terreno
516,Gran Buenos Aires,3,inquilino o arrendatario
517,Gran Buenos Aires,3,propietario de la vivienda y el terreno
518,Pampeana,1,propietario de la vivienda y el terreno
519,Pampeana,4,propietario de la vivienda y el terreno
520,Patagonia,1,inquilino o arrendatario
521,Patagonia,5,propietario de la vivienda y el terreno
522,Patagonia,3,inquilino o arrendatario
523,Patagonia,3,inquilino o arrendatario
524,Pampeana,1,propietario de la vivienda y el terreno
525,Pampeana,13,propietario de la vivienda y el terreno
526,Pampeana,2,inquilino o arrendatario
527,Pampeana,1,inquilino o arrendatario
528,Patagonia,2,inquilino o arrendatario
529,Noroeste,2,propietario de la vivienda y el terreno
530,Noroeste,3,propietario de la vivienda y el terreno
531,Noroeste,3,propietario de la vivienda y el terreno
532,Noroeste,3,inquilino o arrendatario
533,Noroeste,2,inquilino o arrendatario
534,Pampeana,2,propietario de la vivienda y el terreno
535,Pampeana,1,propietario de la vivienda y el terreno
536,Pampeana,2,propietario de la vivienda y el terreno
537,Pampeana,1,propietario de la vivienda y el terreno
538,Pampeana,3,"ocupante gratuito, con permiso"
539,Pampeana,2,ocupante por pago de impuestos o expensas
540,Gran Buenos Aires,4,inquilino o arrendatario
541,Gran Buenos Aires,1,inquilino o arrendatario
542,Pampeana,2,ocupante por pago de impuestos o expensas
543,Pampeana,1,"ocupante gratuito, con permiso"
544,Pampeana,5,propietario de la vivienda solamente
545,Gran Buenos Aires,5,propietario de la vivienda y el terreno
546,Gran Buenos Aires,2,propietario de la vivienda y el terreno
547,Gran Buenos Aires,2,inquilino o arrendatario
548,Gran Buenos Aires,3,propietario de la vivienda y el terreno
549,Gran Buenos Aires,1,ocupante por pago de impuestos o expensas
550,Gran Buenos Aires,4,propietario de la vivienda y el terreno
551,Gran Buenos Aires,3,inquilino o arrendatario
552,Noreste,1,inquilino o arrendatario
553,Noreste,5,propietario de la vivienda y el terreno
554,Noreste,6,propietario de la vivienda y el terreno
555,Noreste,1,propietario de la vivienda solamente
556,Patagonia,3,propietario de la vivienda y el terreno
557,Patagonia,3,propietario de la vivienda y el terreno
558,Patagonia,2,propietario de la vivienda y el terreno
559,Patagonia,4,propietario de la vivienda y el terreno
560,Patagonia,1,propietario de la vivienda y el terreno
561,Patagonia,1,inquilino o arrendatario
562,Patagonia,4,propietario de la vivienda y el terreno
563,Patagonia,5,propietario de la vivienda y el terreno
564,Patagonia,3,propietario de la vivienda y el terreno
565,Patagonia,2,propietario de la vivienda y el terreno
566,Patagonia,2,"ocupante gratuito, con permiso"
567,Patagonia,4,ocupante por pago de impuestos o expensas
568,Patagonia,2,propietario de la vivienda y el terreno
569,Patagonia,4,propietario de la vivienda y el terreno
570,Patagonia,1,propietario de la vivienda y el terreno
571,Patagonia,3,inquilino o arrendatario
572,Noroeste,2,inquilino o arrendatario
573,Noroeste,1,propietario de la vivienda y el terreno
574,Noroeste,2,propietario de la vivienda y el terreno
575,Noroeste,1,inquilino o arrendatario
576,Noroeste,4,propietario de la vivienda y el terreno
577,Pampeana,3,inquilino o arrendatario
578,Pampeana,4,propietario de la vivienda y el terreno
579,Pampeana,3,inquilino o arrendatario
580,Pampeana,4,inquilino o arrendatario
581,Pampeana,2,propietario de la vivienda y el terreno
582,Patagonia,4,propietario de la vivienda y el terreno
583,Patagonia,5,"ocupante gratuito, con permiso"
584,Patagonia,3,inquilino o arrendatario
585,Patagonia,2,propietario de la vivienda y el terreno
586,Patagonia,1,propietario de la vivienda y el terreno
587,Pampeana,4,propietario de la vivienda y el terreno
588,Pampeana,1,inquilino o arrendatario
589,Pampeana,5,propietario de la vivienda y el terreno
590,Pampeana,4,"ocupante gratuito, con permiso"
591,Pampeana,2,propietario de la vivienda y el terreno
592,Noreste,4,propietario de la vivienda y el terreno
593,Noreste,9,propietario de la vivienda y el terreno
594,Noreste,2,propietario de la vivienda y el terreno
595,Noreste,4,inquilino o arrendatario
596,Noreste,1,propietario de la vivienda y el terreno
597,Noreste,4,propietario de la vivienda y el terreno
598,Patagonia,5,propietario de la vivienda y el terreno
599,Pampeana,1,propietario de la vivienda solamente
600,Pampeana,2,propietario de la vivienda y el terreno
601,Pampeana,2,propietario de la vivienda solamente
602,Pampeana,2,propietario de la vivienda y el terreno
603,Noroeste,6,propietario de la vivienda y el terreno
604,Noroeste,2,inquilino o arrendatario
605,Noroeste,7,propietario de la vivienda y el terreno
606,Noroeste,2,propietario de la vivienda y el terreno
607,Pampeana,1,propietario de la vivienda y el terreno
608,Noroeste,2,propietario de la vivienda solamente
609,Noroeste,5,propietario de la vivienda y el terreno
610,Noroeste,2,"ocupante gratuito, con permiso"
611,Noroeste,2,inquilino o arrendatario
612,Noroeste,1,
613,Noroeste,5,propietario de la vivienda y el terreno
614,Noroeste,3,propietario de la vivienda solamente
615,Noroeste,3,propietario de la vivienda solamente
616,Noroeste,3,propietario de la vivienda y el terreno
617,Pampeana,2,inquilino o arrendatario
618,Pampeana,2,propietario de la vivienda y el terreno
619,Noroeste,3,en sucesión
620,Noroeste,3,propietario de la vivienda y el terreno
621,Cuyo,3,propietario de la vivienda y el terreno
622,Cuyo,2,propietario de la vivienda y el terreno
623,Cuyo,1,propietario de la vivienda solamente
624,Noroeste,4,ocupante por pago de impuestos o expensas
625,Noroeste,6,inquilino o arrendatario
626,Noroeste,3,propietario de la vivienda y el terreno
627,Noroeste,4,propietario de la vivienda y el terreno
628,Noroeste,12,propietario de la vivienda y el terreno
629,Noroeste,3,inquilino o arrendatario
630,Noroeste,8,propietario de la vivienda y el terreno
631,Noroeste,5,propietario de la vivienda y el terreno
632,Noroeste,1,propietario de la vivienda solamente
633,Noroeste,2,propietario de la vivienda y el terreno
634,Noroeste,4,inquilino o arrendatario
635,Noroeste,2,propietario de la vivienda y el terreno
636,Noreste,2,propietario de la vivienda y el terreno
637,Noreste,2,propietario de la vivienda y el terreno
638,Noreste,6,"ocupante gratuito, con permiso"
639,Noreste,2,propietario de la vivienda y el terreno
640,Noreste,2,propietario de la vivienda y el terreno
641,Noroeste,5,propietario de la vivienda y el terreno
642,Noroeste,3,propietario de la vivienda y el terreno
643,Noroeste,3,propietario de la vivienda y el terreno
644,Noroeste,5,propietario de la vivienda y el terreno
645,Noroeste,4,ocupante por pago de impuestos o expensas
646,Noroeste,1,en sucesión
647,Noroeste,4,inquilino o arrendatario
648,Noroeste,10,propietario de la vivienda y el terreno
649,Noroeste,2,propietario de la vivienda y el terreno
650,Noroeste,2,propietario de la vivienda y el terreno
651,Pampeana,2,propietario de la vivienda y el terreno
652,Pampeana,4,propietario de la vivienda y el terreno
653,Pampeana,1,propietario de la vivienda y el terreno
654,Pampeana,2,inquilino o arrendatario
655,Pampeana,1,propietario de la vivienda y el terreno
656,Cuyo,4,propietario de la vivienda y el terreno
657,Cuyo,2,propietario de la vivienda y el terreno
658,Cuyo,2,propietario de la vivienda y el terreno
659,Cuyo,5,propietario de la vivienda y el terreno
660,Cuyo,2,propietario de la vivienda y el terreno
661,Pampeana,1,en sucesión
662,Pampeana,4,propietario de la vivienda y el terreno
663,Pampeana,2,inquilino o arrendatario
664,Pampeana,3,propietario de la vivienda y el terreno
665,Pampeana,2,propietario de la vivienda y el terreno
666,Patagonia,3,propietario de la vivienda y el terreno
667,Patagonia,3,propietario de la vivienda y el terreno
668,Pampeana,4,propietario de la vivienda y el terreno
669,Pampeana,2,propietario de la vivienda y el terreno
670,Pampeana,4,propietario de la vivienda y el terreno
671,Noroeste,7,propietario de la vivienda y el terreno
672,Noroeste,5,propietario de la vivienda y el terreno
673,Pampeana,1,inquilino o arrendatario
674,Pampeana,1,propietario de la vivienda y el terreno
675,Pampeana,2,propietario de la vivienda y el terreno
676,Cuyo,3,propietario de la vivienda y el terreno
677,Noreste,3,propietario de la vivienda solamente
678,Pampeana,2,propietario de la vivienda y el terreno
679,Pampeana,4,propietario de la vivienda y el terreno
680,Pampeana,4,propietario de la vivienda y el terreno
681,Patagonia,3,propietario de la vivienda y el terreno
682,Noroeste,2,propietario de la vivienda y el terreno
683,Noreste,2,inquilino o arrendatario
684,Noreste,2,inquilino o arrendatario
685,Noreste,1,"ocupante gratuito, con permiso"
686,Gran Buenos Aires,2,inquilino o arrendatario
687,Gran Buenos Aires,2,propietario de la vivienda y el terreno
688,Gran Buenos Aires,1,"ocupante gratuito, con permiso"
689,Noroeste,5,propietario de la vivienda y el terreno
690,Noroeste,2,propietario de la vivienda y el terreno
691,Patagonia,2,inquilino o arrendatario
692,Patagonia,3,propietario de la vivienda y el terreno
693,Patagonia,1,inquilino o arrendatario
694,Noroeste,3,propietario de la vivienda y el terreno
695,Pampeana,2,propietario de la vivienda y el terreno
696,Pampeana,4,propietario de la vivienda y el terreno
697,Pampeana,2,propietario de la vivienda y el terreno
698,Pampeana,1,propietario de la vivienda y el terreno
699,Pampeana,2,propietario de la vivienda y el terreno
700,Pampeana,4,propietario de la vivienda y el terreno
701,Cuyo,1,propietario de la vivienda y el terreno
702,Cuyo,2,propietario de la vivienda y el terreno
703,Cuyo,3,propietario de la vivienda y el terreno
704,Cuyo,3,propietario de la vivienda solamente
705,Cuyo,1,"ocupante gratuito, con permiso"
706,Noreste,3,en sucesión
707,Noreste,1,propietario de la vivienda y el terreno
708,Pampeana,3,propietario de la vivienda y el terreno
709,Noreste,4,propietario de la vivienda y el terreno
710,Noreste,3,propietario de la vivienda y el terreno
711,Noreste,2,inquilino o arrendatario
712,Noreste,2,propietario de la vivienda solamente
713,Noreste,4,propietario de la vivienda y el terreno
714,Noreste,2,propietario de la vivienda y el terreno
715,Noreste,5,propietario de la vivienda y el terreno
716,Noreste,2,propietario de la vivienda y el terreno
717,Noreste,4,propietario de la vivienda y el terreno
718,Noroeste,4,propietario de la vivienda y el terreno
719,Noroeste,2,propietario de la vivienda y el terreno
720,Noroeste,4,propietario de la vivienda y el terreno
721,Pampeana,5,propietario de la vivienda y el terreno
722,Pampeana,7,propietario de la vivienda y el terreno
723,Pampeana,4,"ocupante gratuito, con permiso"
724,Pampeana,3,propietario de la vivienda y el terreno
725,Pampeana,4,propietario de la vivienda y el terreno
726,Noreste,3,propietario de la vivienda y el terreno
727,Noreste,4,propietario de la vivienda y el terreno
728,Pampeana,3,inquilino o arrendatario
729,Pampeana,4,"ocupante gratuito, con permiso"
730,Pampeana,1,propietario de la vivienda y el terreno
731,Pampeana,1,propietario de la vivienda y el terreno
732,Pampeana,3,propietario de la vivienda y el terreno
733,Noroeste,1,propietario de la vivienda y el terreno
734,Noroeste,8,propietario de la vivienda y el terreno
735,Noroeste,1,propietario de la vivienda y el terreno
736,Pampeana,2,propietario de la vivienda y el terreno
737,Pampeana,3,propietario de la vivienda y el terreno
738,Pampeana,4,"ocupante gratuito, con permiso"
739,Pampeana,3,"ocupante gratuito, con permiso"
740,Pampeana,1,propietario de la vivienda y el terreno
741,Pampeana,3,propietario de la vivienda y el terreno
742,Pampeana,5,propietario de la vivienda y el terreno
743,Patagonia,2,inquilino o arrendatario
744,Patagonia,2,propietario de la vivienda y el terreno
745,Patagonia,3,propietario de la vivienda y el terreno
746,Noreste,1,propietario de la vivienda y el terreno
747,Pampeana,2,propietario de la vivienda y el terreno
748,Pampeana,2,inquilino o arrendatario
749,Pampeana,1,inquilino o arrendatario
750,Pampeana,1,inquilino o arrendatario
751,Pampeana,3,propietario de la vivienda y el terreno
752,Pampeana,8,propietario de la vivienda y el terreno
753,Pampeana,4,propietario de la vivienda y el terreno
754,Pampeana,2,propietario de la vivienda y el terreno
755,Pampeana,6,propietario de la vivienda y el terreno
756,Gran Buenos Aires,1,propietario de la vivienda y el terreno
757,Gran Buenos Aires,3,en sucesión
758,Gran Buenos Aires,8,propietario de la vivienda y el terreno
759,Patagonia,4,propietario de la vivienda y el terreno
760,Patagonia,2,inquilino o arrendatario
761,Pampeana,3,propietario de la vivienda y el terreno
762,Noroeste,3,propietario de la vivienda y el terreno
763,Noroeste,1,propietario de la vivienda y el terreno
764,Noroeste,1,propietario de la vivienda y el terreno
765,Noroeste,2,propietario de la vivienda y el terreno
766,Noroeste,3,propietario de la vivienda solamente
767,Noroeste,4,propietario de la vivienda y el terreno
768,Noroeste,6,propietario de la vivienda y el terreno
769,Noreste,4,propietario de la vivienda y el terreno
770,Noreste,3,inquilino o arrendatario
771,Noreste,6,propietario de la vivienda y el terreno
772,Patagonia,2,propietario de la vivienda y el terreno
773,Gran Buenos Aires,2,propietario de la vivienda y el terreno
774,Gran Buenos Aires,2,propietario de la vivienda y el terreno
775,Gran Buenos Aires,3,inquilino o arrendatario
776,Gran Buenos Aires,3,"ocupante gratuito, con permiso"
777,Gran Buenos Aires,4,propietario de la vivienda y el terreno
778,Gran Buenos Aires,2,propietario de la vivienda y el terreno
779,Gran Buenos Aires,5,propietario de la vivienda y el terreno
780,Gran Buenos Aires,4,"ocupante gratuito, con permiso"
781,Gran Buenos Aires,4,propietario de la vivienda y el terreno
782,Gran Buenos Aires,1,propietario de la vivienda solamente
783,Pampeana,2,propietario de la vivienda solamente
784,Pampeana,1,propietario de la vivienda y el terreno
785,Pampeana,2,inquilino o arrendatario
786,Pampeana,2,inquilino o arrendatario
787,Cuyo,4,propietario de la vivienda y el terreno
788,Cuyo,1,"ocupante gratuito, con permiso"
789,Cuyo,5,propietario de la vivienda y el terreno
790,Cuyo,2,propietario de la vivienda y el terreno
791,Cuyo,1,propietario de la vivienda y el terreno
792,Patagonia,3,propietario de la vivienda y el terreno
793,Patagonia,2,propietario de la vivienda y el terreno
794,Pampeana,2,propietario de la vivienda y el terreno
795,Pampeana,1,propietario de la vivienda y el terreno
796,Pampeana,1,"ocupante gratuito, con permiso"
797,Noroeste,4,propietario de la vivienda y el terreno
798,Noroeste,3,propietario de la vivienda y el terreno
799,Noroeste,5,propietario de la vivienda y el terreno
800,Noroeste,5,inquilino o arrendatario
801,Noroeste,2,propietario de la vivienda y el terreno
802,Pampeana,7,propietario de la vivienda y el terreno
803,Pampeana,5,en sucesión
804,Pampeana,2,propietario de la vivienda y el terreno
805,Pampeana,2,propietario de la vivienda y el terreno
806,Pampeana,4,propietario de la vivienda y el terreno
807,Noreste,2,inquilino o arrendatario
808,Noreste,1,inquilino o arrendatario
809,Gran Buenos Aires,2,propietario de la vivienda y el terreno
810,Gran Buenos Aires,3,propietario de la vivienda y el terreno
811,Pampeana,4,propietario de la vivienda y el terreno
812,Pampeana,3,inquilino o arrendatario
813,Pampeana,2,propietario de la vivienda y el terreno
814,Pampeana,5,"ocupante gratuito, con permiso"
815,Patagonia,1,inquilino o arrendatario
816,Patagonia,2,propietario de la vivienda y el terreno
817,Patagonia,4,propietario de la vivienda y el terreno
818,Patagonia,1,propietario de la vivienda y el terreno
819,Pampeana,1,propietario de la vivienda y el terreno
820,Pampeana,4,propietario de la vivienda y el terreno
821,Pampeana,1,propietario de la vivienda y el terreno
822,Patagonia,3,propietario de la vivienda y el terreno
823,Noroeste,2,"ocupante gratuito, con permiso"
824,Pampeana,4,propietario de la vivienda y el terreno
825,Noroeste,3,propietario de la vivienda y el terreno
826,Cuyo,4,inquilino o arrendatario
827,Pampeana,1,propietario de la vivienda y el terreno
828,Pampeana,2,inquilino o arrendatario
829,Noroeste,3,ocupante por pago de impuestos o expensas
830,Pampeana,3,propietario de la vivienda y el terreno
831,Cuyo,3,propietario de la vivienda solamente
832,Cuyo,5,propietario de la vivienda y el terreno
833,Cuyo,3,propietario de la vivienda y el terreno
834,Cuyo,3,propietario de la vivienda y el terreno
835,Pampeana,3,inquilino o arrendatario
836,Pampeana,1,inquilino o arrendatario
837,Gran Buenos Aires,2,propietario de la vivienda y el terreno
838,Gran Buenos Aires,5,inquilino o arrendatario
839,Pampeana,2,propietario de la vivienda y el terreno
840,Pampeana,2,inquilino o arrendatario
841,Noreste,2,propietario de la vivienda solamente
842,Noreste,3,propietario de la vivienda y el terreno
843,Noreste,5,propietario de la vivienda y el terreno
844,Noreste,1,propietario de la vivienda y el terreno
845,Noreste,4,propietario de la vivienda y el terreno
846,Noroeste,2,inquilino o arrendatario
847,Cuyo,2,inquilino o arrendatario
848,Noroeste,2,propietario de la vivienda y el terreno
849,Patagonia,1,inquilino o arrendatario
850,Patagonia,1,propietario de la vivienda y el terreno
851,Noroeste,4,propietario de la vivienda solamente
852,Patagonia,5,propietario de la vivienda y el terreno
853,Patagonia,2,propietario de la vivienda y el terreno
854,Noroeste,5,propietario de la vivienda y el terreno
855,Noroeste,2,inquilino o arrendatario
856,Noroeste,4,inquilino o arrendatario
857,Noroeste,3,propietario de la vivienda y el terreno
858,Noroeste,2,propietario de la vivienda y el terreno
859,Pampeana,1,propietario de la vivienda solamente
860,Pampeana,5,propietario de la vivienda y el terreno
861,Pampeana,3,propietario de la vivienda y el terreno
862,Pampeana,6,propietario de la vivienda y el terreno
863,Pampeana,5,propietario de la vivienda y el terreno
864,Cuyo,4,propietario de la vivienda y el terreno
865,Cuyo,2,propietario de la vivienda y el terreno
866,Pampeana,3,propietario de la vivienda y el terreno
867,Pampeana,2,inquilino o arrendatario
868,Patagonia,1,inquilino o arrendatario
869,Gran Buenos Aires,7,propietario de la vivienda y el terreno
870,Gran Buenos Aires,4,propietario de la vivienda y el terreno
871,Gran Buenos Aires,2,propietario de la vivienda y el terreno
872,Gran Buenos Aires,1,propietario de la vivienda solamente
873,Gran Buenos Aires,3,propietario de la vivienda solamente
874,Gran Buenos Aires,3,inquilino o arrendatario
875,Gran Buenos Aires,1,propietario de la vivienda y el terreno
876,Gran Buenos Aires,1,propietario de la vivienda y el terreno
877,Gran Buenos Aires,3,propietario de la vivienda y el terreno
878,Gran Buenos Aires,6,propietario de la vivienda solamente
879,Pampeana,2,propietario de la vivienda y el terreno
880,Gran Buenos Aires,4,propietario de la vivienda y el terreno
881,Gran Buenos Aires,1,en sucesión
882,Gran Buenos Aires,2,propietario de la vivienda y el terreno
883,Gran Buenos Aires,3,propietario de la vivienda y el terreno
884,Gran Buenos Aires,3,propietario de la vivienda y el terreno
885,Gran Buenos Aires,1,propietario de la vivienda y el terreno
886,Pampeana,1,propietario de la vivienda solamente
887,Pampeana,5,propietario de la vivienda y el terreno
888,Pampeana,5,propietario de la vivienda y el terreno
889,Gran Buenos Aires,3,ocupante en relación de dependencia
890,Gran Buenos Aires,4,propietario de la vivienda y el terreno
891,Gran Buenos Aires,1,"ocupante gratuito, con permiso"
892,Noroeste,4,"ocupante gratuito, con permiso"
893,Cuyo,2,inquilino o arrendatario
894,Cuyo,3,propietario de la vivienda y el terreno
895,Cuyo,1,propietario de la vivienda solamente
896,Cuyo,2,propietario de la vivienda y el terreno
897,Cuyo,8,propietario de la vivienda y el terreno
898,Cuyo,6,inquilino o arrendatario
899,Cuyo,7,"ocupante gratuito, con permiso"
900,Cuyo,2,propietario de la vivienda solamente
901,Cuyo,4,propietario de la vivienda y el terreno
902,Noroeste,1,inquilino o arrendatario
903,Noroeste,4,propietario de la vivienda y el terreno
904,Noroeste,5,propietario de la vivienda y el terreno
905,Noroeste,2,propietario de la vivienda y el terreno
906,Noroeste,5,propietario de la vivienda y el terreno
907,Pampeana,1,propietario de la vivienda y el terreno
908,Noreste,2,inquilino o arrendatario
909,Noreste,3,propietario de la vivienda y el terreno
910,Noreste,2,propietario de la vivienda y el terreno
911,Pampeana,4,inquilino o arrendatario
912,Pampeana,2,propietario de la vivienda y el terreno
913,Pampeana,1,propietario de la vivienda y el terreno
914,Noreste,1,"ocupante gratuito, con permiso"
915,Noreste,1,propietario de la vivienda y el terreno
916,Cuyo,2,"ocupante gratuito, con permiso"
917,Cuyo,2,en sucesión
918,Cuyo,2,propietario de la vivienda y el terreno
919,Cuyo,2,"ocupante gratuito, con permiso"
920,Cuyo,3,propietario de la vivienda y el terreno
921,Pampeana,1,propietario de la vivienda y el terreno
922,Pampeana,4,propietario de la vivienda y el terreno
923,Pampeana,3,propietario de la vivienda y el terreno
924,Pampeana,2,propietario de la vivienda y el terreno
925,Pampeana,4,propietario de la vivienda y el terreno
926,Pampeana,3,propietario de la vivienda y el terreno
927,Pampeana,3,propietario de la vivienda y el terreno
928,Pampeana,1,"ocupante gratuito, con permiso"
929,Pampeana,4,"ocupante gratuito, con permiso"
930,Pampeana,3,propietario de la vivienda y el terreno
931,Pampeana,2,propietario de la vivienda y el terreno
932,Cuyo,2,inquilino o arrendatario
933,Cuyo,3,en sucesión
934,Cuyo,6,ocupante por pago de impuestos o expensas
935,Pampeana,3,propietario de la vivienda y el terreno
936,Pampeana,1,propietario de la vivienda y el terreno
937,Pampeana,1,propietario de la vivienda y el terreno
938,Gran Buenos Aires,1,propietario de la vivienda y el terreno
939,Gran Buenos Aires,2,inquilino o arrendatario
940,Gran Buenos Aires,4,inquilino o arrendatario
941,Gran Buenos Aires,1,propietario de la vivienda y el terreno
942,Gran Buenos Aires,1,propietario de la vivienda y el terreno
943,Gran Buenos Aires,1,propietario de la vivienda y el terreno
944,Gran Buenos Aires,2,propietario de la vivienda y el terreno
945,Gran Buenos Aires,3,propietario de la vivienda y el terreno
946,Gran Buenos Aires,5,propietario de la vivienda y el terreno
947,Pampeana,1,"ocupante gratuito, con permiso"
948,Pampeana,3,propietario de la vivienda solamente
949,Pampeana,5,propietario de la vivienda y el terreno
950,Pampeana,2,propietario de la vivienda y el terreno
951,Pampeana,4,propietario de la vivienda y el terreno
952,Cuyo,3,propietario de la vivienda y el terreno
953,Cuyo,5,propietario de la vivienda y el terreno
954,Cuyo,1,inquilino o arrendatario
955,Noroeste,1,propietario de la vivienda y el terreno
956,Noroeste,2,propietario de la vivienda y el terreno
957,Noroeste,6,en sucesión
958,Noroeste,3,inquilino o arrendatario
959,Gran Buenos Aires,2,propietario de la vivienda y el terreno
960,Noroeste,6,propietario de la vivienda y el terreno
961,Noroeste,4,propietario de la vivienda y el terreno
962,Noroeste,5,propietario de la vivienda y el terreno
963,Noroeste,1,propietario de la vivienda y el terreno
964,Gran Buenos Aires,2,propietario de la vivienda y el terreno
965,Gran Buenos Aires,1,inquilino o arrendatario
966,Pampeana,1,propietario de la vivienda y el terreno
967,Pampeana,1,inquilino o arrendatario
968,Pampeana,4,propietario de la vivienda y el terreno
969,Pampeana,1,"ocupante gratuito, con permiso"
970,Pampeana,4,inquilino o arrendatario
971,Pampeana,3,propietario de la vivienda y el terreno
972,Pampeana,4,propietario de la vivienda y el terreno
973,Cuyo,4,propietario de la vivienda y el terreno
974,Cuyo,4,propietario de la vivienda y el terreno
975,Cuyo,2,propietario de la vivienda y el terreno
976,Cuyo,6,propietario de la vivienda y el terreno
977,Patagonia,2,propietario de la vivienda y el terreno
978,Patagonia,1,ocupante por pago de impuestos o expensas
979,Patagonia,2,inquilino o arrendatario
980,Patagonia,3,propietario de la vivienda y el terreno
981,Patagonia,2,propietario de la vivienda y el terreno
982,Patagonia,1,"ocupante gratuito, con permiso"
983,Cuyo,4,propietario de la vivienda y el terreno
984,Cuyo,2,propietario de la vivienda y el terreno
985,Patagonia,1,propietario de la vivienda y el terreno
986,Gran Buenos Aires,1,"ocupante gratuito, con permiso"
987,Gran Buenos Aires,1,propietario de la vivienda y el terreno
988,Gran Buenos Aires,1,propietario de la vivienda y el terreno
989,Gran Buenos Aires,4,propietario de la vivienda y el terreno
990,Noreste,3,propietario de la vivienda y el terreno
991,Noreste,6,propietario de la vivienda y el terreno
992,Noreste,2,propietario de la vivienda solamente
993,Noreste,2,propietario de la vivienda y el terreno
994,Noreste,2,propietario de la vivienda solamente
995,Noreste,1,propietario de la vivienda y el terreno
996,Noreste,3,propietario de la vivienda y el terreno
997,Noreste,4,propietario de la vivienda y el terreno
998,Noreste,1,inquilino o arrendatario
999,Noreste,4,inquilino o arrendatario
1000,Noreste,3,propietario de la vivienda y el terreno
1001,Noreste,1,propietario de la vivienda y el terreno
1002,Noreste,6,propietario de la vivienda y el terreno
1003,Noreste,8,propietario de la vivienda y el terreno
1004,Cuyo,7,propietario de la vivienda y el terreno
1005,Cuyo,2,propietario de la vivienda y el terreno
1006,Cuyo,1,propietario de la vivienda y el terreno
1007,Cuyo,3,propietario de la vivienda y el terreno
1008,Cuyo,2,inquilino o arrendatario
1009,Patagonia,1,propietario de la vivienda y el terreno
1010,Patagonia,3,inquilino o arrendatario
1011,Patagonia,3,inquilino o arrendatario
1012,Pampeana,2,propietario de la vivienda y el terreno
1013,Patagonia,1,inquilino o arrendatario
1014,Noroeste,2,propietario de la vivienda y el terreno
1015,Patagonia,2,propietario de la vivienda y el terreno
1016,Patagonia,2,inquilino o arrendatario
1017,Cuyo,4,propietario de la vivienda y el terreno
1018,Noroeste,1,ocupante por pago de impuestos o expensas
1019,Noroeste,2,propietario de la vivienda y el terreno
1020,Noroeste,1,propietario de la vivienda y el terreno
1021,Noroeste,4,propietario de la vivienda y el terreno
1022,Noreste,7,propietario de la vivienda y el terreno
1023,Noreste,4,"ocupante gratuito, con permiso"
1024,Noreste,1,propietario de la vivienda solamente
1025,Noreste,5,propietario de la vivienda y el terreno
1026,Pampeana,1,inquilino o arrendatario
1027,Pampeana,3,propietario de la vivienda y el terreno
1028,Pampeana,5,propietario de la vivienda y el terreno
1029,Pampeana,2,propietario de la vivienda y el terreno
1030,Patagonia,1,propietario de la vivienda y el terreno
1031,Patagonia,3,inquilino o arrendatario
1032,Gran Buenos Aires,1,inquilino o arrendatario
1033,Gran Buenos Aires,5,inquilino o arrendatario
1034,Pampeana,2,"ocupante gratuito, con permiso"
1035,Pampeana,1,propietario de la vivienda y el terreno
1036,Pampeana,4,propietario de la vivienda y el terreno
1037,Pampeana,5,propietario de la vivienda y el terreno
1038,Pampeana,2,inquilino o arrendatario
1039,Gran Buenos Aires,8,propietario de la vivienda y el terreno
1040,Gran Buenos Aires,6,"ocupante gratuito, con permiso"
1041,Gran Buenos Aires,5,propietario de la vivienda y el terreno
1042,Gran Buenos Aires,3,propietario de la vivienda y el terreno
1043,Patagonia,10,propietario de la vivienda y el terreno
1044,Patagonia,2,propietario de la vivienda y el terreno
1045,Patagonia,4,inquilino o arrendatario
1046,Patagonia,4,propietario de la vivienda y el terreno
1047,Gran Buenos Aires,2,propietario de la vivienda y el terreno
1048,Gran Buenos Aires,2,inquilino o arrendatario
1049,Noroeste,4,propietario de la vivienda y el terreno
1050,Noroeste,5,propietario de la vivienda y el terreno
1051,Noroeste,5,propietario de la vivienda y el terreno
1052,Noroeste,1,propietario de la vivienda y el terreno
1053,Pampeana,3,en sucesión
1054,Pampeana,3,propietario de la vivienda y el terreno
1055,Pampeana,5,propietario de la vivienda solamente
1056,Noroeste,4,propietario de la vivienda y el terreno
1057,Pampeana,4,propietario de la vivienda y el terreno
1058,Pampeana,1,propietario de la vivienda y el terreno
1059,Pampeana,4,propietario de la vivienda y el terreno
1060,Pampeana,4,inquilino o arrendatario
1061,Pampeana,5,propietario de la vivienda y el terreno
1062,Pampeana,1,propietario de la vivienda y el terreno
1063,Pampeana,2,propietario de la vivienda y el terreno
1064,Patagonia,2,ocupante por pago de impuestos o expensas
1065,Patagonia,3,propietario de la vivienda y el terreno
1066,Patagonia,1,propietario de la vivienda y el terreno
1067,Pampeana,5,propietario de la vivienda y el terreno
1068,Pampeana,1,inquilino o arrendatario
1069,Pampeana,1,propietario de la vivienda y el terreno
1070,Pampeana,3,"ocupante gratuito, con permiso"
1071,Pampeana,3,propietario de la vivienda y el terreno
1072,Pampeana,2,propietario de la vivienda y el terreno
1073,Patagonia,5,propietario de la vivienda y el terreno
1074,Patagonia,2,propietario de la vivienda y el terreno
1075,Patagonia,1,propietario de la vivienda y el terreno
1076,Gran Buenos Aires,3,propietario de la vivienda y el terreno
1077,Gran Buenos Aires,3,propietario de la vivienda y el terreno
1078,Pampeana,4,propietario de la vivienda y el terreno
1079,Pampeana,2,propietario de la vivienda y el terreno
1080,Pampeana,1,propietario de la vivienda y el terreno
1081,Pampeana,4,propietario de la vivienda y el terreno
1082,Pampeana,1,propietario de la vivienda solamente
1083,Pampeana,3,propietario de la vivienda y el terreno
1084,Patagonia,1,propietario de la vivienda y el terreno
1085,Patagonia,3,propietario de la vivienda y el terreno
1086,Noroeste,2,propietario de la vivienda y el terreno
1087,Noroeste,4,propietario de la vivienda y el terreno
1088,Noroeste,5,propietario de la vivienda y el terreno
1089,Noroeste,2,inquilino o arrendatario
1090,Noroeste,5,propietario de la vivienda y el terreno
1091,Pampeana,3,propietario de la vivienda y el terreno
1092,Noroeste,3,propietario de la vivienda y el terreno
1093,Noroeste,2,propietario de la vivienda y el terreno
1094,Pampeana,1,propietario de la vivienda y el terreno
1095,Pampeana,1,propietario de la vivienda y el terreno
1096,Gran Buenos Aires,3,propietario de la vivienda y el terreno
1097,Gran Buenos Aires,1,propietario de la vivienda solamente
1098,Gran Buenos Aires,2,propietario de la vivienda solamente
1099,Gran Buenos Aires,3,propietario de la vivienda solamente
1100,Gran Buenos Aires,2,ocupante por pago de impuestos o expensas
1101,Gran Buenos Aires,2,propietario de la vivienda y el terreno
1102,Gran Buenos Aires,1,propietario de la vivienda y el terreno
1103,Gran Buenos Aires,1,propietario de la vivienda solamente
1104,Pampeana,1,propietario de la vivienda y el terreno
1105,Pampeana,3,propietario de la vivienda y el terreno
1106,Pampeana,3,propietario de la vivienda y el terreno
1107,Pampeana,5,propietario de la vivienda y el terreno
1108,Pampeana,4,propietario de la vivienda y el terreno
1109,Pampeana,2,propietario de la vivienda y el terreno
1110,Pampeana,2,propietario de la vivienda y el terreno
1111,Pampeana,5,propietario de la vivienda y el terreno
1112,Pampeana,4,inquilino o arrendatario
1113,Pampeana,2,propietario de la vivienda y el terreno
1114,Pampeana,1,propietario de la vivienda solamente
1115,Gran Buenos Aires,2,propietario de la vivienda y el terreno
1116,Gran Buenos Aires,3,inquilino o arrendatario
1117,Gran Buenos Aires,3,propietario de la vivienda y el terreno
1118,Pampeana,2,propietario de la vivienda y el terreno
1119,Pampeana,6,ocupante por pago de impuestos o expensas
1120,Pampeana,3,propietario de la vivienda y el terreno
1121,Noroeste,8,propietario de la vivienda y el terreno
1122,Noroeste,6,propietario de la vivienda y el terreno
1123,Noroeste,2,propietario de la vivienda y el terreno
1124,Noroeste,2,propietario de la vivienda y el terreno
1125,Noroeste,6,propietario de la vivienda y el terreno
1126,Noroeste,4,propietario de la vivienda solamente
1127,Noroeste,2,propietario de la vivienda y el terreno
1128,Noroeste,5,propietario de la vivienda y el terreno
1129,Noroeste,4,propietario de la vivienda y el terreno
1130,Noroeste,4,propietario de la vivienda y el terreno
1131,Patagonia,4,ocupante por pago de impuestos o expensas
1132,Patagonia,1,propietario de la vivienda y el terreno
1133,Patagonia,1,propietario de la vivienda y el terreno
1134,Patagonia,6,propietario de la vivienda y el terreno
1135,Patagonia,1,propietario de la vivienda y el terreno
1136,Noroeste,5,propietario de la vivienda y el terreno
1137,Noroeste,4,propietario de la vivienda y el terreno
1138,Noroeste,2,propietario de la vivienda y el terreno
1139,Noroeste,7,propietario de la vivienda y el terreno
1140,Noreste,6,propietario de la vivienda y el terreno
1141,Patagonia,1,propietario de la vivienda y el terreno
1142,Patagonia,4,propietario de la vivienda y el terreno
1143,Patagonia,6,ocupante por pago de impuestos o expensas
1144,Patagonia,1,inquilino o arrendatario
1145,Noroeste,8,propietario de la vivienda y el terreno
1146,Noroeste,5,propietario de la vivienda y el terreno
1147,Noroeste,3,inquilino o arrendatario
1148,Noroeste,2,propietario de la vivienda y el terreno
1149,Noroeste,1,ocupante por pago de impuestos o expensas
1150,Pampeana,3,propietario de la vivienda y el terreno
1151,Pampeana,4,inquilino o arrendatario
1152,Pampeana,1,propietario de la vivienda y el terreno
1153,Patagonia,1,inquilino o arrendatario
1154,Pampeana,2,propietario de la vivienda y el terreno
1155,Noroeste,2,propietario de la vivienda y el terreno
1156,Noroeste,3,propietario de la vivienda y el terreno
1157,Pampeana,4,ocupante por pago de impuestos o expensas
1158,Noreste,3,propietario de la vivienda y el terreno
1159,Noreste,5,propietario de la vivienda y el terreno
1160,Pampeana,2,propietario de la vivienda y el terreno
1161,Pampeana,1,propietario de la vivienda y el terreno
1162,Pampeana,2,propietario de la vivienda y el terreno
1163,Noroeste,6,propietario de la vivienda y el terreno
1164,Noroeste,1,inquilino o arrendatario
1165,Gran Buenos Aires,2,propietario de la vivienda y el terreno
1166,Gran Buenos Aires,2,propietario de la vivienda y el terreno
1167,Gran Buenos Aires,3,"ocupante gratuito, con permiso"
1168,Noroeste,5,propietario de la vivienda solamente
1169,Noroeste,4,propietario de la vivienda y el terreno
1170,Noroeste,1,propietario de la vivienda y el terreno
1171,Patagonia,1,propietario de la vivienda y el terreno
1172,Patagonia,1,inquilino o arrendatario
1173,Pampeana,2,inquilino o arrendatario
1174,Pampeana,1,propietario de la vivienda y el terreno
1175,Gran Buenos Aires,1,inquilino o arrendatario
1176,Noroeste,3,propietario de la vivienda y el terreno
1177,Noroeste,4,propietario de la vivienda y el terreno
1178,Noroeste,5,propietario de la vivienda y el terreno
1179,Noroeste,2,propietario de la vivienda y el terreno
1180,Noroeste,2,propietario de la vivienda y el terreno
1181,Noroeste,3,propietario de la vivienda y el terreno
1182,Gran Buenos Aires,3,propietario de la vivienda solamente
1183,Gran Buenos Aires,2,propietario de la vivienda y el terreno
1184,Gran Buenos Aires,1,inquilino o arrendatario
1185,Noroeste,3,propietario de la vivienda y el terreno
1186,Noroeste,2,propietario de la vivienda y el terreno
1187,Noroeste,5,propietario de la vivienda y el terreno
1188,Noroeste,5,propietario de la vivienda y el terreno
1189,Noroeste,4,propietario de la vivienda solamente
1190,Noroeste,5,propietario de la vivienda y el terreno
1191,Noroeste,3,propietario de la vivienda solamente
1192,Patagonia,1,inquilino o arrendatario
1193,Patagonia,2,"ocupante gratuito, con permiso"
1194,Patagonia,4,propietario de la vivienda y el terreno
1195,Patagonia,3,propietario de la vivienda solamente
1196,Noreste,6,propietario de la vivienda y el terreno
1197,Patagonia,4,propietario de la vivienda y el terreno
1198,Patagonia,2,inquilino o arrendatario
1199,Patagonia,1,propietario de la vivienda y el terreno
1200,Patagonia,3,inquilino o arrendatario
1201,Patagonia,5,propietario de la vivienda y el terreno
1202,Patagonia,1,propietario de la vivienda y el terreno
1203,Patagonia,2,propietario de la vivienda y el terreno
1204,Patagonia,1,propietario de la vivienda y el terreno
1205,Patagonia,1,inquilino o arrendatario
1206,Pampeana,3,propietario de la vivienda y el terreno
1207,Pampeana,2,propietario de la vivienda y el terreno
1208,Pampeana,1,propietario de la vivienda y el terreno
1209,Pampeana,3,inquilino o arrendatario
1210,Pampeana,8,propietario de la vivienda y el terreno
1211,Pampeana,4,propietario de la vivienda y el terreno
1212,Pampeana,5,"ocupante gratuito, con permiso"
1213,Pampeana,3,propietario de la vivienda y el terreno
1214,Pampeana,2,propietario de la vivienda y el terreno
1215,Pampeana,2,inquilino o arrendatario
1216,Noreste,2,inquilino o arrendatario
1217,Noreste,3,propietario de la vivienda y el terreno
1218,Pampeana,3,propietario de la vivienda y el terreno
1219,Pampeana,2,inquilino o arrendatario
1220,Pampeana,1,propietario de la vivienda y el terreno
1221,Pampeana,1,propietario de la vivienda y el terreno
1222,Pampeana,3,inquilino o arrendatario
1223,Pampeana,1,propietario de la vivienda y el terreno
1224,Pampeana,1,propietario de la vivienda y el terreno
1225,Pampeana,2,propietario de la vivienda y el terreno
1226,Pampeana,3,inquilino o arrendatario
1227,Pampeana,7,propietario de la vivienda y el terreno
1228,Pampeana,4,inquilino o arrendatario
1229,Pampeana,4,propietario de la vivienda y el terreno
1230,Pampeana,3,propietario de la vivienda y el terreno
1231,Pampeana,3,inquilino o arrendatario
1232,Pampeana,3,propietario de la vivienda y el terreno
1233,Pampeana,2,propietario de la vivienda y el terreno
1234,Pampeana,1,propietario de la vivienda y el terreno
1235,Pampeana,3,propietario de la vivienda y el terreno
1236,Noroeste,2,propietario de la vivienda y el terreno
1237,Noroeste,2,propietario de la vivienda y el terreno
1238,Noroeste,1,propietario de la vivienda solamente
1239,Noroeste,2,propietario de la vivienda y el terreno
1240,Pampeana,3,propietario de la vivienda y el terreno
1241,Pampeana,3,propietario de la vivienda y el terreno
1242,Pampeana,4,inquilino o arrendatario
1243,Patagonia,1,propietario de la vivienda y el terreno
1244,Patagonia,1,propietario de la vivienda solamente
1245,Patagonia,1,propietario de la vivienda solamente
1246,Noroeste,3,"ocupante de hecho, sin permiso"
1247,Noroeste,3,propietario de la vivienda solamente
1248,Noroeste,2,propietario de la vivienda y el terreno
1249,Noroeste,4,propietario de la vivienda y el terreno
1250,Noreste,3,inquilino o arrendatario
1251,Noroeste,2,propietario de la vivienda y el terreno
1252,Noroeste,3,propietario de la vivienda y el terreno
1253,Noroeste,3,propietario de la vivienda y el terreno
1254,Noroeste,4,propietario de la vivienda y el terreno
1255,Noroeste,4,propietario de la vivienda y el terreno
1256,Noroeste,5,propietario de la vivienda y el terreno
1257,Noroeste,1,propietario de la vivienda y el terreno
1258,Noroeste,7,propietario de la vivienda y el terreno
1259,Noroeste,2,propietario de la vivienda solamente
1260,Noroeste,3,propietario de la vivienda y el terreno
1261,Noroeste,2,propietario de la vivienda y el terreno
1262,Noroeste,2,propietario de la vivienda y el terreno
1263,Noroeste,5,propietario de la vivienda y el terreno
1264,Noroeste,5,ocupante por pago de impuestos o expensas
1265,Pampeana,2,propietario de la vivienda y el terreno
1266,Pampeana,4,inquilino o arrendatario
1267,Pampeana,2,propietario de la vivienda solamente
1268,Pampeana,1,"ocupante gratuito, con permiso"
1269,Patagonia,2,propietario de la vivienda y el terreno
1270,Noroeste,1,propietario de la vivienda y el terreno
1271,Noroeste,2,propietario de la vivienda y el terreno
1272,Noroeste,6,propietario de la vivienda y el terreno
1273,Noroeste,4,inquilino o arrendatario
1274,Noroeste,1,propietario de la vivienda y el terreno
1275,Pampeana,2,propietario de la vivienda y el terreno
1276,Pampeana,3,"ocupante gratuito, con permiso"
1277,Pampeana,2,"ocupante gratuito, con permiso"
1278,Pampeana,5,propietario de la vivienda y el terreno
1279,Pampeana,1,propietario de la vivienda y el terreno
1280,Cuyo,2,inquilino o arrendatario
1281,Cuyo,2,inquilino o arrendatario
1282,Cuyo,1,propietario de la vivienda y el terreno
1283,Cuyo,3,propietario de la vivienda y el terreno
1284,Cuyo,6,en sucesión
1285,Pampeana,2,inquilino o arrendatario
1286,Pampeana,2,propietario de la vivienda y el terreno
1287,Noreste,1,propietario de la vivienda y el terreno
1288,Noreste,3,propietario de la vivienda y el terreno
1289,Noreste,2,propietario de la vivienda y el terreno
1290,Patagonia,1,inquilino o arrendatario
1291,Pampeana,3,inquilino o arrendatario
1292,Pampeana,3,propietario de la vivienda y el terreno
1293,Pampeana,4,propietario de la vivienda y el terreno
1294,Pampeana,4,propietario de la vivienda y el terreno
1295,Pampeana,5,propietario de la vivienda y el terreno
1296,Pampeana,3,propietario de la vivienda y el terreno
1297,Pampeana,2,propietario de la vivienda y el terreno
1298,Pampeana,2,propietario de la vivienda y el terreno
1299,Pampeana,4,propietario de la vivienda y el terreno
1300,Pampeana,8,propietario de la vivienda y el terreno
1301,Pampeana,1,propietario de la vivienda y el terreno
1302,Pampeana,1,propietario de la vivienda y el terreno
1303,Pampeana,2,en sucesión
1304,Patagonia,2,inquilino o arrendatario
1305,Cuyo,3,propietario de la vivienda y el terreno
1306,Noroeste,2,propietario de la vivienda solamente
1307,Noroeste,3,propietario de la vivienda y el terreno
1308,Noroeste,2,propietario de la vivienda y el terreno
1309,Cuyo,3,inquilino o arrendatario
1310,Cuyo,2,propietario de la vivienda y el terreno
1311,Patagonia,2,inquilino o arrendatario
1312,Gran Buenos Aires,5,propietario de la vivienda y el terreno
1313,Pampeana,3,propietario de la vivienda y el terreno
1314,Pampeana,1,inquilino o arrendatario
1315,Pampeana,2,propietario de la vivienda y el terreno
1316,Pampeana,1,propietario de la vivienda y el terreno
1317,Noreste,2,propietario de la vivienda y el terreno
1318,Pampeana,4,inquilino o arrendatario
1319,Pampeana,1,propietario de la vivienda y el terreno
1320,Pampeana,2,propietario de la vivienda y el terreno
1321,Pampeana,4,inquilino o arrendatario
1322,Pampeana,4,inquilino o arrendatario
1323,Pampeana,1,inquilino o arrendatario
1324,Pampeana,2,"ocupante gratuito, con permiso"
1325,Pampeana,1,inquilino o arrendatario
1326,Pampeana,2,propietario de la vivienda y el terreno
1327,Noreste,1,propietario de la vivienda y el terreno
1328,Noreste,1,inquilino o arrendatario
1329,Noreste,1,propietario de la vivienda y el terreno
1330,Pampeana,1,propietario de la vivienda y el terreno
1331,Pampeana,4,propietario de la vivienda solamente
1332,Pampeana,2,propietario de la vivienda y el terreno
1333,Pampeana,1,inquilino o arrendatario
1334,Pampeana,2,"ocupante gratuito, con permiso"
1335,Pampeana,2,propietario de la vivienda y el terreno
1336,Noreste,4,propietario de la vivienda y el terreno
1337,Noreste,1,en sucesión
1338,Noreste,4,propietario de la vivienda y el terreno
1339,Noreste,3,propietario de la vivienda y el terreno
1340,Noreste,1,propietario de la vivienda y el terreno
1341,Pampeana,4,"ocupante gratuito, con permiso"
1342,Pampeana,2,propietario de la vivienda y el terreno
1343,Pampeana,2,propietario de la vivienda y el terreno
1344,Pampeana,1,propietario de la vivienda y el terreno
1345,Pampeana,4,propietario de la vivienda y el terreno
1346,Noreste,3,propietario de la vivienda y el terreno
1347,Noreste,3,propietario de la vivienda y el terreno
1348,Gran Buenos Aires,4,propietario de la vivienda y el terreno
1349,Gran Buenos Aires,4,propietario de la vivienda y el terreno
1350,Noreste,3,en sucesión
1351,Noreste,9,propietario de la vivienda y el terreno
1352,Patagonia,2,propietario de la vivienda y el terreno
1353,Patagonia,2,propietario de la vivienda y el terreno
1354,Cuyo,1,propietario de la vivienda y el terreno
1355,Cuyo,4,en sucesión
1356,Patagonia,2,propietario de la vivienda y el terreno
1357,Patagonia,2,propietario de la vivienda y el terreno
1358,Patagonia,4,propietario de la vivienda y el terreno
1359,Patagonia,2,propietario de la vivienda y el terreno
1360,Patagonia,2,propietario de la vivienda y el terreno
1361,Pampeana,3,"ocupante gratuito, con permiso"
1362,Pampeana,2,propietario de la vivienda y el terreno
1363,Pampeana,5,propietario de la vivienda y el terreno
1364,Pampeana,2,propietario de la vivienda y el terreno
1365,Gran Buenos Aires,4,inquilino o arrendatario
1366,Gran Buenos Aires,2,propietario de la vivienda y el terreno
1367,Gran Buenos Aires,1,propietario de la vivienda solamente
1368,Pampeana,2,inquilino o arrendatario
1369,Pampeana,3,propietario de la vivienda y el terreno
1370,Pampeana,2,propietario de la vivienda y el terreno
1371,Pampeana,2,propietario de la vivienda y el terreno
1372,Pampeana,1,"ocupante gratuito, con permiso"
1373,Pampeana,4,propietario de la vivienda y el terreno
1374,Gran Buenos Aires,4,propietario de la vivienda y el terreno
1375,Pampeana,4,"ocupante gratuito, con permiso"
1376,Pampeana,5,propietario de la vivienda y el terreno
1377,Patagonia,1,propietario de la vivienda y el terreno
1378,Patagonia,1,inquilino o arrendatario
1379,Patagonia,1,propietario de la vivienda y el terreno
1380,Patagonia,5,propietario de la vivienda y el terreno
1381,Cuyo,2,inquilino o arrendatario
1382,Pampeana,5,propietario de la vivienda y el terreno
1383,Pampeana,5,propietario de la vivienda y el terreno
1384,Pampeana,5,propietario de la vivienda y el terreno
1385,Pampeana,4,propietario de la vivienda y el terreno
1386,Pampeana,3,inquilino o arrendatario
1387,Gran Buenos Aires,2,inquilino o arrendatario
1388,Gran Buenos Aires,4,inquilino o arrendatario
1389,Gran Buenos Aires,4,propietario de la vivienda y el terreno
1390,Gran Buenos Aires,4,inquilino o arrendatario
1391,Gran Buenos Aires,3,"ocupante gratuito, con permiso"
1392,Pampeana,2,propietario de la vivienda y el terreno
1393,Pampeana,4,"ocupante gratuito, con permiso"
1394,Pampeana,4,inquilino o arrendatario
1395,Pampeana,3,propietario de la vivienda y el terreno
1396,Cuyo,3,inquilino o arrendatario
1397,Cuyo,1,propietario de la vivienda y el terreno
1398,Cuyo,2,propietario de la vivienda y el terreno
1399,Cuyo,2,propietario de la vivienda y el terreno
1400,Cuyo,3,propietario de la vivienda y el terreno
1401,Cuyo,2,propietario de la vivienda y el terreno
1402,Cuyo,2,propietario de la vivienda y el terreno
1403,Cuyo,6,inquilino o arrendatario
1404,Cuyo,3,propietario de la vivienda y el terreno
1405,Cuyo,4,"ocupante gratuito, con permiso"
1406,Noroeste,4,propietario de la vivienda solamente
1407,Noroeste,5,propietario de la vivienda y el terreno
1408,Noroeste,4,propietario de la vivienda y el terreno
1409,Noroeste,6,propietario de la vivienda y el terreno
1410,Noroeste,4,propietario de la vivienda y el terreno
1411,Noroeste,1,"ocupante gratuito, con permiso"
1412,Noroeste,4,propietario de la vivienda y el terreno
1413,Noroeste,3,"ocupante gratuito, con permiso"
1414,Noroeste,2,ocupante por pago de impuestos o expensas
1415,Noroeste,5,propietario de la vivienda y el terreno
1416,Noreste,5,otra situación
1417,Noreste,4,inquilino o arrendatario
1418,Noreste,2,en sucesión
1419,Noreste,3,propietario de la vivienda y el terreno
1420,Pampeana,2,"ocupante gratuito, con permiso"
1421,Noroeste,3,propietario de la vivienda y el terreno
1422,Noroeste,6,propietario de la vivienda y el terreno
1423,Noroeste,3,propietario de la vivienda y el terreno
1424,Noroeste,1,en sucesión
1425,Noroeste,1,propietario de la vivienda y el terreno
1426,Noroeste,2,propietario de la vivienda y el terreno
1427,Noroeste,3,propietario de la vivienda y el terreno
1428,Noroeste,2,propietario de la vivienda y el terreno
1429,Noroeste,1,propietario de la vivienda y el terreno
1430,Noroeste,4,propietario de la vivienda y el terreno
1431,Pampeana,1,propietario de la vivienda y el terreno
1432,Pampeana,1,inquilino o arrendatario
1433,Pampeana,4,inquilino o arrendatario
1434,Pampeana,1,inquilino o arrendatario
1435,Noroeste,8,propietario de la vivienda y el terreno
1436,Patagonia,3,propietario de la vivienda y el terreno
1437,Patagonia,1,inquilino o arrendatario
1438,Noroeste,2,propietario de la vivienda y el terreno
1439,Pampeana,7,propietario de la vivienda y el terreno
1440,Pampeana,2,propietario de la vivienda y el terreno
1441,Cuyo,3,propietario de la vivienda y el terreno
1442,Cuyo,5,propietario de la vivienda y el terreno
1443,Noroeste,6,propietario de la vivienda y el terreno
1444,Noroeste,8,inquilino o arrendatario
1445,Noroeste,3,propietario de la vivienda y el terreno
1446,Cuyo,5,propietario de la vivienda y el terreno
1447,Cuyo,2,ocupante por pago de impuestos o expensas
1448,Cuyo,1,"ocupante gratuito, con permiso"
1449,Cuyo,6,propietario de la vivienda y el terreno
1450,Cuyo,2,propietario de la vivienda y el terreno
1451,Patagonia,4,propietario de la vivienda y el terreno
1452,Patagonia,1,inquilino o arrendatario
1453,Noroeste,6,propietario de la vivienda y el terreno
1454,Noroeste,2,propietario de la vivienda y el terreno
1455,Patagonia,6,inquilino o arrendatario
1456,Patagonia,2,propietario de la vivienda y el terreno
1457,Noreste,2,propietario de la vivienda y el terreno
1458,Patagonia,1,propietario de la vivienda y el terreno
1459,Pampeana,2,inquilino o arrendatario
1460,Pampeana,4,propietario de la vivienda y el terreno
1461,Pampeana,1,en sucesión
1462,Gran Buenos Aires,10,ocupante por pago de impuestos o expensas
1463,Gran Buenos Aires,3,inquilino o arrendatario
1464,Gran Buenos Aires,1,propietario de la vivienda y el terreno
1465,Gran Buenos Aires,1,propietario de la vivienda solamente
1466,Cuyo,1,propietario de la vivienda y el terreno
1467,Cuyo,3,inquilino o arrendatario
1468,Cuyo,5,propietario de la vivienda y el terreno
1469,Cuyo,4,propietario de la vivienda y el terreno
1470,Noroeste,2,propietario de la vivienda y el terreno
1471,Noroeste,4,propietario de la vivienda y el terreno
1472,Gran Buenos Aires,1,"ocupante gratuito, con permiso"
1473,Gran Buenos Aires,3,propietario de la vivienda y el terreno
1474,Gran Buenos Aires,4,propietario de la vivienda y el terreno
1475,Gran Buenos Aires,2,inquilino o arrendatario
1476,Noroeste,2,propietario de la vivienda y el terreno
1477,Noroeste,1,propietario de la vivienda y el terreno
1478,Noroeste,5,propietario de la vivienda y el terreno
1479,Noroeste,2,propietario de la vivienda y el terreno
1480,Noroeste,4,propietario de la vivienda y el terreno
1481,Noroeste,4,propietario de la vivienda solamente
1482,Gran Buenos Aires,5,propietario de la vivienda y el terreno
1483,Cuyo,7,"ocupante gratuito, con permiso"
1484,Cuyo,6,"ocupante gratuito, con permiso"
1485,Cuyo,1,"ocupante gratuito, con permiso"
1486,Cuyo,2,propietario de la vivienda y el terreno
1487,Cuyo,5,"ocupante gratuito, con permiso"
1488,Cuyo,2,"ocupante gratuito, con permiso"
1489,Cuyo,2,propietario de la vivienda y el terreno
1490,Cuyo,4,inquilino o arrendatario
1491,Cuyo,4,inquilino o arrendatario
1492,Noreste,5,propietario de la vivienda y el terreno
1493,Noreste,1,"ocupante gratuito, con permiso"
1494,Noreste,4,propietario de la vivienda y el terreno
1495,Noreste,1,propietario de la vivienda y el terreno
1496,Noreste,2,propietario de la vivienda y el terreno
1497,Noreste,3,propietario de la vivienda y el terreno
1498,Noreste,2,propietario de la vivienda y el terreno
1499,Noreste,2,inquilino o arrendatario
1500,Noreste,1,inquilino o arrendatario
1501,Noroeste,4,propietario de la vivienda y el terreno
1502,Noroeste,3,propietario de la vivienda y el terreno
1503,Cuyo,1,propietario de la vivienda y el terreno
1504,Cuyo,1,propietario de la vivienda y el terreno
1505,Patagonia,3,propietario de la vivienda y el terreno
1506,Pampeana,1,inquilino o arrendatario
1507,Noroeste,4,propietario de la vivienda solamente
1508,Noroeste,1,propietario de la vivienda y el terreno
1509,Noroeste,1,propietario de la vivienda y el terreno
1510,Noroeste,3,inquilino o arrendatario
1511,Pampeana,3,propietario de la vivienda y el terreno
1512,Pampeana,2,propietario de la vivienda y el terreno
1513,Pampeana,1,propietario de la vivienda y el terreno
1514,Noreste,4,propietario de la vivienda y el terreno
1515,Noreste,4,propietario de la vivienda y el terreno
1516,Pampeana,1,propietario de la vivienda y el terreno
1517,Pampeana,2,propietario de la vivienda y el terreno
1518,Pampeana,2,propietario de la vivienda y el terreno
1519,Noroeste,6,propietario de la vivienda solamente
1520,Cuyo,5,"ocupante gratuito, con permiso"
1521,Cuyo,4,propietario de la vivienda y el terreno
1522,Cuyo,3,propietario de la vivienda y el terreno
1523,Cuyo,3,inquilino o arrendatario
1524,Cuyo,4,inquilino o arrendatario
1525,Cuyo,1,"ocupante gratuito, con permiso"
1526,Gran Buenos Aires,3,propietario de la vivienda y el terreno
1527,Gran Buenos Aires,7,propietario de la vivienda y el terreno
1528,Gran Buenos Aires,4,propietario de la vivienda y el terreno
1529,Gran Buenos Aires,1,propietario de la vivienda y el terreno
1530,Gran Buenos Aires,4,"ocupante gratuito, con permiso"
1531,Gran Buenos Aires,8,ocupante por pago de impuestos o expensas
1532,Gran Buenos Aires,3,propietario de la vivienda y el terreno
1533,Gran Buenos Aires,6,propietario de la vivienda y el terreno
1534,Gran Buenos Aires,3,propietario de la vivienda y el terreno
1535,Gran Buenos Aires,2,propietario de la vivienda y el terreno
1536,Pampeana,4,inquilino o arrendatario
1537,Noroeste,1,inquilino o arrendatario
1538,Noroeste,1,inquilino o arrendatario
1539,Noroeste,5,propietario de la vivienda y el terreno
1540,Noroeste,4,propietario de la vivienda y el terreno
1541,Pampeana,2,"ocupante gratuito, con permiso"
1542,Pampeana,6,propietario de la vivienda y el terreno
1543,Pampeana,2,propietario de la vivienda y el terreno
1544,Pampeana,4,propietario de la vivienda y el terreno
1545,Gran Buenos Aires,2,"ocupante gratuito, con permiso"
1546,Gran Buenos Aires,2,propietario de la vivienda y el terreno
1547,Gran Buenos Aires,2,propietario de la vivienda solamente
1548,Gran Buenos Aires,2,propietario de la vivienda y el terreno
1549,Gran Buenos Aires,1,ocupante por pago de impuestos o expensas
1550,Gran Buenos Aires,3,propietario de la vivienda solamente
1551,Patagonia,3,propietario de la vivienda y el terreno
1552,Patagonia,2,propietario de la vivienda y el terreno
1553,Patagonia,3,inquilino o arrendatario
1554,Patagonia,5,propietario de la vivienda y el terreno
1555,Pampeana,4,en sucesión
1556,Pampeana,2,propietario de la vivienda y el terreno
1557,Pampeana,2,"ocupante gratuito, con permiso"
1558,Gran Buenos Aires,2,propietario de la vivienda y el terreno
1559,Gran Buenos Aires,3,"ocupante gratuito, con permiso"
1560,Gran Buenos Aires,3,propietario de la vivienda solamente
1561,Patagonia,3,propietario de la vivienda y el terreno
1562,Patagonia,1,propietario de la vivienda y el terreno
1563,Patagonia,4,inquilino o arrendatario
1564,Patagonia,4,propietario de la vivienda y el terreno
1565,Patagonia,3,propietario de la vivienda y el terreno
1566,Patagonia,3,propietario de la vivienda y el terreno
1567,Cuyo,4,propietario de la vivienda y el terreno
1568,Noreste,2,ocupante por pago de impuestos o expensas
1569,Noreste,1,propietario de la vivienda y el terreno
1570,Noreste,2,propietario de la vivienda y el terreno
1571,Noreste,4,propietario de la vivienda y el terreno
1572,Noreste,1,propietario de la vivienda solamente
1573,Patagonia,2,propietario de la vivienda y el terreno
1574,Patagonia,4,propietario de la vivienda y el terreno
1575,Patagonia,1,propietario de la vivienda y el terreno
1576,Patagonia,2,inquilino o arrendatario
1577,Patagonia,2,inquilino o arrendatario
1578,Noreste,2,propietario de la vivienda y el terreno
1579,Noreste,2,en sucesión
1580,Noreste,5,propietario de la vivienda y el terreno
1581,Noreste,9,propietario de la vivienda y el terreno
1582,Noreste,3,propietario de la vivienda y el terreno
1583,Pampeana,4,"ocupante gratuito, con permiso"
1584,Pampeana,3,propietario de la vivienda y el terreno
1585,Pampeana,2,propietario de la vivienda y el terreno
1586,Pampeana,1,inquilino o arrendatario
1587,Pampeana,3,propietario de la vivienda y el terreno
1588,Patagonia,6,propietario de la vivienda y el terreno
1589,Pampeana,2,propietario de la vivienda y el terreno
1590,Pampeana,3,inquilino o arrendatario
1591,Pampeana,2,propietario de la vivienda y el terreno
1592,Noroeste,1,propietario de la vivienda y el terreno
1593,Noroeste,3,propietario de la vivienda y el terreno
1594,Noroeste,1,propietario de la vivienda y el terreno
1595,Gran Buenos Aires,1,propietario de la vivienda y el terreno
1596,Patagonia,1,propietario de la vivienda y el terreno
1597,Patagonia,2,propietario de la vivienda y el terreno
1598,Patagonia,2,propietario de la vivienda y el terreno
1599,Noroeste,14,propietario de la vivienda y el terreno
1600,Gran Buenos Aires,2,propietario de la vivienda y el terreno
1601,Cuyo,3,propietario de la vivienda y el terreno
1602,Pampeana,2,propietario de la vivienda y el terreno
1603,Pampeana,5,propietario de la vivienda y el terreno
1604,Noroeste,3,propietario de la vivienda y el terreno
1605,Noroeste,4,propietario de la vivienda y el terreno
1606,Patagonia,1,propietario de la vivienda y el terreno
1607,Patagonia,1,propietario de la vivienda y el terreno
1608,Patagonia,6,propietario de la vivienda y el terreno
1609,Patagonia,4,propietario de la vivienda y el terreno
1610,Pampeana,1,propietario de la vivienda y el terreno
1611,Pampeana,1,inquilino o arrendatario
1612,Pampeana,1,inquilino o arrendatario
1613,Pampeana,3,propietario de la vivienda y el terreno
1614,Pampeana,2,propietario de la vivienda y el terreno
1615,Pampeana,3,propietario de la vivienda y el terreno
1616,Pampeana,3,propietario de la vivienda y el terreno
1617,Pampeana,1,propietario de la vivienda y el terreno
1618,Pampeana,3,propietario de la vivienda y el terreno
1619,Pampeana,2,propietario de la vivienda y el terreno
1620,Gran Buenos Aires,2,propietario de la vivienda y el terreno
1621,Gran Buenos Aires,3,propietario de la vivienda y el terreno
1622,Gran Buenos Aires,1,propietario de la vivienda y el terreno
1623,Pampeana,2,propietario de la vivienda y el terreno
1624,Gran Buenos Aires,3,inquilino o arrendatario
1625,Gran Buenos Aires,3,propietario de la vivienda y el terreno
1626,Gran Buenos Aires,2,propietario de la vivienda y el terreno
1627,Gran Buenos Aires,7,propietario de la vivienda solamente
1628,Gran Buenos Aires,5,inquilino o arrendatario
1629,Gran Buenos Aires,3,inquilino o arrendatario
1630,Pampeana,3,propietario de la vivienda y el terreno
1631,Pampeana,1,"ocupante gratuito, con permiso"
1632,Pampeana,2,propietario de la vivienda y el terreno
1633,Gran Buenos Aires,2,inquilino o arrendatario
1634,Pampeana,3,inquilino o arrendatario
1635,Noroeste,5,propietario de la vivienda y el terreno
1636,Noroeste,4,"ocupante gratuito, con permiso"
1637,Patagonia,2,propietario de la vivienda y el terreno
1638,Patagonia,2,propietario de la vivienda y el terreno
1639,Noroeste,1,propietario de la vivienda y el terreno
1640,Gran Buenos Aires,5,propietario de la vivienda y el terreno
1641,Gran Buenos Aires,5,propietario de la vivienda y el terreno
1642,Gran Buenos Aires,3,propietario de la vivienda y el terreno
1643,Pampeana,1,propietario de la vivienda solamente
1644,Pampeana,1,inquilino o arrendatario
1645,Pampeana,2,propietario de la vivienda y el terreno
1646,Pampeana,5,propietario de la vivienda y el terreno
1647,Pampeana,3,propietario de la vivienda y el terreno
1648,Gran Buenos Aires,3,propietario de la vivienda y el terreno
1649,Gran Buenos Aires,6,propietario de la vivienda y el terreno
1650,Gran Buenos Aires,1,propietario de la vivienda y el terreno
1651,Gran Buenos Aires,6,propietario de la vivienda y el terreno
1652,Gran Buenos Aires,2,propietario de la vivienda y el terreno
1653,Gran Buenos Aires,2,"ocupante gratuito, con permiso"
1654,Gran Buenos Aires,7,propietario de la vivienda y el terreno
1655,Pampeana,1,propietario de la vivienda y el terreno
1656,Pampeana,2,propietario de la vivienda y el terreno
1657,Pampeana,2,inquilino o arrendatario
1658,Pampeana,2,propietario de la vivienda solamente
1659,Pampeana,3,inquilino o arrendatario
1660,Pampeana,3,propietario de la vivienda y el terreno
1661,Pampeana,2,inquilino o arrendatario
1662,Pampeana,1,inquilino o arrendatario
1663,Pampeana,1,inquilino o arrendatario
1664,Patagonia,3,propietario de la vivienda y el terreno
1665,Patagonia,2,inquilino o arrendatario
1666,Patagonia,3,inquilino o arrendatario
1667,Gran Buenos Aires,3,propietario de la vivienda y el terreno
1668,Noroeste,2,propietario de la vivienda y el terreno
1669,Noroeste,2,propietario de la vivienda y el terreno
1670,Noroeste,4,propietario de la vivienda y el terreno
1671,Noroeste,6,propietario de la vivienda y el terreno
1672,Gran Buenos Aires,4,propietario de la vivienda y el terreno
1673,Gran Buenos Aires,2,propietario de la vivienda y el terreno
1674,Gran Buenos Aires,2,propietario de la vivienda solamente
1675,Pampeana,4,propietario de la vivienda y el terreno
1676,Pampeana,1,inquilino o arrendatario
1677,Patagonia,1,propietario de la vivienda y el terreno
1678,Patagonia,4,ocupante por pago de impuestos o expensas
1679,Patagonia,2,propietario de la vivienda y el terreno
1680,Patagonia,1,propietario de la vivienda y el terreno
1681,Noroeste,2,propietario de la vivienda y el terreno
1682,Pampeana,6,propietario de la vivienda y el terreno
1683,Pampeana,1,propietario de la vivienda y el terreno
1684,Pampeana,5,inquilino o arrendatario
1685,Pampeana,4,propietario de la vivienda y el terreno
1686,Patagonia,3,propietario de la vivienda y el terreno
1687,Patagonia,2,propietario de la vivienda y el terreno
1688,Patagonia,1,inquilino o arrendatario
1689,Patagonia,5,propietario de la vivienda solamente
1690,Patagonia,4,propietario de la vivienda y el terreno
1691,Patagonia,2,inquilino o arrendatario
1692,Pampeana,5,propietario de la vivienda y el terreno
1693,Pampeana,1,propietario de la vivienda solamente
1694,Pampeana,4,inquilino o arrendatario
1695,Pampeana,2,inquilino o arrendatario
1696,Pampeana,4,propietario de la vivienda y el terreno
1697,Pampeana,4,propietario de la vivienda y el terreno
1698,Pampeana,2,inquilino o arrendatario
1699,Pampeana,2,propietario de la vivienda y el terreno
1700,Pampeana,2,propietario de la vivienda y el terreno
1701,Pampeana,3,propietario de la vivienda y el terreno
1702,Noreste,3,propietario de la vivienda y el terreno
1703,Noroeste,5,ocupante por pago de impuestos o expensas
1704,Gran Buenos Aires,2,propietario de la vivienda y el terreno
1705,Gran Buenos Aires,3,propietario de la vivienda y el terreno
1706,Gran Buenos Aires,2,propietario de la vivienda y el terreno
1707,Gran Buenos Aires,4,propietario de la vivienda y el terreno
1708,Gran Buenos Aires,4,propietario de la vivienda y el terreno
1709,Gran Buenos Aires,4,propietario de la vivienda y el terreno
1710,Gran Buenos Aires,1,propietario de la vivienda y el terreno
1711,Gran Buenos Aires,5,propietario de la vivienda y el terreno
1712,Gran Buenos Aires,1,propietario de la vivienda y el terreno
1713,Gran Buenos Aires,1,inquilino o arrendatario
1714,Pampeana,2,propietario de la vivienda y el terreno
1715,Pampeana,1,propietario de la vivienda y el terreno
1716,Pampeana,1,"ocupante de hecho, sin permiso"
1717,Pampeana,1,propietario de la vivienda y el terreno
1718,Pampeana,3,propietario de la vivienda y el terreno
1719,Pampeana,2,propietario de la vivienda solamente
1720,Pampeana,4,propietario de la vivienda y el terreno
1721,Patagonia,7,"ocupante gratuito, con permiso"
1722,Gran Buenos Aires,1,inquilino o arrendatario
1723,Gran Buenos Aires,1,inquilino o arrendatario
1724,Gran Buenos Aires,2,propietario de la vivienda y el terreno
1725,Gran Buenos Aires,3,inquilino o arrendatario
1726,Gran Buenos Aires,2,propietario de la vivienda y el terreno
1727,Gran Buenos Aires,2,inquilino o arrendatario
1728,Noroeste,3,propietario de la vivienda y el terreno
1729,Noroeste,4,propietario de la vivienda y el terreno
1730,Noroeste,3,propietario de la vivienda y el terreno
1731,Noroeste,3,propietario de la vivienda y el terreno
1732,Noroeste,2,propietario de la vivienda y el terreno
1733,Noroeste,4,propietario de la vivienda y el terreno
1734,Noroeste,5,propietario de la vivienda y el terreno
1735,Noroeste,7,propietario de la vivienda y el terreno
1736,Noroeste,5,inquilino o arrendatario
1737,Noroeste,1,ocupante por pago de impuestos o expensas
1738,Gran Buenos Aires,1,propietario de la vivienda solamente
1739,Gran Buenos Aires,7,propietario de la vivienda y el terreno
1740,Gran Buenos Aires,8,propietario de la vivienda y el terreno
1741,Gran Buenos Aires,1,propietario de la vivienda solamente
1742,Gran Buenos Aires,1,inquilino o arrendatario
1743,Gran Buenos Aires,2,inquilino o arrendatario
1744,Gran Buenos Aires,1,inquilino o arrendatario
1745,Cuyo,4,propietario de la vivienda y el terreno
1746,Cuyo,3,inquilino o arrendatario
1747,Cuyo,1,inquilino o arrendatario
1748,Cuyo,2,propietario de la vivienda y el terreno
1749,Cuyo,3,inquilino o arrendatario
1750,Cuyo,2,"ocupante gratuito, con permiso"
1751,Gran Buenos Aires,2,propietario de la vivienda y el terreno
1752,Gran Buenos Aires,6,inquilino o arrendatario
1753,Gran Buenos Aires,1,propietario de la vivienda solamente
1754,Gran Buenos Aires,2,propietario de la vivienda y el terreno
1755,Cuyo,5,inquilino o arrendatario
1756,Cuyo,3,propietario de la vivienda y el terreno
1757,Cuyo,2,propietario de la vivienda y el terreno
1758,Cuyo,3,ocupante por pago de impuestos o expensas
1759,Cuyo,1,propietario de la vivienda y el terreno
1760,Pampeana,1,"ocupante gratuito, con permiso"
1761,Noroeste,7,propietario de la vivienda y el terreno
1762,Noroeste,3,propietario de la vivienda y el terreno
1763,Noroeste,2,propietario de la vivienda y el terreno
1764,Noroeste,3,propietario de la vivienda y el terreno
1765,Noroeste,4,propietario de la vivienda y el terreno
1766,Noroeste,3,propietario de la vivienda y el terreno
1767,Noroeste,2,propietario de la vivienda y el terreno
1768,Noroeste,4,inquilino o arrendatario
1769,Noroeste,2,propietario de la vivienda y el terreno
1770,Noroeste,3,inquilino o arrendatario
1771,Noroeste,2,propietario de la vivienda y el terreno
1772,Noroeste,2,propietario de la vivienda y el terreno
1773,Noroeste,5,inquilino o arrendatario
1774,Noroeste,6,propietario de la vivienda y el terreno
1775,Noroeste,5,propietario de la vivienda y el terreno
1776,Noroeste,4,propietario de la vivienda y el terreno
1777,Noroeste,6,propietario de la vivienda y el terreno
1778,Pampeana,3,"ocupante gratuito, con permiso"
1779,Pampeana,4,en sucesión
1780,Pampeana,10,propietario de la vivienda y el terreno
1781,Pampeana,1,propietario de la vivienda y el terreno
1782,Pampeana,2,propietario de la vivienda y el terreno
1783,Pampeana,1,inquilino o arrendatario
1784,Pampeana,2,propietario de la vivienda y el terreno
1785,Pampeana,4,propietario de la vivienda y el terreno
1786,Noroeste,4,inquilino o arrendatario
1787,Noroeste,1,inquilino o arrendatario
1788,Noroeste,1,inquilino o arrendatario
1789,Noroeste,1,"ocupante gratuito, con permiso"
1790,Noroeste,5,inquilino o arrendatario
1791,Noreste,1,propietario de la vivienda solamente
1792,Noreste,4,propietario de la vivienda solamente
1793,Noreste,11,propietario de la vivienda y el terreno
1794,Noreste,2,propietario de la vivienda solamente
1795,Patagonia,6,propietario de la vivienda y el terreno
1796,Patagonia,2,propietario de la vivienda solamente
1797,Gran Buenos Aires,4,propietario de la vivienda y el terreno
1798,Gran Buenos Aires,1,inquilino o arrendatario
1799,Gran Buenos Aires,3,propietario de la vivienda y el terreno
1800,Pampeana,3,propietario de la vivienda y el terreno
1801,Pampeana,1,inquilino o arrendatario
1802,Pampeana,2,propietario de la vivienda y el terreno
1803,Noroeste,5,propietario de la vivienda y el terreno
1804,Noroeste,3,propietario de la vivienda y el terreno
1805,Gran Buenos Aires,2,ocupante por pago de impuestos o expensas
1806,Noroeste,4,"ocupante gratuito, con permiso"
1807,Noroeste,2,propietario de la vivienda solamente
1808,Noroeste,3,propietario de la vivienda y el terreno
1809,Noroeste,5,propietario de la vivienda y el terreno
1810,Gran Buenos Aires,3,propietario de la vivienda y el terreno
1811,Gran Buenos Aires,2,"ocupante gratuito, con permiso"
1812,Noroeste,4,inquilino o arrendatario
1813,Noroeste,1,propietario de la vivienda y el terreno
1814,Noroeste,4,propietario de la vivienda y el terreno
1815,Noroeste,6,propietario de la vivienda y el terreno
1816,Noroeste,2,inquilino o arrendatario
1817,Noroeste,3,ocupante por pago de impuestos o expensas
1818,Noroeste,4,propietario de la vivienda y el terreno
1819,Noroeste,4,"ocupante gratuito, con permiso"
1820,Noroeste,4,ocupante por pago de impuestos o expensas
1821,Noroeste,2,propietario de la vivienda y el terreno
1822,Cuyo,1,propietario de la vivienda y el terreno
1823,Gran Buenos Aires,6,propietario de la vivienda y el terreno
1824,Gran Buenos Aires,3,propietario de la vivienda y el terreno
1825,Gran Buenos Aires,4,propietario de la vivienda y el terreno
1826,Gran Buenos Aires,2,propietario de la vivienda y el terreno
1827,Pampeana,3,propietario de la vivienda y el terreno
1828,Pampeana,4,ocupante por pago de impuestos o expensas
1829,Pampeana,3,inquilino o arrendatario
1830,Pampeana,3,propietario de la vivienda y el terreno
1831,Pampeana,1,propietario de la vivienda y el terreno
1832,Pampeana,2,propietario de la vivienda y el terreno
1833,Patagonia,2,propietario de la vivienda y el terreno
1834,Patagonia,1,propietario de la vivienda y el terreno
1835,Patagonia,2,propietario de la vivienda y el terreno
1836,Noroeste,1,inquilino o arrendatario
1837,Noroeste,2,inquilino o arrendatario
1838,Pampeana,8,propietario de la vivienda y el terreno
1839,Pampeana,1,inquilino o arrendatario
1840,Pampeana,6,propietario de la vivienda y el terreno
1841,Pampeana,3,propietario de la vivienda y el terreno
1842,Noreste,4,propietario de la vivienda solamente
1843,Noreste,4,propietario de la vivienda solamente
1844,Noreste,4,propietario de la vivienda y el terreno
1845,Noreste,2,propietario de la vivienda y el terreno
1846,Noreste,1,propietario de la vivienda y el terreno
1847,Pampeana,1,inquilino o arrendatario
1848,Pampeana,1,propietario de la vivienda y el terreno
1849,Pampeana,1,inquilino o arrendatario
1850,Pampeana,4,propietario de la vivienda y el terreno
1851,Pampeana,1,inquilino o arrendatario
1852,Cuyo,2,inquilino o arrendatario
1853,Cuyo,1,"ocupante gratuito, con permiso"
1854,Cuyo,1,propietario de la vivienda y el terreno
1855,Cuyo,2,inquilino o arrendatario
1856,Cuyo,6,propietario de la vivienda y el terreno
1857,Pampeana,2,propietario de la vivienda y el terreno
1858,Gran Buenos Aires,2,propietario de la vivienda y el terreno
1859,Gran Buenos Aires,1,"ocupante gratuito, con permiso"
1860,Gran Buenos Aires,4,inquilino o arrendatario
1861,Gran Buenos Aires,1,propietario de la vivienda y el terreno
1862,Gran Buenos Aires,1,propietario de la vivienda y el terreno
1863,Pampeana,2,propietario de la vivienda y el terreno
1864,Pampeana,1,propietario de la vivienda y el terreno
1865,Pampeana,2,propietario de la vivienda y el terreno
1866,Pampeana,1,propietario de la vivienda y el terreno
1867,Pampeana,4,propietario de la vivienda y el terreno
1868,Pampeana,5,propietario de la vivienda y el terreno
1869,Pampeana,3,propietario de la vivienda y el terreno
1870,Pampeana,6,propietario de la vivienda y el terreno
1871,Pampeana,1,propietario de la vivienda y el terreno
1872,Patagonia,2,inquilino o arrendatario
1873,Patagonia,1,inquilino o arrendatario
1874,Patagonia,4,inquilino o arrendatario
1875,Patagonia,2,inquilino o arrendatario
1876,Gran Buenos Aires,3,inquilino o arrendatario
1877,Gran Buenos Aires,2,inquilino o arrendatario
1878,Gran Buenos Aires,1,inquilino o arrendatario
1879,Gran Buenos Aires,5,propietario de la vivienda solamente
1880,Noroeste,8,inquilino o arrendatario
1881,Noroeste,1,inquilino o arrendatario
1882,Noroeste,3,inquilino o arrendatario
1883,Noroeste,3,propietario de la vivienda y el terreno
1884,Noroeste,3,propietario de la vivienda y el terreno
1885,Noroeste,3,propietario de la vivienda y el terreno
1886,Noroeste,3,inquilino o arrendatario
1887,Noroeste,2,propietario de la vivienda y el terreno
1888,Noroeste,2,inquilino o arrendatario
1889,Cuyo,4,propietario de la vivienda y el terreno
1890,Cuyo,7,propietario de la vivienda y el terreno
1891,Cuyo,3,ocupante en relación de dependencia
1892,Noroeste,3,propietario de la vivienda y el terreno
1893,Noroeste,3,propietario de la vivienda y el terreno
1894,Noroeste,1,inquilino o arrendatario
1895,Noroeste,2,propietario de la vivienda y el terreno
1896,Noroeste,2,propietario de la vivienda y el terreno
1897,Noroeste,4,propietario de la vivienda y el terreno
1898,Noroeste,7,propietario de la vivienda y el terreno
1899,Cuyo,8,propietario de la vivienda y el terreno
1900,Cuyo,9,propietario de la vivienda y el terreno
1901,Patagonia,4,inquilino o arrendatario
1902,Patagonia,3,inquilino o arrendatario
1903,Patagonia,3,propietario de la vivienda y el terreno
1904,Patagonia,1,inquilino o arrendatario
1905,Patagonia,4,propietario de la vivienda y el terreno
1906,Patagonia,3,inquilino o arrendatario
1907,Patagonia,1,propietario de la vivienda y el terreno
1908,Pampeana,2,propietario de la vivienda y el terreno
1909,Pampeana,4,propietario de la vivienda y el terreno
1910,Pampeana,5,propietario de la vivienda y el terreno
1911,Pampeana,3,propietario de la vivienda y el terreno
1912,Pampeana,2,propietario de la vivienda y el terreno
1913,Noreste,4,propietario de la vivienda solamente
1914,Noreste,3,propietario de la vivienda y el terreno
1915,Noreste,1,propietario de la vivienda solamente
1916,Noreste,4,propietario de la vivienda y el terreno
1917,Noreste,3,propietario de la vivienda y el terreno
1918,Noreste,7,propietario de la vivienda y el terreno
1919,Noreste,4,propietario de la vivienda y el terreno
1920,Noreste,1,propietario de la vivienda y el terreno
1921,Noreste,5,propietario de la vivienda y el terreno
1922,Noreste,3,propietario de la vivienda y el terreno
1923,Pampeana,2,inquilino o arrendatario
1924,Pampeana,3,propietario de la vivienda y el terreno
1925,Pampeana,1,propietario de la vivienda y el terreno
1926,Pampeana,2,propietario de la vivienda y el terreno
1927,Gran Buenos Aires,1,propietario de la vivienda y el terreno
1928,Gran Buenos Aires,5,propietario de la vivienda y el terreno
1929,Gran Buenos Aires,2,propietario de la vivienda y el terreno
1930,Gran Buenos Aires,2,propietario de la vivienda solamente
1931,Gran Buenos Aires,2,propietario de la vivienda solamente
1932,Cuyo,3,propietario de la vivienda y el terreno
1933,Cuyo,2,inquilino o arrendatario
1934,Cuyo,2,propietario de la vivienda y el terreno
1935,Cuyo,3,"ocupante gratuito, con permiso"
1936,Cuyo,5,propietario de la vivienda y el terreno
1937,Noreste,1,propietario de la vivienda y el terreno
1938,Noreste,1,"ocupante gratuito, con permiso"
1939,Noreste,4,propietario de la vivienda y el terreno
1940,Noroeste,8,propietario de la vivienda y el terreno
1941,Noroeste,4,propietario de la vivienda y el terreno
1942,Pampeana,2,propietario de la vivienda y el terreno
1943,Pampeana,4,propietario de la vivienda y el terreno
1944,Pampeana,2,propietario de la vivienda y el terreno
1945,Pampeana,4,propietario de la vivienda y el terreno
1946,Pampeana,5,propietario de la vivienda y el terreno
1947,Noroeste,4,propietario de la vivienda y el terreno
1948,Noroeste,2,propietario de la vivienda y el terreno
1949,Gran Buenos Aires,2,propietario de la vivienda y el terreno
1950,Gran Buenos Aires,3,propietario de la vivienda y el terreno
1951,Pampeana,2,propietario de la vivienda y el terreno
1952,Noreste,5,propietario de la vivienda y el terreno
1953,Noreste,4,"ocupante gratuito, con permiso"
1954,Noreste,4,propietario de la vivienda y el terreno
1955,Pampeana,1,inquilino o arrendatario
1956,Pampeana,1,propietario de la vivienda y el terreno
1957,Pampeana,2,inquilino o arrendatario
1958,Patagonia,1,propietario de la vivienda y el terreno
1959,Noreste,5,propietario de la vivienda y el terreno
1960,Noreste,2,propietario de la vivienda y el terreno
1961,Pampeana,1,propietario de la vivienda y el terreno
1962,Pampeana,4,inquilino o arrendatario
1963,Pampeana,1,propietario de la vivienda y el terreno
1964,Pampeana,3,inquilino o arrendatario
1965,Pampeana,5,propietario de la vivienda y el terreno
1966,Pampeana,1,propietario de la vivienda y el terreno
1967,Gran Buenos Aires,2,propietario de la vivienda y el terreno
1968,Gran Buenos Aires,3,propietario de la vivienda y el terreno
1969,Gran Buenos Aires,4,inquilino o arrendatario
1970,Gran Buenos Aires,4,propietario de la vivienda y el terreno
1971,Gran Buenos Aires,3,propietario de la vivienda y el terreno
1972,Gran Buenos Aires,4,inquilino o arrendatario
1973,Gran Buenos Aires,4,propietario de la vivienda y el terreno
1974,Pampeana,1,inquilino o arrendatario
1975,Pampeana,3,inquilino o arrendatario
1976,Pampeana,4,propietario de la vivienda y el terreno
1977,Pampeana,1,inquilino o arrendatario
1978,Pampeana,3,propietario de la vivienda y el terreno
1979,Pampeana,1,propietario de la vivienda y el terreno
1980,Pampeana,2,propietario de la vivienda y el terreno
1981,Pampeana,2,propietario de la vivienda solamente
1982,Pampeana,2,propietario de la vivienda y el terreno
1983,Pampeana,3,propietario de la vivienda y el terreno
1984,Patagonia,3,propietario de la vivienda y el terreno
1985,Patagonia,2,propietario de la vivienda y el terreno
1986,Patagonia,2,inquilino o arrendatario
1987,Patagonia,4,inquilino o arrendatario
1988,Patagonia,2,inquilino o arrendatario
1989,Pampeana,3,propietario de la vivienda y el terreno
1990,Pampeana,2,inquilino o arrendatario
1991,Pampeana,1,propietario de la vivienda y el terreno
1992,Pampeana,6,inquilino o arrendatario
1993,Pampeana,2,propietario de la vivienda y el terreno
1994,Pampeana,1,propietario de la vivienda y el terreno
1995,Pampeana,4,propietario de la vivienda y el terreno
1996,Pampeana,1,propietario de la vivienda y el terreno
1997,Pampeana,2,inquilino o arrendatario
1998,Pampeana,4,propietario de la vivienda y el terreno
1999,Pampeana,5,propietario de la vivienda solamente
2000,Pampeana,3,propietario de la vivienda y el terreno
2001,Pampeana,4,inquilino o arrendatario
2002,Pampeana,3,propietario de la vivienda y el terreno
2003,Pampeana,1,inquilino o arrendatario
2004,Pampeana,1,propietario de la vivienda solamente
2005,Pampeana,3,propietario de la vivienda y el terreno
2006,Pampeana,2,propietario de la vivienda y el terreno
2007,Pampeana,2,inquilino o arrendatario
2008,Pampeana,1,propietario de la vivienda y el terreno
2009,Pampeana,2,propietario de la vivienda y el terreno
2010,Pampeana,3,inquilino o arrendatario
2011,Patagonia,5,propietario de la vivienda y el terreno
2012,Pampeana,3,propietario de la vivienda solamente
2013,Pampeana,4,"ocupante gratuito, con permiso"
2014,Pampeana,8,propietario de la vivienda y el terreno
2015,Patagonia,2,inquilino o arrendatario
2016,Pampeana,2,propietario de la vivienda y el terreno
2017,Pampeana,5,propietario de la vivienda y el terreno
2018,Pampeana,1,propietario de la vivienda y el terreno
2019,Pampeana,1,inquilino o arrendatario
2020,Pampeana,1,propietario de la vivienda y el terreno
2021,Pampeana,1,propietario de la vivienda y el terreno
2022,Pampeana,1,inquilino o arrendatario
2023,Patagonia,2,inquilino o arrendatario
2024,Patagonia,4,"ocupante gratuito, con permiso"
2025,Patagonia,1,inquilino o arrendatario
2026,Gran Buenos Aires,2,propietario de la vivienda y el terreno
2027,Gran Buenos Aires,6,propietario de la vivienda y el terreno
2028,Gran Buenos Aires,2,propietario de la vivienda y el terreno
2029,Gran Buenos Aires,3,inquilino o arrendatario
2030,Gran Buenos Aires,5,propietario de la vivienda y el terreno
2031,Pampeana,3,propietario de la vivienda y el terreno
2032,Pampeana,3,inquilino o arrendatario
2033,Pampeana,4,propietario de la vivienda y el terreno
2034,Pampeana,4,propietario de la vivienda y el terreno
2035,Noroeste,6,propietario de la vivienda y el terreno
2036,Noroeste,1,propietario de la vivienda y el terreno
2037,Noroeste,3,propietario de la vivienda y el terreno
2038,Noroeste,8,propietario de la vivienda y el terreno
2039,Noroeste,7,propietario de la vivienda y el terreno
2040,Noreste,1,inquilino o arrendatario
2041,Noreste,2,propietario de la vivienda y el terreno
2042,Patagonia,2,propietario de la vivienda y el terreno
2043,Patagonia,2,propietario de la vivienda solamente
2044,Patagonia,1,propietario de la vivienda y el terreno
2045,Cuyo,4,propietario de la vivienda y el terreno
2046,Noroeste,2,propietario de la vivienda y el terreno
2047,Noroeste,1,propietario de la vivienda y el terreno
2048,Noroeste,5,inquilino o arrendatario
2049,Noroeste,2,propietario de la vivienda solamente
2050,Noreste,5,inquilino o arrendatario
2051,Noreste,5,propietario de la vivienda y el terreno
2052,Noreste,7,propietario de la vivienda solamente
2053,Cuyo,5,propietario de la vivienda y el terreno
2054,Cuyo,6,"ocupante gratuito, con permiso"
2055,Pampeana,3,inquilino o arrendatario
2056,Pampeana,1,propietario de la vivienda y el terreno
2057,Pampeana,3,propietario de la vivienda y el terreno
2058,Gran Buenos Aires,2,"ocupante gratuito, con permiso"
2059,Gran Buenos Aires,2,propietario de la vivienda y el terreno
2060,Gran Buenos Aires,4,propietario de la vivienda y el terreno
2061,Gran Buenos Aires,2,propietario de la vivienda y el terreno
2062,Gran Buenos Aires,3,"ocupante gratuito, con permiso"
2063,Pampeana,2,propietario de la vivienda y el terreno
2064,Pampeana,2,inquilino o arrendatario
2065,Pampeana,3,propietario de la vivienda y el terreno
2066,Pampeana,4,propietario de la vivienda y el terreno
2067,Pampeana,5,propietario de la vivienda y el terreno
2068,Gran Buenos Aires,1,propietario de la vivienda y el terreno
2069,Gran Buenos Aires,1,"ocupante gratuito, con permiso"
2070,Gran Buenos Aires,4,propietario de la vivienda y el terreno
2071,Gran Buenos Aires,4,propietario de la vivienda y el terreno
2072,Gran Buenos Aires,4,"ocupante gratuito, con permiso"
2073,Pampeana,4,propietario de la vivienda y el terreno
2074,Pampeana,3,propietario de la vivienda solamente
2075,Pampeana,2,inquilino o arrendatario
2076,Pampeana,4,propietario de la vivienda y el terreno
2077,Cuyo,1,"ocupante de hecho, sin permiso"
2078,Cuyo,4,propietario de la vivienda y el terreno
2079,Cuyo,1,propietario de la vivienda y el terreno
2080,Cuyo,5,propietario de la vivienda y el terreno
2081,Cuyo,4,"ocupante gratuito, con permiso"
2082,Cuyo,2,"ocupante gratuito, con permiso"
2083,Cuyo,1,inquilino o arrendatario
2084,Noreste,3,propietario de la vivienda solamente
2085,Noreste,2,inquilino o arrendatario
2086,Noreste,2,"ocupante de hecho, sin permiso"
2087,Noreste,1,propietario de la vivienda y el terreno
2088,Patagonia,5,ocupante por pago de impuestos o expensas
2089,Patagonia,2,propietario de la vivienda y el terreno
2090,Pampeana,3,"ocupante gratuito, con permiso"
2091,Pampeana,3,propietario de la vivienda y el terreno
2092,Pampeana,1,propietario de la vivienda y el terreno
2093,Pampeana,3,"ocupante gratuito, con permiso"
2094,Pampeana,2,propietario de la vivienda y el terreno
2095,Patagonia,1,inquilino o arrendatario
2096,Patagonia,4,propietario de la vivienda y el terreno
2097,Patagonia,2,propietario de la vivienda y el terreno
2098,Patagonia,1,inquilino o arrendatario
2099,Pampeana,6,propietario de la vivienda y el terreno
2100,Noreste,2,propietario de la vivienda y el terreno
2101,Noreste,4,propietario de la vivienda y el terreno
2102,Noreste,1,propietario de la vivienda y el terreno
2103,Noreste,3,propietario de la vivienda y el terreno
2104,Noreste,2,propietario de la vivienda y el terreno
2105,Noreste,2,"ocupante gratuito, con permiso"
2106,Noroeste,5,propietario de la vivienda y el terreno
2107,Noroeste,2,propietario de la vivienda y el terreno
2108,Noroeste,2,propietario de la vivienda y el terreno
2109,Noroeste,6,propietario de la vivienda y el terreno
2110,Noroeste,4,propietario de la vivienda y el terreno
2111,Noroeste,4,propietario de la vivienda y el terreno
2112,Noroeste,2,propietario de la vivienda y el terreno
2113,Noroeste,6,propietario de la vivienda y el terreno
2114,Noroeste,1,ocupante por pago de impuestos o expensas
2115,Noroeste,4,propietario de la vivienda y el terreno
2116,Noroeste,4,propietario de la vivienda y el terreno
2117,Noroeste,3,propietario de la vivienda y el terreno
2118,Noroeste,10,propietario de la vivienda y el terreno
2119,Noroeste,6,propietario de la vivienda y el terreno
2120,Pampeana,1,inquilino o arrendatario
2121,Patagonia,3,inquilino o arrendatario
2122,Pampeana,2,propietario de la vivienda y el terreno
2123,Pampeana,2,inquilino o arrendatario
2124,Pampeana,2,inquilino o arrendatario
2125,Pampeana,3,propietario de la vivienda y el terreno
2126,Gran Buenos Aires,3,propietario de la vivienda solamente
2127,Gran Buenos Aires,3,propietario de la vivienda y el terreno
2128,Pampeana,4,propietario de la vivienda y el terreno
2129,Pampeana,2,inquilino o arrendatario
2130,Pampeana,1,propietario de la vivienda y el terreno
2131,Pampeana,5,propietario de la vivienda solamente
2132,Pampeana,5,propietario de la vivienda y el terreno
2133,Pampeana,1,propietario de la vivienda y el terreno
2134,Pampeana,1,"ocupante gratuito, con permiso"
2135,Noroeste,5,en sucesión
2136,Pampeana,2,propietario de la vivienda y el terreno
2137,Pampeana,2,propietario de la vivienda y el terreno
2138,Pampeana,1,inquilino o arrendatario
2139,Pampeana,2,inquilino o arrendatario
2140,Noroeste,3,propietario de la vivienda y el terreno
2141,Noroeste,1,inquilino o arrendatario
2142,Noroeste,8,ocupante por pago de impuestos o expensas
2143,Noroeste,9,ocupante por pago de impuestos o expensas
2144,Noroeste,2,propietario de la vivienda y el terreno
2145,Pampeana,4,propietario de la vivienda y el terreno
2146,Pampeana,5,propietario de la vivienda solamente
2147,Pampeana,4,inquilino o arrendatario
2148,Pampeana,1,ocupante por pago de impuestos o expensas
2149,Pampeana,3,inquilino o arrendatario
2150,Noreste,3,propietario de la vivienda y el terreno
2151,Noreste,4,propietario de la vivienda y el terreno
2152,Noreste,2,propietario de la vivienda y el terreno
2153,Noreste,2,propietario de la vivienda y el terreno
2154,Noreste,1,propietario de la vivienda y el terreno
2155,Cuyo,2,propietario de la vivienda y el terreno
2156,Cuyo,5,inquilino o arrendatario
2157,Cuyo,3,propietario de la vivienda y el terreno
2158,Cuyo,1,inquilino o arrendatario
2159,Cuyo,1,propietario de la vivienda y el terreno
2160,Cuyo,2,inquilino o arrendatario
2161,Cuyo,2,propietario de la vivienda y el terreno
2162,Cuyo,1,propietario de la vivienda y el terreno
2163,Noroeste,3,propietario de la vivienda y el terreno
2164,Noroeste,1,propietario de la vivienda y el terreno
2165,Pampeana,3,propietario de la vivienda y el terreno
2166,Pampeana,3,propietario de la vivienda y el terreno
2167,Pampeana,3,propietario de la vivienda y el terreno
2168,Pampeana,4,propietario de la vivienda y el terreno
2169,Pampeana,1,inquilino o arrendatario
2170,Noreste,2,inquilino o arrendatario
2171,Noreste,1,propietario de la vivienda solamente
2172,Noreste,2,propietario de la vivienda y el terreno
2173,Noreste,4,propietario de la vivienda y el terreno
2174,Noreste,1,propietario de la vivienda y el terreno
2175,Pampeana,3,propietario de la vivienda y el terreno
2176,Pampeana,5,propietario de la vivienda y el terreno
2177,Noroeste,3,propietario de la vivienda y el terreno
2178,Pampeana,2,propietario de la vivienda y el terreno
2179,Patagonia,3,propietario de la vivienda y el terreno
2180,Patagonia,2,inquilino o arrendatario
2181,Patagonia,6,propietario de la vivienda y el terreno
2182,Patagonia,2,"ocupante gratuito, con permiso"
2183,Patagonia,1,propietario de la vivienda y el terreno
2184,Patagonia,4,propietario de la vivienda y el terreno
2185,Noroeste,4,propietario de la vivienda y el terreno
2186,Noreste,4,propietario de la vivienda y el terreno
2187,Noreste,1,propietario de la vivienda solamente
2188,Noreste,4,propietario de la vivienda y el terreno
2189,Cuyo,2,propietario de la vivienda y el terreno
2190,Cuyo,4,propietario de la vivienda y el terreno
2191,Cuyo,4,propietario de la vivienda y el terreno
2192,Cuyo,2,inquilino o arrendatario
2193,Cuyo,4,inquilino o arrendatario
2194,Gran Buenos Aires,5,"ocupante gratuito, con permiso"
2195,Gran Buenos Aires,4,propietario de la vivienda y el terreno
2196,Noroeste,6,propietario de la vivienda y el terreno
2197,Noroeste,2,propietario de la vivienda y el terreno
2198,Pampeana,3,"ocupante gratuito, con permiso"
2199,Pampeana,1,inquilino o arrendatario
2200,Pampeana,3,propietario de la vivienda solamente
2201,Pampeana,1,ocupante por pago de impuestos o expensas
2202,Pampeana,3,propietario de la vivienda y el terreno
2203,Pampeana,1,propietario de la vivienda y el terreno
2204,Gran Buenos Aires,5,propietario de la vivienda y el terreno
2205,Gran Buenos Aires,4,"ocupante gratuito, con permiso"
2206,Gran Buenos Aires,3,"ocupante gratuito, con permiso"
2207,Gran Buenos Aires,1,propietario de la vivienda solamente
2208,Gran Buenos Aires,3,propietario de la vivienda y el terreno
2209,Gran Buenos Aires,3,ocupante por pago de impuestos o expensas
2210,Cuyo,4,propietario de la vivienda y el terreno
2211,Cuyo,2,propietario de la vivienda y el terreno
2212,Cuyo,1,propietario de la vivienda y el terreno
2213,Cuyo,2,propietario de la vivienda y el terreno
2214,Pampeana,1,propietario de la vivienda y el terreno
2215,Pampeana,1,inquilino o arrendatario
2216,Pampeana,1,propietario de la vivienda y el terreno
2217,Pampeana,2,propietario de la vivienda y el terreno
2218,Pampeana,4,propietario de la vivienda y el terreno
2219,Noroeste,4,propietario de la vivienda solamente
2220,Noreste,2,propietario de la vivienda y el terreno
2221,Noreste,2,propietario de la vivienda y el terreno
2222,Pampeana,3,inquilino o arrendatario
2223,Pampeana,1,propietario de la vivienda y el terreno
2224,Patagonia,5,inquilino o arrendatario
2225,Patagonia,3,inquilino o arrendatario
2226,Patagonia,1,inquilino o arrendatario
2227,Patagonia,1,inquilino o arrendatario
2228,Patagonia,3,inquilino o arrendatario
2229,Patagonia,4,propietario de la vivienda y el terreno
2230,Gran Buenos Aires,3,inquilino o arrendatario
2231,Pampeana,2,propietario de la vivienda y el terreno
2232,Pampeana,3,propietario de la vivienda y el terreno
2233,Pampeana,3,propietario de la vivienda y el terreno
2234,Patagonia,1,inquilino o arrendatario
2235,Pampeana,4,inquilino o arrendatario
2236,Pampeana,1,inquilino o arrendatario
2237,Pampeana,1,inquilino o arrendatario
2238,Pampeana,3,propietario de la vivienda y el terreno
2239,Pampeana,2,inquilino o arrendatario
2240,Pampeana,1,inquilino o arrendatario
2241,Pampeana,3,propietario de la vivienda y el terreno
2242,Pampeana,2,propietario de la vivienda y el terreno
2243,Pampeana,4,propietario de la vivienda y el terreno
2244,Pampeana,1,propietario de la vivienda y el terreno
2245,Pampeana,2,propietario de la vivienda y el terreno
2246,Pampeana,2,propietario de la vivienda y el terreno
2247,Pampeana,4,propietario de la vivienda y el terreno
2248,Pampeana,4,propietario de la vivienda y el terreno
2249,Pampeana,4,propietario de la vivienda y el terreno
2250,Pampeana,3,propietario de la vivienda y el terreno
2251,Pampeana,2,propietario de la vivienda y el terreno
2252,Pampeana,5,inquilino o arrendatario
2253,Pampeana,4,ocupante por pago de impuestos o expensas
2254,Pampeana,2,inquilino o arrendatario
2255,Pampeana,3,propietario de la vivienda y el terreno
2256,Pampeana,2,propietario de la vivienda y el terreno
2257,Pampeana,4,propietario de la vivienda solamente
2258,Pampeana,3,inquilino o arrendatario
2259,Pampeana,9,propietario de la vivienda solamente
2260,Pampeana,2,inquilino o arrendatario
2261,Pampeana,1,inquilino o arrendatario
2262,Pampeana,2,inquilino o arrendatario
2263,Pampeana,3,"ocupante gratuito, con permiso"
2264,Pampeana,2,propietario de la vivienda y el terreno
2265,Pampeana,1,propietario de la vivienda y el terreno
2266,Pampeana,1,propietario de la vivienda y el terreno
2267,Pampeana,1,propietario de la vivienda y el terreno
2268,Pampeana,3,inquilino o arrendatario
2269,Noroeste,3,propietario de la vivienda y el terreno
2270,Noroeste,4,propietario de la vivienda y el terreno
2271,Noroeste,1,propietario de la vivienda y el terreno
2272,Noroeste,6,propietario de la vivienda y el terreno
2273,Noroeste,5,propietario de la vivienda y el terreno
2274,Noroeste,7,propietario de la vivienda y el terreno
2275,Noroeste,5,propietario de la vivienda y el terreno
2276,Gran Buenos Aires,1,inquilino o arrendatario
2277,Gran Buenos Aires,1,propietario de la vivienda y el terreno
2278,Gran Buenos Aires,5,propietario de la vivienda y el terreno
2279,Gran Buenos Aires,1,inquilino o arrendatario
2280,Noroeste,3,propietario de la vivienda y el terreno
2281,Cuyo,2,propietario de la vivienda y el terreno
2282,Cuyo,5,propietario de la vivienda y el terreno
2283,Cuyo,2,inquilino o arrendatario
2284,Noroeste,11,propietario de la vivienda y el terreno
2285,Noroeste,5,propietario de la vivienda y el terreno
2286,Noroeste,2,propietario de la vivienda y el terreno
2287,Noroeste,4,propietario de la vivienda y el terreno
2288,Noroeste,1,propietario de la vivienda y el terreno
2289,Noroeste,2,propietario de la vivienda y el terreno
2290,Noroeste,1,inquilino o arrendatario
2291,Noroeste,2,propietario de la vivienda y el terreno
2292,Cuyo,1,propietario de la vivienda y el terreno
2293,Cuyo,2,"ocupante gratuito, con permiso"
2294,Noroeste,2,inquilino o arrendatario
2295,Noroeste,2,ocupante por pago de impuestos o expensas
2296,Noroeste,5,propietario de la vivienda y el terreno
2297,Noroeste,3,propietario de la vivienda y el terreno
2298,Noroeste,2,propietario de la vivienda y el terreno
2299,Noreste,4,propietario de la vivienda solamente
2300,Noreste,2,propietario de la vivienda y el terreno
2301,Noreste,5,propietario de la vivienda y el terreno
2302,Noreste,1,propietario de la vivienda y el terreno
2303,Noreste,2,propietario de la vivienda y el terreno
2304,Noreste,4,inquilino o arrendatario
2305,Noreste,1,ocupante por pago de impuestos o expensas
2306,Noreste,2,propietario de la vivienda y el terreno
2307,Noreste,3,propietario de la vivienda y el terreno
2308,Noreste,2,en sucesión
2309,Patagonia,4,en sucesión
2310,Patagonia,1,propietario de la vivienda y el terreno
2311,Patagonia,2,inquilino o arrendatario
2312,Patagonia,2,propietario de la vivienda solamente
2313,Patagonia,5,inquilino o arrendatario
2314,Patagonia,3,inquilino o arrendatario
2315,Patagonia,1,propietario de la vivienda y el terreno
2316,Patagonia,2,ocupante por pago de impuestos o expensas
2317,Noroeste,1,propietario de la vivienda y el terreno
2318,Gran Buenos Aires,4,propietario de la vivienda y el terreno
2319,Gran Buenos Aires,1,propietario de la vivienda y el terreno
2320,Gran Buenos Aires,1,inquilino o arrendatario
2321,Gran Buenos Aires,6,propietario de la vivienda y el terreno
2322,Gran Buenos Aires,2,propietario de la vivienda y el terreno
2323,Gran Buenos Aires,4,propietario de la vivienda y el terreno
2324,Noreste,2,propietario de la vivienda y el terreno
2325,Noreste,1,propietario de la vivienda y el terreno
2326,Noreste,1,propietario de la vivienda solamente
2327,Noreste,1,inquilino o arrendatario
2328,Noreste,2,propietario de la vivienda y el terreno
2329,Patagonia,3,propietario de la vivienda y el terreno
2330,Patagonia,2,inquilino o arrendatario
2331,Patagonia,5,propietario de la vivienda y el terreno
2332,Patagonia,2,propietario de la vivienda y el terreno
2333,Patagonia,1,propietario de la vivienda y el terreno
2334,Patagonia,2,ocupante en relación de dependencia
2335,Cuyo,2,propietario de la vivienda y el terreno
2336,Cuyo,4,propietario de la vivienda y el terreno
2337,Cuyo,5,"ocupante gratuito, con permiso"
2338,Cuyo,3,inquilino o arrendatario
2339,Cuyo,3,propietario de la vivienda solamente
2340,Cuyo,2,propietario de la vivienda y el terreno
2341,Cuyo,1,inquilino o arrendatario
2342,Cuyo,4,propietario de la vivienda y el terreno
2343,Cuyo,4,propietario de la vivienda solamente
2344,Cuyo,5,"ocupante gratuito, con permiso"
2345,Cuyo,4,propietario de la vivienda y el terreno
2346,Cuyo,2,inquilino o arrendatario
2347,Cuyo,4,propietario de la vivienda y el terreno
2348,Noroeste,2,propietario de la vivienda y el terreno
2349,Cuyo,2,propietario de la vivienda y el terreno
2350,Cuyo,5,propietario de la vivienda y el terreno
2351,Cuyo,6,propietario de la vivienda y el terreno
2352,Cuyo,2,propietario de la vivienda y el terreno
2353,Cuyo,5,inquilino o arrendatario
2354,Pampeana,2,en sucesión
2355,Pampeana,1,propietario de la vivienda y el terreno
2356,Pampeana,5,inquilino o arrendatario
2357,Pampeana,2,propietario de la vivienda y el terreno
2358,Pampeana,2,propietario de la vivienda y el terreno
2359,Pampeana,4,propietario de la vivienda y el terreno
2360,Pampeana,4,propietario de la vivienda y el terreno
2361,Pampeana,3,propietario de la vivienda y el terreno
2362,Pampeana,2,propietario de la vivienda y el terreno
2363,Pampeana,2,propietario de la vivienda y el terreno
2364,Cuyo,7,propietario de la vivienda y el terreno
2365,Cuyo,6,"ocupante gratuito, con permiso"
2366,Cuyo,1,propietario de la vivienda y el terreno
2367,Cuyo,2,propietario de la vivienda y el terreno
2368,Cuyo,3,propietario de la vivienda y el terreno
2369,Cuyo,1,propietario de la vivienda y el terreno
2370,Noreste,2,propietario de la vivienda y el terreno
2371,Noreste,3,en sucesión
2372,Pampeana,2,propietario de la vivienda y el terreno
2373,Pampeana,2,propietario de la vivienda y el terreno
2374,Pampeana,4,inquilino o arrendatario
2375,Pampeana,1,inquilino o arrendatario
2376,Pampeana,4,propietario de la vivienda y el terreno
2377,Pampeana,1,propietario de la vivienda y el terreno
2378,Cuyo,2,propietario de la vivienda y el terreno
2379,Noroeste,3,propietario de la vivienda solamente
2380,Noroeste,2,propietario de la vivienda y el terreno
2381,Gran Buenos Aires,2,propietario de la vivienda y el terreno
2382,Gran Buenos Aires,1,"ocupante gratuito, con permiso"
2383,Gran Buenos Aires,4,propietario de la vivienda y el terreno
2384,Gran Buenos Aires,1,propietario de la vivienda y el terreno
2385,Gran Buenos Aires,3,"ocupante gratuito, con permiso"
2386,Gran Buenos Aires,3,inquilino o arrendatario
2387,Gran Buenos Aires,7,propietario de la vivienda y el terreno
2388,Gran Buenos Aires,4,propietario de la vivienda y el terreno
2389,Pampeana,2,propietario de la vivienda y el terreno
2390,Pampeana,4,propietario de la vivienda y el terreno
2391,Pampeana,2,propietario de la vivienda y el terreno
2392,Pampeana,2,propietario de la vivienda solamente
2393,Pampeana,2,propietario de la vivienda y el terreno
2394,Pampeana,4,propietario de la vivienda y el terreno
2395,Gran Buenos Aires,2,inquilino o arrendatario
2396,Gran Buenos Aires,2,inquilino o arrendatario
2397,Gran Buenos Aires,2,propietario de la vivienda y el terreno
2398,Gran Buenos Aires,2,propietario de la vivienda y el terreno
2399,Noreste,5,propietario de la vivienda y el terreno
2400,Pampeana,4,propietario de la vivienda y el terreno
2401,Pampeana,5,propietario de la vivienda y el terreno
2402,Pampeana,1,inquilino o arrendatario
2403,Pampeana,1,inquilino o arrendatario
2404,Pampeana,2,inquilino o arrendatario
2405,Pampeana,1,propietario de la vivienda y el terreno
2406,Pampeana,1,inquilino o arrendatario
2407,Pampeana,2,propietario de la vivienda y el terreno
2408,Noroeste,2,propietario de la vivienda y el terreno
2409,Noroeste,4,propietario de la vivienda y el terreno
2410,Noroeste,4,propietario de la vivienda y el terreno
2411,Noroeste,4,propietario de la vivienda y el terreno
2412,Noroeste,3,inquilino o arrendatario
2413,Noroeste,2,ocupante por pago de impuestos o expensas
2414,Noroeste,5,propietario de la vivienda y el terreno
2415,Noroeste,1,propietario de la vivienda y el terreno
2416,Noroeste,10,propietario de la vivienda y el terreno
2417,Pampeana,4,inquilino o arrendatario
2418,Pampeana,2,propietario de la vivienda y el terreno
2419,Noroeste,4,propietario de la vivienda y el terreno
2420,Noroeste,4,propietario de la vivienda solamente
2421,Pampeana,3,propietario de la vivienda solamente
2422,Cuyo,2,inquilino o arrendatario
2423,Cuyo,4,inquilino o arrendatario
2424,Cuyo,3,inquilino o arrendatario
2425,Cuyo,2,"ocupante gratuito, con permiso"
2426,Cuyo,1,propietario de la vivienda y el terreno
2427,Noroeste,1,inquilino o arrendatario
2428,Noroeste,1,propietario de la vivienda y el terreno
2429,Noroeste,3,propietario de la vivienda y el terreno
2430,Noroeste,3,en sucesión
2431,Noroeste,4,inquilino o arrendatario
2432,Noroeste,2,"ocupante gratuito, con permiso"
2433,Noroeste,1,propietario de la vivienda y el terreno
2434,Noroeste,2,propietario de la vivienda y el terreno
2435,Noroeste,2,propietario de la vivienda y el terreno
2436,Noroeste,9,propietario de la vivienda y el terreno
2437,Noroeste,3,"ocupante gratuito, con permiso"
2438,Noroeste,5,propietario de la vivienda solamente
2439,Patagonia,1,propietario de la vivienda y el terreno
2440,Patagonia,4,propietario de la vivienda y el terreno
2441,Patagonia,3,propietario de la vivienda y el terreno
2442,Patagonia,5,propietario de la vivienda y el terreno
2443,Pampeana,4,propietario de la vivienda y el terreno
2444,Gran Buenos Aires,2,propietario de la vivienda y el terreno
2445,Gran Buenos Aires,3,propietario de la vivienda y el terreno
2446,Gran Buenos Aires,4,propietario de la vivienda y el terreno
2447,Gran Buenos Aires,1,propietario de la vivienda y el terreno
2448,Gran Buenos Aires,1,propietario de la vivienda y el terreno
2449,Pampeana,5,propietario de la vivienda y el terreno
2450,Pampeana,3,"ocupante gratuito, con permiso"
2451,Pampeana,4,"ocupante de hecho, sin permiso"
2452,Pampeana,7,propietario de la vivienda y el terreno
2453,Pampeana,4,propietario de la vivienda y el terreno
2454,Noreste,3,"ocupante gratuito, con permiso"
2455,Patagonia,2,propietario de la vivienda y el terreno
2456,Patagonia,4,"ocupante gratuito, con permiso"
2457,Patagonia,4,propietario de la vivienda y el terreno
2458,Pampeana,1,"ocupante gratuito, con permiso"
2459,Pampeana,2,propietario de la vivienda y el terreno
2460,Noroeste,6,"ocupante gratuito, con permiso"
2461,Noroeste,5,propietario de la vivienda y el terreno
2462,Noroeste,7,propietario de la vivienda y el terreno
2463,Gran Buenos Aires,6,propietario de la vivienda y el terreno
2464,Gran Buenos Aires,3,propietario de la vivienda y el terreno
2465,Gran Buenos Aires,4,propietario de la vivienda y el terreno
2466,Gran Buenos Aires,4,propietario de la vivienda y el terreno
2467,Gran Buenos Aires,10,"ocupante gratuito, con permiso"
2468,Pampeana,1,ocupante por pago de impuestos o expensas
2469,Pampeana,2,ocupante por pago de impuestos o expensas
2470,Pampeana,3,propietario de la vivienda y el terreno
2471,Pampeana,4,"ocupante gratuito, con permiso"
2472,Pampeana,3,propietario de la vivienda y el terreno
2473,Pampeana,5,propietario de la vivienda y el terreno
2474,Pampeana,4,propietario de la vivienda y el terreno
2475,Pampeana,4,propietario de la vivienda y el terreno
2476,Gran Buenos Aires,1,propietario de la vivienda solamente
2477,Noroeste,4,propietario de la vivienda solamente
2478,Noroeste,4,propietario de la vivienda y el terreno
2479,Noroeste,1,propietario de la vivienda y el terreno
2480,Noroeste,9,propietario de la vivienda y el terreno
2481,Noroeste,5,propietario de la vivienda solamente
2482,Noroeste,2,propietario de la vivienda y el terreno
2483,Pampeana,2,inquilino o arrendatario
2484,Pampeana,5,propietario de la vivienda y el terreno
2485,Pampeana,5,propietario de la vivienda y el terreno
2486,Pampeana,4,propietario de la vivienda y el terreno
2487,Pampeana,1,inquilino o arrendatario
2488,Pampeana,4,propietario de la vivienda y el terreno
2489,Pampeana,2,propietario de la vivienda y el terreno
2490,Pampeana,2,inquilino o arrendatario
2491,Pampeana,4,propietario de la vivienda y el terreno
2492,Pampeana,2,inquilino o arrendatario
2493,Pampeana,1,en sucesión
2494,Pampeana,7,propietario de la vivienda y el terreno
2495,Pampeana,2,propietario de la vivienda y el terreno
2496,Pampeana,3,propietario de la vivienda y el terreno
2497,Noreste,3,propietario de la vivienda y el terreno
2498,Pampeana,2,propietario de la vivienda solamente
2499,Pampeana,3,"ocupante gratuito, con permiso"
2500,Pampeana,1,propietario de la vivienda y el terreno
2501,Pampeana,1,propietario de la vivienda y el terreno
2502,Gran Buenos Aires,1,propietario de la vivienda y el terreno
2503,Gran Buenos Aires,1,propietario de la vivienda y el terreno
2504,Gran Buenos Aires,1,propietario de la vivienda y el terreno
2505,Gran Buenos Aires,1,propietario de la vivienda y el terreno
2506,Pampeana,4,inquilino o arrendatario
2507,Pampeana,1,propietario de la vivienda y el terreno
2508,Pampeana,3,propietario de la vivienda y el terreno
2509,Noreste,2,propietario de la vivienda y el terreno
2510,Noreste,1,propietario de la vivienda y el terreno
2511,Noreste,1,propietario de la vivienda y el terreno
2512,Pampeana,1,"ocupante gratuito, con permiso"
2513,Pampeana,2,propietario de la vivienda y el terreno
2514,Pampeana,4,inquilino o arrendatario
2515,Pampeana,4,propietario de la vivienda y el terreno
2516,Patagonia,2,propietario de la vivienda y el terreno
2517,Patagonia,1,propietario de la vivienda y el terreno
2518,Patagonia,7,propietario de la vivienda y el terreno
2519,Patagonia,5,propietario de la vivienda y el terreno
2520,Noreste,1,propietario de la vivienda y el terreno
2521,Noreste,3,propietario de la vivienda solamente
2522,Noreste,3,"ocupante gratuito, con permiso"
2523,Pampeana,2,propietario de la vivienda y el terreno
2524,Pampeana,2,inquilino o arrendatario
2525,Pampeana,1,inquilino o arrendatario
2526,Pampeana,4,propietario de la vivienda y el terreno
2527,Pampeana,1,inquilino o arrendatario
2528,Pampeana,5,propietario de la vivienda y el terreno
2529,Pampeana,3,propietario de la vivienda y el terreno
2530,Pampeana,1,inquilino o arrendatario
2531,Pampeana,3,propietario de la vivienda y el terreno
2532,Pampeana,4,propietario de la vivienda y el terreno
2533,Pampeana,2,propietario de la vivienda y el terreno
2534,Pampeana,4,propietario de la vivienda y el terreno
2535,Pampeana,6,propietario de la vivienda y el terreno
2536,Pampeana,2,propietario de la vivienda y el terreno
2537,Pampeana,2,propietario de la vivienda y el terreno
2538,Noroeste,3,propietario de la vivienda y el terreno
2539,Patagonia,4,inquilino o arrendatario
2540,Patagonia,2,"ocupante gratuito, con permiso"
2541,Patagonia,3,ocupante por pago de impuestos o expensas
2542,Patagonia,4,inquilino o arrendatario
2543,Patagonia,2,propietario de la vivienda y el terreno
2544,Pampeana,2,propietario de la vivienda y el terreno
2545,Patagonia,1,propietario de la vivienda y el terreno
2546,Patagonia,4,inquilino o arrendatario
2547,Noroeste,4,propietario de la vivienda y el terreno
2548,Noroeste,4,propietario de la vivienda y el terreno
2549,Noroeste,1,propietario de la vivienda y el terreno
2550,Noroeste,3,propietario de la vivienda y el terreno
2551,Noroeste,2,propietario de la vivienda y el terreno
2552,Noroeste,6,inquilino o arrendatario
2553,Noroeste,6,propietario de la vivienda y el terreno
2554,Noroeste,1,en sucesión
2555,Noroeste,3,propietario de la vivienda y el terreno
2556,Noroeste,2,inquilino o arrendatario
2557,Noreste,2,propietario de la vivienda solamente
2558,Noreste,3,propietario de la vivienda y el terreno
2559,Noreste,2,propietario de la vivienda y el terreno
2560,Noreste,1,propietario de la vivienda y el terreno
2561,Noreste,2,propietario de la vivienda y el terreno
2562,Noreste,4,propietario de la vivienda y el terreno
2563,Noreste,4,propietario de la vivienda y el terreno
2564,Gran Buenos Aires,1,propietario de la vivienda y el terreno
2565,Gran Buenos Aires,2,propietario de la vivienda y el terreno
2566,Pampeana,2,propietario de la vivienda y el terreno
2567,Pampeana,4,propietario de la vivienda y el terreno
2568,Pampeana,1,ocupante por pago de impuestos o expensas
2569,Pampeana,3,"ocupante gratuito, con permiso"
2570,Pampeana,4,propietario de la vivienda y el terreno
2571,Patagonia,2,propietario de la vivienda y el terreno
2572,Patagonia,1,inquilino o arrendatario
2573,Patagonia,3,propietario de la vivienda y el terreno
2574,Patagonia,3,inquilino o arrendatario
2575,Patagonia,2,propietario de la vivienda solamente
2576,Patagonia,3,propietario de la vivienda y el terreno
2577,Patagonia,2,propietario de la vivienda y el terreno
2578,Gran Buenos Aires,2,propietario de la vivienda y el terreno
2579,Gran Buenos Aires,2,propietario de la vivienda y el terreno
2580,Gran Buenos Aires,2,propietario de la vivienda y el terreno
2581,Gran Buenos Aires,3,inquilino o arrendatario
2582,Gran Buenos Aires,4,propietario de la vivienda y el terreno
2583,Gran Buenos Aires,3,propietario de la vivienda y el terreno
2584,Gran Buenos Aires,1,propietario de la vivienda y el terreno
2585,Gran Buenos Aires,2,propietario de la vivienda y el terreno
2586,Pampeana,3,propietario de la vivienda y el terreno
2587,Pampeana,2,propietario de la vivienda y el terreno
2588,Pampeana,2,propietario de la vivienda solamente
2589,Patagonia,6,inquilino o arrendatario
2590,Patagonia,2,inquilino o arrendatario
2591,Patagonia,2,propietario de la vivienda y el terreno
2592,Patagonia,3,propietario de la vivienda y el terreno
2593,Patagonia,2,propietario de la vivienda y el terreno
2594,Patagonia,2,propietario de la vivienda y el terreno
2595,Gran Buenos Aires,4,propietario de la vivienda y el terreno
2596,Pampeana,1,propietario de la vivienda y el terreno
2597,Pampeana,2,propietario de la vivienda y el terreno
2598,Gran Buenos Aires,1,inquilino o arrendatario
2599,Gran Buenos Aires,2,propietario de la vivienda y el terreno
2600,Pampeana,1,inquilino o arrendatario
2601,Pampeana,1,inquilino o arrendatario
2602,Pampeana,1,propietario de la vivienda y el terreno
2603,Pampeana,1,inquilino o arrendatario
2604,Pampeana,3,propietario de la vivienda y el terreno
2605,Pampeana,4,propietario de la vivienda y el terreno
2606,Pampeana,3,propietario de la vivienda y el terreno
2607,Pampeana,2,inquilino o arrendatario
2608,Noreste,2,propietario de la vivienda y el terreno
2609,Noreste,1,propietario de la vivienda y el terreno
2610,Noreste,2,propietario de la vivienda y el terreno
2611,Noreste,5,propietario de la vivienda y el terreno
2612,Pampeana,7,propietario de la vivienda solamente
2613,Pampeana,2,propietario de la vivienda solamente
2614,Pampeana,2,"ocupante gratuito, con permiso"
2615,Pampeana,2,propietario de la vivienda y el terreno
2616,Pampeana,1,en sucesión
2617,Noreste,4,propietario de la vivienda y el terreno
2618,Noreste,3,"ocupante gratuito, con permiso"
2619,Noreste,1,inquilino o arrendatario
2620,Noreste,1,inquilino o arrendatario
2621,Noreste,1,propietario de la vivienda y el terreno
2622,Noreste,4,propietario de la vivienda solamente
2623,Noreste,1,propietario de la vivienda y el terreno
2624,Noreste,4,propietario de la vivienda y el terreno
2625,Noreste,2,propietario de la vivienda y el terreno
2626,Noreste,3,propietario de la vivienda y el terreno
2627,Pampeana,1,inquilino o arrendatario
2628,Pampeana,1,propietario de la vivienda y el terreno
2629,Noroeste,5,propietario de la vivienda y el terreno
2630,Patagonia,1,propietario de la vivienda y el terreno
2631,Patagonia,1,propietario de la vivienda y el terreno
2632,Patagonia,2,ocupante por pago de impuestos o expensas
2633,Patagonia,4,propietario de la vivienda y el terreno
2634,Gran Buenos Aires,1,propietario de la vivienda y el terreno
2635,Gran Buenos Aires,1,propietario de la vivienda y el terreno
2636,Gran Buenos Aires,4,propietario de la vivienda y el terreno
2637,Gran Buenos Aires,2,propietario de la vivienda y el terreno
2638,Pampeana,3,propietario de la vivienda y el terreno
2639,Pampeana,3,propietario de la vivienda y el terreno
2640,Pampeana,3,propietario de la vivienda y el terreno
2641,Pampeana,1,propietario de la vivienda y el terreno
2642,Pampeana,1,propietario de la vivienda y el terreno
2643,Noreste,3,"ocupante gratuito, con permiso"
2644,Noreste,2,inquilino o arrendatario
2645,Noreste,1,propietario de la vivienda y el terreno
2646,Noreste,2,inquilino o arrendatario
2647,Noroeste,3,inquilino o arrendatario
2648,Noroeste,1,propietario de la vivienda y el terreno
2649,Noroeste,7,propietario de la vivienda y el terreno
2650,Noroeste,1,propietario de la vivienda y el terreno
2651,Gran Buenos Aires,1,propietario de la vivienda y el terreno
2652,Patagonia,4,inquilino o arrendatario
2653,Patagonia,4,propietario de la vivienda y el terreno
2654,Patagonia,3,inquilino o arrendatario
2655,Patagonia,1,inquilino o arrendatario
2656,Patagonia,1,propietario de la vivienda y el terreno
2657,Patagonia,1,propietario de la vivienda y el terreno
2658,Patagonia,4,ocupante por pago de impuestos o expensas
2659,Patagonia,6,propietario de la vivienda y el terreno
2660,Noroeste,2,ocupante por pago de impuestos o expensas
2661,Noroeste,3,propietario de la vivienda solamente
2662,Noroeste,1,inquilino o arrendatario
2663,Noroeste,1,propietario de la vivienda y el terreno
2664,Noroeste,2,propietario de la vivienda y el terreno
2665,Patagonia,3,propietario de la vivienda y el terreno
2666,Pampeana,3,propietario de la vivienda y el terreno
2667,Pampeana,1,inquilino o arrendatario
2668,Pampeana,2,propietario de la vivienda y el terreno
2669,Pampeana,1,"ocupante gratuito, con permiso"
2670,Pampeana,2,inquilino o arrendatario
2671,Pampeana,4,propietario de la vivienda y el terreno
2672,Pampeana,2,propietario de la vivienda y el terreno
2673,Pampeana,3,propietario de la vivienda y el terreno
2674,Patagonia,4,propietario de la vivienda y el terreno
2675,Patagonia,1,inquilino o arrendatario
2676,Gran Buenos Aires,2,propietario de la vivienda y el terreno
2677,Gran Buenos Aires,2,propietario de la vivienda y el terreno
2678,Gran Buenos Aires,2,propietario de la vivienda y el terreno
2679,Gran Buenos Aires,5,propietario de la vivienda y el terreno
2680,Pampeana,1,inquilino o arrendatario
2681,Pampeana,1,propietario de la vivienda y el terreno
2682,Pampeana,2,inquilino o arrendatario
2683,Noroeste,1,propietario de la vivienda y el terreno
2684,Noroeste,1,propietario de la vivienda y el terreno
2685,Noroeste,3,propietario de la vivienda y el terreno
2686,Noroeste,2,propietario de la vivienda y el terreno
2687,Noroeste,5,inquilino o arrendatario
2688,Noroeste,6,propietario de la vivienda y el terreno
2689,Noroeste,5,ocupante por pago de impuestos o expensas
2690,Noroeste,5,propietario de la vivienda y el terreno
2691,Gran Buenos Aires,3,propietario de la vivienda y el terreno
2692,Gran Buenos Aires,2,propietario de la vivienda y el terreno
2693,Gran Buenos Aires,2,inquilino o arrendatario
2694,Gran Buenos Aires,3,propietario de la vivienda y el terreno
2695,Gran Buenos Aires,2,propietario de la vivienda y el terreno
2696,Noreste,2,propietario de la vivienda y el terreno
2697,Cuyo,1,inquilino o arrendatario
2698,Noreste,6,propietario de la vivienda y el terreno
2699,Pampeana,1,en sucesión
2700,Pampeana,1,propietario de la vivienda y el terreno
2701,Pampeana,2,propietario de la vivienda y el terreno
2702,Pampeana,2,propietario de la vivienda y el terreno
2703,Pampeana,3,propietario de la vivienda y el terreno
2704,Pampeana,7,"ocupante gratuito, con permiso"
2705,Pampeana,2,propietario de la vivienda y el terreno
2706,Noroeste,4,propietario de la vivienda y el terreno
2707,Noroeste,2,propietario de la vivienda y el terreno
2708,Noroeste,3,propietario de la vivienda y el terreno
2709,Patagonia,2,propietario de la vivienda y el terreno
2710,Patagonia,3,inquilino o arrendatario
2711,Patagonia,7,propietario de la vivienda y el terreno
2712,Patagonia,1,propietario de la vivienda y el terreno
2713,Patagonia,3,propietario de la vivienda y el terreno
2714,Patagonia,2,propietario de la vivienda y el terreno
2715,Patagonia,2,propietario de la vivienda y el terreno
2716,Patagonia,3,propietario de la vivienda y el terreno
2717,Patagonia,3,propietario de la vivienda y el terreno
2718,Pampeana,2,inquilino o arrendatario
2719,Pampeana,5,propietario de la vivienda solamente
2720,Pampeana,1,inquilino o arrendatario
2721,Pampeana,2,propietario de la vivienda solamente
2722,Pampeana,1,propietario de la vivienda y el terreno
2723,Pampeana,2,"ocupante gratuito, con permiso"
2724,Pampeana,3,propietario de la vivienda y el terreno
2725,Pampeana,2,inquilino o arrendatario
2726,Pampeana,5,propietario de la vivienda y el terreno
2727,Pampeana,2,propietario de la vivienda y el terreno
2728,Pampeana,3,propietario de la vivienda y el terreno
2729,Pampeana,2,inquilino o arrendatario
2730,Pampeana,3,propietario de la vivienda y el terreno
2731,Pampeana,2,inquilino o arrendatario
2732,Pampeana,2,inquilino o arrendatario
2733,Pampeana,4,inquilino o arrendatario
2734,Noreste,6,propietario de la vivienda y el terreno
2735,Noreste,2,propietario de la vivienda solamente
2736,Noreste,3,propietario de la vivienda y el terreno
2737,Noreste,4,propietario de la vivienda y el terreno
2738,Noreste,2,"ocupante gratuito, con permiso"
2739,Noreste,4,inquilino o arrendatario
2740,Pampeana,5,inquilino o arrendatario
2741,Pampeana,6,propietario de la vivienda y el terreno
2742,Pampeana,4,propietario de la vivienda y el terreno
2743,Pampeana,3,"ocupante gratuito, con permiso"
2744,Pampeana,3,propietario de la vivienda y el terreno
2745,Pampeana,1,propietario de la vivienda y el terreno
2746,Pampeana,4,propietario de la vivienda y el terreno
2747,Pampeana,1,propietario de la vivienda y el terreno
2748,Pampeana,1,propietario de la vivienda y el terreno
2749,Pampeana,8,propietario de la vivienda y el terreno
2750,Pampeana,1,inquilino o arrendatario
2751,Pampeana,1,propietario de la vivienda y el terreno
2752,Pampeana,2,propietario de la vivienda y el terreno
2753,Pampeana,6,propietario de la vivienda y el terreno
2754,Pampeana,3,propietario de la vivienda y el terreno
2755,Pampeana,1,propietario de la vivienda y el terreno
2756,Pampeana,2,propietario de la vivienda y el terreno
2757,Pampeana,2,propietario de la vivienda y el terreno
2758,Pampeana,3,otra situación
2759,Pampeana,4,propietario de la vivienda y el terreno
2760,Pampeana,2,propietario de la vivienda y el terreno
2761,Pampeana,2,propietario de la vivienda y el terreno
2762,Noroeste,4,propietario de la vivienda y el terreno
2763,Noroeste,4,propietario de la vivienda y el terreno
2764,Noroeste,3,inquilino o arrendatario
2765,Noroeste,1,propietario de la vivienda y el terreno
2766,Noroeste,2,propietario de la vivienda y el terreno
2767,Cuyo,3,propietario de la vivienda y el terreno
2768,Pampeana,4,"ocupante gratuito, con permiso"
2769,Cuyo,4,propietario de la vivienda y el terreno
2770,Cuyo,2,inquilino o arrendatario
2771,Cuyo,4,propietario de la vivienda y el terreno
2772,Cuyo,3,"ocupante gratuito, con permiso"
2773,Cuyo,2,propietario de la vivienda y el terreno
2774,Cuyo,4,en sucesión
2775,Cuyo,7,en sucesión
2776,Cuyo,3,propietario de la vivienda y el terreno
2777,Cuyo,1,propietario de la vivienda y el terreno
2778,Noreste,4,propietario de la vivienda y el terreno
2779,Noreste,6,propietario de la vivienda y el terreno
2780,Noreste,3,propietario de la vivienda solamente
2781,Noreste,5,propietario de la vivienda y el terreno
2782,Noreste,3,propietario de la vivienda y el terreno
2783,Noreste,4,propietario de la vivienda y el terreno
2784,Gran Buenos Aires,2,inquilino o arrendatario
2785,Gran Buenos Aires,3,"ocupante gratuito, con permiso"
2786,Gran Buenos Aires,2,"ocupante gratuito, con permiso"
2787,Gran Buenos Aires,1,ocupante por pago de impuestos o expensas
2788,Gran Buenos Aires,2,propietario de la vivienda y el terreno
2789,Gran Buenos Aires,2,propietario de la vivienda y el terreno
2790,Gran Buenos Aires,2,propietario de la vivienda y el terreno
2791,Gran Buenos Aires,2,inquilino o arrendatario
2792,Gran Buenos Aires,2,propietario de la vivienda solamente
2793,Gran Buenos Aires,1,propietario de la vivienda y el terreno
2794,Gran Buenos Aires,5,propietario de la vivienda y el terreno
2795,Gran Buenos Aires,5,"ocupante gratuito, con permiso"
2796,Gran Buenos Aires,3,propietario de la vivienda y el terreno
2797,Gran Buenos Aires,1,propietario de la vivienda y el terreno
2798,Gran Buenos Aires,3,propietario de la vivienda y el terreno
2799,Gran Buenos Aires,5,ocupante por pago de impuestos o expensas
2800,Gran Buenos Aires,1,propietario de la vivienda y el terreno
2801,Gran Buenos Aires,2,propietario de la vivienda y el terreno
2802,Patagonia,3,propietario de la vivienda y el terreno
2803,Patagonia,1,ocupante por pago de impuestos o expensas
2804,Patagonia,1,ocupante por pago de impuestos o expensas
2805,Patagonia,1,propietario de la vivienda y el terreno
2806,Pampeana,1,propietario de la vivienda y el terreno
2807,Pampeana,1,propietario de la vivienda y el terreno
2808,Pampeana,1,ocupante por pago de impuestos o expensas
2809,Pampeana,1,inquilino o arrendatario
2810,Pampeana,2,propietario de la vivienda y el terreno
2811,Pampeana,3,propietario de la vivienda solamente
2812,Pampeana,2,propietario de la vivienda y el terreno
2813,Pampeana,1,propietario de la vivienda y el terreno
2814,Pampeana,2,propietario de la vivienda y el terreno
2815,Pampeana,1,inquilino o arrendatario
2816,Pampeana,4,propietario de la vivienda y el terreno
2817,Noroeste,2,propietario de la vivienda y el terreno
2818,Noroeste,2,propietario de la vivienda y el terreno
2819,Noroeste,1,propietario de la vivienda y el terreno
2820,Cuyo,3,propietario de la vivienda y el terreno
2821,Pampeana,2,propietario de la vivienda y el terreno
2822,Pampeana,2,propietario de la vivienda y el terreno
2823,Noroeste,2,inquilino o arrendatario
2824,Noroeste,4,propietario de la vivienda y el terreno
2825,Patagonia,2,propietario de la vivienda solamente
2826,Gran Buenos Aires,1,inquilino o arrendatario
2827,Gran Buenos Aires,2,propietario de la vivienda y el terreno
2828,Gran Buenos Aires,3,inquilino o arrendatario
2829,Gran Buenos Aires,3,propietario de la vivienda y el terreno
2830,Gran Buenos Aires,1,propietario de la vivienda y el terreno
2831,Gran Buenos Aires,4,propietario de la vivienda y el terreno
2832,Gran Buenos Aires,1,propietario de la vivienda y el terreno
2833,Gran Buenos Aires,3,propietario de la vivienda y el terreno
2834,Gran Buenos Aires,1,propietario de la vivienda y el terreno
2835,Gran Buenos Aires,2,propietario de la vivienda y el terreno
2836,Gran Buenos Aires,3,propietario de la vivienda y el terreno
2837,Gran Buenos Aires,6,en sucesión
2838,Patagonia,1,inquilino o arrendatario
2839,Patagonia,2,propietario de la vivienda y el terreno
2840,Patagonia,1,propietario de la vivienda y el terreno
2841,Patagonia,4,ocupante por pago de impuestos o expensas
2842,Patagonia,6,propietario de la vivienda y el terreno
2843,Patagonia,3,inquilino o arrendatario
2844,Patagonia,5,inquilino o arrendatario
2845,Patagonia,1,inquilino o arrendatario
2846,Patagonia,1,propietario de la vivienda y el terreno
2847,Noreste,5,"ocupante gratuito, con permiso"
2848,Patagonia,4,propietario de la vivienda y el terreno
2849,Noroeste,2,propietario de la vivienda y el terreno
2850,Noroeste,2,propietario de la vivienda y el terreno
2851,Patagonia,1,inquilino o arrendatario
2852,Patagonia,3,inquilino o arrendatario
2853,Patagonia,2,inquilino o arrendatario
2854,Patagonia,1,propietario de la vivienda y el terreno
2855,Patagonia,2,propietario de la vivienda y el terreno
2856,Gran Buenos Aires,2,propietario de la vivienda y el terreno
2857,Gran Buenos Aires,4,propietario de la vivienda y el terreno
2858,Pampeana,3,propietario de la vivienda y el terreno
2859,Pampeana,1,propietario de la vivienda y el terreno
2860,Pampeana,3,propietario de la vivienda solamente
2861,Pampeana,1,propietario de la vivienda y el terreno
2862,Pampeana,3,propietario de la vivienda y el terreno
2863,Pampeana,2,propietario de la vivienda y el terreno
2864,Pampeana,2,"ocupante gratuito, con permiso"
2865,Pampeana,3,propietario de la vivienda y el terreno
2866,Pampeana,4,propietario de la vivienda y el terreno
2867,Pampeana,4,propietario de la vivienda y el terreno
2868,Pampeana,4,propietario de la vivienda y el terreno
2869,Pampeana,3,propietario de la vivienda solamente
2870,Noroeste,4,propietario de la vivienda y el terreno
2871,Noroeste,2,propietario de la vivienda y el terreno
2872,Noroeste,2,propietario de la vivienda y el terreno
2873,Noroeste,3,propietario de la vivienda y el terreno
2874,Noroeste,3,propietario de la vivienda y el terreno
2875,Noroeste,5,propietario de la vivienda y el terreno
2876,Noroeste,3,inquilino o arrendatario
2877,Noroeste,1,inquilino o arrendatario
2878,Noroeste,2,propietario de la vivienda y el terreno
2879,Noroeste,5,propietario de la vivienda y el terreno
2880,Cuyo,3,ocupante por pago de impuestos o expensas
2881,Cuyo,6,"ocupante gratuito, con permiso"
2882,Noreste,2,propietario de la vivienda y el terreno
2883,Noreste,1,inquilino o arrendatario
2884,Pampeana,2,propietario de la vivienda y el terreno
2885,Gran Buenos Aires,1,inquilino o arrendatario
2886,Gran Buenos Aires,3,inquilino o arrendatario
2887,Gran Buenos Aires,1,propietario de la vivienda y el terreno
2888,Gran Buenos Aires,1,inquilino o arrendatario
2889,Gran Buenos Aires,4,propietario de la vivienda y el terreno
2890,Pampeana,1,"ocupante gratuito, con permiso"
2891,Pampeana,4,propietario de la vivienda y el terreno
2892,Pampeana,4,propietario de la vivienda y el terreno
2893,Pampeana,2,propietario de la vivienda y el terreno
2894,Pampeana,2,propietario de la vivienda y el terreno
2895,Pampeana,4,propietario de la vivienda y el terreno
2896,Pampeana,2,propietario de la vivienda y el terreno
2897,Patagonia,1,propietario de la vivienda solamente
2898,Patagonia,3,propietario de la vivienda y el terreno
2899,Noreste,4,propietario de la vivienda solamente
2900,Noreste,3,propietario de la vivienda y el terreno
2901,Noreste,4,propietario de la vivienda y el terreno
2902,Noreste,2,propietario de la vivienda y el terreno
2903,Noreste,1,inquilino o arrendatario
2904,Noreste,1,propietario de la vivienda solamente
2905,Noreste,3,inquilino o arrendatario
2906,Noreste,5,"ocupante gratuito, con permiso"
2907,Noroeste,2,propietario de la vivienda y el terreno
2908,Noroeste,1,propietario de la vivienda y el terreno
2909,Noroeste,5,propietario de la vivienda y el terreno
2910,Noroeste,5,propietario de la vivienda y el terreno
2911,Noroeste,2,inquilino o arrendatario
2912,Noroeste,2,propietario de la vivienda y el terreno
2913,Noroeste,2,propietario de la vivienda y el terreno
2914,Noroeste,3,propietario de la vivienda y el terreno
2915,Noroeste,3,"ocupante gratuito, con permiso"
2916,Noroeste,2,inquilino o arrendatario
2917,Noreste,1,propietario de la vivienda y el terreno
2918,Patagonia,4,"ocupante gratuito, con permiso"
2919,Patagonia,2,propietario de la vivienda y el terreno
2920,Noroeste,1,propietario de la vivienda y el terreno
2921,Pampeana,5,propietario de la vivienda y el terreno
2922,Pampeana,3,en sucesión
2923,Pampeana,1,propietario de la vivienda y el terreno
2924,Pampeana,2,propietario de la vivienda y el terreno
2925,Pampeana,2,inquilino o arrendatario
2926,Pampeana,1,inquilino o arrendatario
2927,Pampeana,2,propietario de la vivienda y el terreno
2928,Pampeana,1,propietario de la vivienda solamente
2929,Pampeana,4,propietario de la vivienda y el terreno
2930,Pampeana,3,inquilino o arrendatario
2931,Cuyo,5,propietario de la vivienda y el terreno
2932,Cuyo,2,propietario de la vivienda y el terreno
2933,Cuyo,3,"ocupante gratuito, con permiso"
2934,Cuyo,6,propietario de la vivienda y el terreno
2935,Cuyo,1,inquilino o arrendatario
2936,Cuyo,2,"ocupante gratuito, con permiso"
2937,Cuyo,2,propietario de la vivienda solamente
2938,Cuyo,2,propietario de la vivienda y el terreno
2939,Cuyo,2,propietario de la vivienda y el terreno
2940,Cuyo,5,propietario de la vivienda y el terreno
2941,Cuyo,6,inquilino o arrendatario
2942,Cuyo,3,"ocupante gratuito, con permiso"
2943,Noreste,2,propietario de la vivienda y el terreno
2944,Noreste,5,propietario de la vivienda solamente
2945,Noreste,1,inquilino o arrendatario
2946,Noreste,2,inquilino o arrendatario
2947,Cuyo,5,propietario de la vivienda y el terreno
2948,Cuyo,3,inquilino o arrendatario
2949,Cuyo,5,"ocupante gratuito, con permiso"
2950,Cuyo,4,inquilino o arrendatario
2951,Cuyo,3,inquilino o arrendatario
2952,Cuyo,4,"ocupante gratuito, con permiso"
2953,Cuyo,4,propietario de la vivienda y el terreno
2954,Cuyo,4,inquilino o arrendatario
2955,Cuyo,4,"ocupante gratuito, con permiso"
2956,Cuyo,3,inquilino o arrendatario
2957,Noroeste,4,propietario de la vivienda y el terreno
2958,Noroeste,5,propietario de la vivienda y el terreno
2959,Noroeste,2,propietario de la vivienda y el terreno
2960,Noroeste,3,propietario de la vivienda y el terreno
2961,Noroeste,4,propietario de la vivienda y el terreno
2962,Noroeste,4,propietario de la vivienda y el terreno
2963,Noroeste,1,propietario de la vivienda y el terreno
2964,Noroeste,4,propietario de la vivienda y el terreno
2965,Patagonia,1,propietario de la vivienda solamente
2966,Patagonia,1,"ocupante gratuito, con permiso"
2967,Patagonia,3,propietario de la vivienda y el terreno
2968,Patagonia,1,"ocupante gratuito, con permiso"
2969,Patagonia,1,"ocupante gratuito, con permiso"
2970,Patagonia,2,"ocupante gratuito, con permiso"
2971,Noreste,2,propietario de la vivienda y el terreno
2972,Noroeste,1,propietario de la vivienda y el terreno
2973,Noroeste,1,propietario de la vivienda y el terreno
2974,Noroeste,2,ocupante por pago de impuestos o expensas
2975,Noroeste,2,propietario de la vivienda y el terreno
2976,Noroeste,4,inquilino o arrendatario
2977,Noroeste,5,propietario de la vivienda y el terreno
2978,Noroeste,2,propietario de la vivienda y el terreno
2979,Noroeste,7,inquilino o arrendatario
2980,Noroeste,4,propietario de la vivienda y el terreno
2981,Pampeana,1,inquilino o arrendatario
2982,Pampeana,1,propietario de la vivienda y el terreno
2983,Pampeana,2,propietario de la vivienda y el terreno
2984,Pampeana,3,propietario de la vivienda y el terreno
2985,Pampeana,3,propietario de la vivienda y el terreno
2986,Pampeana,1,inquilino o arrendatario
2987,Patagonia,6,inquilino o arrendatario
2988,Gran Buenos Aires,2,propietario de la vivienda y el terreno
2989,Gran Buenos Aires,1,propietario de la vivienda y el terreno
2990,Gran Buenos Aires,3,inquilino o arrendatario
2991,Gran Buenos Aires,4,inquilino o arrendatario
2992,Gran Buenos Aires,4,propietario de la vivienda y el terreno
2993,Gran Buenos Aires,1,inquilino o arrendatario
2994,Gran Buenos Aires,1,propietario de la vivienda y el terreno
2995,Gran Buenos Aires,3,propietario de la vivienda y el terreno
2996,Gran Buenos Aires,4,propietario de la vivienda y el terreno
2997,Gran Buenos Aires,6,propietario de la vivienda y el terreno
2998,Gran Buenos Aires,3,propietario de la vivienda y el terreno
2999,Gran Buenos Aires,4,propietario de la vivienda y el terreno
3000,Gran Buenos Aires,4,propietario de la vivienda y el terreno
3001,Gran Buenos Aires,5,propietario de la vivienda y el terreno
3002,Gran Buenos Aires,2,"ocupante gratuito, con permiso"
3003,Gran Buenos Aires,1,propietario de la vivienda solamente
3004,Pampeana,4,inquilino o arrendatario
3005,Pampeana,4,propietario de la vivienda y el terreno
3006,Pampeana,2,ocupante por pago de impuestos o expensas
3007,Pampeana,2,inquilino o arrendatario
3008,Pampeana,3,propietario de la vivienda y el terreno
3009,Pampeana,2,propietario de la vivienda y el terreno
3010,Pampeana,4,propietario de la vivienda y el terreno
3011,Pampeana,3,propietario de la vivienda y el terreno
3012,Pampeana,2,propietario de la vivienda y el terreno
3013,Pampeana,1,"ocupante gratuito, con permiso"
3014,Pampeana,5,inquilino o arrendatario
3015,Pampeana,1,inquilino o arrendatario
3016,Pampeana,1,ocupante por pago de impuestos o expensas
3017,Pampeana,1,propietario de la vivienda y el terreno
3018,Pampeana,3,inquilino o arrendatario
3019,Pampeana,3,propietario de la vivienda y el terreno
3020,Noroeste,3,propietario de la vivienda y el terreno
3021,Noroeste,3,propietario de la vivienda y el terreno
3022,Noroeste,3,propietario de la vivienda y el terreno
3023,Noroeste,4,propietario de la vivienda y el terreno
3024,Pampeana,2,propietario de la vivienda y el terreno
3025,Pampeana,4,propietario de la vivienda y el terreno
3026,Noreste,4,propietario de la vivienda y el terreno
3027,Noreste,4,otra situación
3028,Noreste,2,otra situación
3029,Noreste,4,propietario de la vivienda y el terreno
3030,Noreste,1,propietario de la vivienda y el terreno
3031,Gran Buenos Aires,1,inquilino o arrendatario
3032,Gran Buenos Aires,2,propietario de la vivienda y el terreno
3033,Gran Buenos Aires,2,propietario de la vivienda y el terreno
3034,Gran Buenos Aires,3,"ocupante gratuito, con permiso"
3035,Patagonia,2,propietario de la vivienda y el terreno
3036,Patagonia,3,propietario de la vivienda y el terreno
3037,Patagonia,3,propietario de la vivienda y el terreno
3038,Patagonia,2,propietario de la vivienda y el terreno
3039,Patagonia,1,propietario de la vivienda y el terreno
3040,Patagonia,1,ocupante por pago de impuestos o expensas
3041,Patagonia,1,ocupante por pago de impuestos o expensas
3042,Noroeste,3,inquilino o arrendatario
3043,Noroeste,2,propietario de la vivienda y el terreno
3044,Noroeste,2,inquilino o arrendatario
3045,Pampeana,3,"ocupante gratuito, con permiso"
3046,Pampeana,3,propietario de la vivienda y el terreno
3047,Pampeana,3,propietario de la vivienda solamente
3048,Cuyo,5,"ocupante gratuito, con permiso"
3049,Cuyo,5,inquilino o arrendatario
3050,Cuyo,2,inquilino o arrendatario
3051,Cuyo,1,inquilino o arrendatario
3052,Cuyo,4,inquilino o arrendatario
3053,Cuyo,5,propietario de la vivienda y el terreno
3054,Cuyo,1,inquilino o arrendatario
3055,Cuyo,3,"ocupante gratuito, con permiso"
3056,Noroeste,3,propietario de la vivienda solamente
3057,Noroeste,1,propietario de la vivienda y el terreno
3058,Noroeste,1,inquilino o arrendatario
3059,Noroeste,3,propietario de la vivienda y el terreno
3060,Noroeste,3,inquilino o arrendatario
3061,Noroeste,4,propietario de la vivienda y el terreno
3062,Gran Buenos Aires,2,propietario de la vivienda y el terreno
3063,Gran Buenos Aires,1,propietario de la vivienda y el terreno
3064,Gran Buenos Aires,2,propietario de la vivienda y el terreno
3065,Patagonia,4,inquilino o arrendatario
3066,Gran Buenos Aires,1,
3067,Pampeana,2,propietario de la vivienda y el terreno
3068,Pampeana,3,propietario de la vivienda y el terreno
3069,Noreste,3,propietario de la vivienda y el terreno
3070,Patagonia,4,inquilino o arrendatario
3071,Pampeana,4,propietario de la vivienda y el terreno
3072,Pampeana,2,propietario de la vivienda solamente
3073,Pampeana,5,propietario de la vivienda y el terreno
3074,Pampeana,4,propietario de la vivienda y el terreno
3075,Pampeana,7,propietario de la vivienda y el terreno
3076,Pampeana,3,propietario de la vivienda y el terreno
3077,Pampeana,2,propietario de la vivienda y el terreno
3078,Pampeana,1,"ocupante gratuito, con permiso"
3079,Pampeana,3,propietario de la vivienda y el terreno
3080,Pampeana,4,en sucesión
3081,Noroeste,1,propietario de la vivienda y el terreno
3082,Noroeste,1,propietario de la vivienda y el terreno
3083,Noroeste,3,"ocupante gratuito, con permiso"
3084,Noroeste,1,propietario de la vivienda y el terreno
3085,Noroeste,4,propietario de la vivienda y el terreno
3086,Noroeste,1,propietario de la vivienda y el terreno
3087,Noroeste,5,propietario de la vivienda y el terreno
3088,Noroeste,4,propietario de la vivienda y el terreno
3089,Noroeste,3,propietario de la vivienda y el terreno
3090,Pampeana,3,"ocupante gratuito, con permiso"
3091,Pampeana,2,propietario de la vivienda y el terreno
3092,Cuyo,2,"ocupante gratuito, con permiso"
3093,Noroeste,2,inquilino o arrendatario
3094,Noroeste,1,propietario de la vivienda y el terreno
3095,Noroeste,3,propietario de la vivienda y el terreno
3096,Noroeste,6,propietario de la vivienda y el terreno
3097,Noroeste,2,propietario de la vivienda y el terreno
3098,Noreste,3,inquilino o arrendatario
3099,Noreste,1,propietario de la vivienda y el terreno
3100,Noreste,2,propietario de la vivienda y el terreno
3101,Noreste,3,propietario de la vivienda y el terreno
3102,Noreste,5,propietario de la vivienda y el terreno
3103,Noreste,2,propietario de la vivienda y el terreno
3104,Noreste,9,propietario de la vivienda y el terreno
3105,Noreste,9,en sucesión
3106,Noreste,4,propietario de la vivienda solamente
3107,Cuyo,1,propietario de la vivienda y el terreno
3108,Cuyo,2,propietario de la vivienda y el terreno
3109,Cuyo,1,propietario de la vivienda y el terreno
3110,Cuyo,3,inquilino o arrendatario
3111,Cuyo,4,inquilino o arrendatario
3112,Cuyo,3,"ocupante gratuito, con permiso"
3113,Cuyo,6,propietario de la vivienda y el terreno
3114,Cuyo,1,propietario de la vivienda y el terreno
3115,Noroeste,6,propietario de la vivienda y el terreno
3116,Cuyo,2,propietario de la vivienda y el terreno
3117,Cuyo,1,inquilino o arrendatario
3118,Patagonia,2,propietario de la vivienda y el terreno
3119,Patagonia,1,inquilino o arrendatario
3120,Patagonia,2,inquilino o arrendatario
3121,Patagonia,2,inquilino o arrendatario
3122,Cuyo,3,"ocupante gratuito, con permiso"
3123,Cuyo,3,propietario de la vivienda y el terreno
3124,Cuyo,2,propietario de la vivienda y el terreno
3125,Cuyo,3,propietario de la vivienda y el terreno
3126,Noroeste,2,propietario de la vivienda y el terreno
3127,Noroeste,1,propietario de la vivienda y el terreno
3128,Noroeste,1,propietario de la vivienda y el terreno
3129,Noroeste,4,en sucesión
3130,Noroeste,1,"ocupante gratuito, con permiso"
3131,Pampeana,1,propietario de la vivienda y el terreno
3132,Cuyo,2,inquilino o arrendatario
3133,Pampeana,5,propietario de la vivienda solamente
3134,Pampeana,5,propietario de la vivienda y el terreno
3135,Pampeana,2,propietario de la vivienda y el terreno
3136,Noroeste,3,propietario de la vivienda solamente
3137,Gran Buenos Aires,4,propietario de la vivienda y el terreno
3138,Noroeste,3,propietario de la vivienda y el terreno
3139,Patagonia,1,propietario de la vivienda y el terreno
3140,Patagonia,3,propietario de la vivienda solamente
3141,Gran Buenos Aires,2,propietario de la vivienda y el terreno
3142,Gran Buenos Aires,3,inquilino o arrendatario
3143,Gran Buenos Aires,1,propietario de la vivienda solamente
3144,Gran Buenos Aires,2,propietario de la vivienda y el terreno
3145,Gran Buenos Aires,2,propietario de la vivienda y el terreno
3146,Gran Buenos Aires,3,propietario de la vivienda y el terreno
3147,Gran Buenos Aires,5,propietario de la vivienda y el terreno
3148,Patagonia,3,inquilino o arrendatario
3149,Patagonia,4,inquilino o arrendatario
3150,Patagonia,4,inquilino o arrendatario
3151,Patagonia,2,propietario de la vivienda y el terreno
3152,Patagonia,3,inquilino o arrendatario
3153,Patagonia,6,inquilino o arrendatario
3154,Pampeana,4,inquilino o arrendatario
3155,Pampeana,2,propietario de la vivienda y el terreno
3156,Noroeste,4,propietario de la vivienda y el terreno
3157,Pampeana,4,propietario de la vivienda y el terreno
3158,Pampeana,4,propietario de la vivienda y el terreno
3159,Pampeana,1,inquilino o arrendatario
3160,Pampeana,1,propietario de la vivienda y el terreno
3161,Pampeana,2,propietario de la vivienda y el terreno
3162,Pampeana,3,inquilino o arrendatario
3163,Pampeana,2,propietario de la vivienda y el terreno
3164,Pampeana,1,propietario de la vivienda solamente
3165,Pampeana,1,propietario de la vivienda y el terreno
3166,Pampeana,1,inquilino o arrendatario
3167,Pampeana,2,propietario de la vivienda y el terreno
3168,Pampeana,3,ocupante por pago de impuestos o expensas
3169,Pampeana,1,inquilino o arrendatario
3170,Pampeana,4,propietario de la vivienda y el terreno
3171,Pampeana,1,inquilino o arrendatario
3172,Pampeana,4,propietario de la vivienda y el terreno
3173,Noroeste,1,propietario de la vivienda y el terreno
3174,Noroeste,3,propietario de la vivienda y el terreno
3175,Noroeste,2,propietario de la vivienda y el terreno
3176,Noroeste,2,propietario de la vivienda y el terreno
3177,Cuyo,4,propietario de la vivienda y el terreno
3178,Cuyo,1,propietario de la vivienda y el terreno
3179,Pampeana,1,inquilino o arrendatario
3180,Gran Buenos Aires,2,propietario de la vivienda solamente
3181,Gran Buenos Aires,3,ocupante por pago de impuestos o expensas
3182,Gran Buenos Aires,4,inquilino o arrendatario
3183,Patagonia,2,propietario de la vivienda y el terreno
3184,Patagonia,1,propietario de la vivienda y el terreno
3185,Patagonia,2,ocupante por pago de impuestos o expensas
3186,Patagonia,1,propietario de la vivienda y el terreno
3187,Patagonia,3,propietario de la vivienda y el terreno
3188,Patagonia,3,inquilino o arrendatario
3189,Patagonia,1,propietario de la vivienda solamente
3190,Patagonia,2,ocupante por pago de impuestos o expensas
3191,Patagonia,1,inquilino o arrendatario
3192,Patagonia,2,inquilino o arrendatario
3193,Noroeste,4,propietario de la vivienda solamente
3194,Noroeste,3,propietario de la vivienda y el terreno
3195,Noroeste,5,inquilino o arrendatario
3196,Noroeste,2,propietario de la vivienda y el terreno
3197,Noroeste,5,propietario de la vivienda y el terreno
3198,Noroeste,3,inquilino o arrendatario
3199,Noroeste,1,propietario de la vivienda y el terreno
3200,Pampeana,3,propietario de la vivienda y el terreno
3201,Pampeana,2,inquilino o arrendatario
3202,Pampeana,5,propietario de la vivienda y el terreno
3203,Pampeana,2,propietario de la vivienda y el terreno
3204,Pampeana,4,propietario de la vivienda y el terreno
3205,Pampeana,4,propietario de la vivienda y el terreno
3206,Pampeana,1,propietario de la vivienda y el terreno
3207,Pampeana,2,propietario de la vivienda y el terreno
3208,Noroeste,4,en sucesión
3209,Cuyo,2,inquilino o arrendatario
3210,Cuyo,4,"ocupante gratuito, con permiso"
3211,Noreste,4,propietario de la vivienda solamente
3212,Noreste,1,propietario de la vivienda y el terreno
3213,Pampeana,2,propietario de la vivienda y el terreno
3214,Pampeana,1,propietario de la vivienda y el terreno
3215,Pampeana,1,propietario de la vivienda y el terreno
3216,Pampeana,2,"ocupante gratuito, con permiso"
3217,Pampeana,1,propietario de la vivienda y el terreno
3218,Cuyo,2,propietario de la vivienda y el terreno
3219,Cuyo,5,propietario de la vivienda y el terreno
3220,Cuyo,1,propietario de la vivienda y el terreno
3221,Cuyo,1,propietario de la vivienda y el terreno
3222,Pampeana,1,inquilino o arrendatario
3223,Pampeana,1,propietario de la vivienda y el terreno
3224,Patagonia,3,inquilino o arrendatario
3225,Pampeana,3,propietario de la vivienda solamente
3226,Cuyo,4,propietario de la vivienda y el terreno
3227,Cuyo,8,propietario de la vivienda y el terreno
3228,Cuyo,2,en sucesión
3229,Pampeana,1,propietario de la vivienda y el terreno
3230,Pampeana,3,propietario de la vivienda y el terreno
3231,Patagonia,4,propietario de la vivienda solamente
3232,Patagonia,3,propietario de la vivienda y el terreno
3233,Patagonia,3,propietario de la vivienda y el terreno
3234,Patagonia,2,propietario de la vivienda y el terreno
3235,Patagonia,2,inquilino o arrendatario
3236,Patagonia,2,propietario de la vivienda y el terreno
3237,Patagonia,5,propietario de la vivienda y el terreno
3238,Patagonia,5,propietario de la vivienda y el terreno
3239,Gran Buenos Aires,3,inquilino o arrendatario
3240,Gran Buenos Aires,2,propietario de la vivienda y el terreno
3241,Gran Buenos Aires,2,ocupante por pago de impuestos o expensas
3242,Gran Buenos Aires,1,"ocupante gratuito, con permiso"
3243,Gran Buenos Aires,2,inquilino o arrendatario
3244,Noreste,1,propietario de la vivienda y el terreno
3245,Noreste,5,propietario de la vivienda solamente
3246,Noreste,5,propietario de la vivienda y el terreno
3247,Noreste,2,propietario de la vivienda y el terreno
3248,Noreste,2,propietario de la vivienda solamente
3249,Pampeana,2,propietario de la vivienda y el terreno
3250,Pampeana,2,propietario de la vivienda y el terreno
3251,Gran Buenos Aires,1,propietario de la vivienda y el terreno
3252,Gran Buenos Aires,3,inquilino o arrendatario
3253,Pampeana,2,propietario de la vivienda y el terreno
3254,Pampeana,8,propietario de la vivienda y el terreno
3255,Pampeana,5,propietario de la vivienda y el terreno
3256,Noreste,2,propietario de la vivienda y el terreno
3257,Noreste,6,propietario de la vivienda y el terreno
3258,Noreste,4,propietario de la vivienda y el terreno
3259,Patagonia,1,ocupante por pago de impuestos o expensas
3260,Gran Buenos Aires,5,propietario de la vivienda y el terreno
3261,Gran Buenos Aires,3,inquilino o arrendatario
3262,Gran Buenos Aires,1,propietario de la vivienda y el terreno
3263,Noreste,3,propietario de la vivienda y el terreno
3264,Noreste,3,propietario de la vivienda y el terreno
3265,Noreste,2,propietario de la vivienda y el terreno
3266,Pampeana,2,propietario de la vivienda y el terreno
3267,Pampeana,4,propietario de la vivienda y el terreno
3268,Pampeana,2,propietario de la vivienda y el terreno
3269,Pampeana,4,propietario de la vivienda y el terreno
3270,Pampeana,1,"ocupante gratuito, con permiso"
3271,Pampeana,6,propietario de la vivienda y el terreno
3272,Pampeana,1,propietario de la vivienda y el terreno
3273,Pampeana,1,en sucesión
3274,Pampeana,2,propietario de la vivienda y el terreno
3275,Noroeste,5,propietario de la vivienda y el terreno
3276,Noroeste,1,propietario de la vivienda y el terreno
3277,Noroeste,3,propietario de la vivienda y el terreno
3278,Noroeste,4,propietario de la vivienda y el terreno
3279,Gran Buenos Aires,1,propietario de la vivienda y el terreno
3280,Gran Buenos Aires,1,inquilino o arrendatario
3281,Gran Buenos Aires,3,inquilino o arrendatario
3282,Gran Buenos Aires,1,inquilino o arrendatario
3283,Gran Buenos Aires,3,propietario de la vivienda solamente
3284,Noroeste,4,propietario de la vivienda y el terreno
3285,Cuyo,1,propietario de la vivienda y el terreno
3286,Cuyo,4,inquilino o arrendatario
3287,Cuyo,4,"ocupante gratuito, con permiso"
3288,Cuyo,3,propietario de la vivienda y el terreno
3289,Cuyo,5,propietario de la vivienda y el terreno
3290,Cuyo,2,inquilino o arrendatario
3291,Pampeana,1,propietario de la vivienda y el terreno
3292,Pampeana,2,inquilino o arrendatario
3293,Noroeste,2,propietario de la vivienda y el terreno
3294,Noroeste,4,"ocupante gratuito, con permiso"
3295,Noroeste,2,inquilino o arrendatario
3296,Patagonia,3,inquilino o arrendatario
3297,Patagonia,1,ocupante por pago de impuestos o expensas
3298,Patagonia,4,inquilino o arrendatario
3299,Pampeana,3,propietario de la vivienda y el terreno
3300,Patagonia,1,propietario de la vivienda y el terreno
3301,Noroeste,1,ocupante por pago de impuestos o expensas
3302,Noroeste,4,en sucesión
3303,Noroeste,4,ocupante por pago de impuestos o expensas
3304,Noroeste,4,propietario de la vivienda y el terreno
3305,Noroeste,5,propietario de la vivienda y el terreno
3306,Noroeste,5,propietario de la vivienda y el terreno
3307,Noroeste,3,propietario de la vivienda y el terreno
3308,Noroeste,1,propietario de la vivienda y el terreno
3309,Noroeste,3,propietario de la vivienda y el terreno
3310,Pampeana,5,propietario de la vivienda y el terreno
3311,Pampeana,3,propietario de la vivienda y el terreno
3312,Pampeana,3,propietario de la vivienda y el terreno
3313,Pampeana,2,inquilino o arrendatario
3314,Patagonia,1,inquilino o arrendatario
3315,Noroeste,5,propietario de la vivienda y el terreno
3316,Pampeana,4,propietario de la vivienda y el terreno
3317,Pampeana,4,propietario de la vivienda y el terreno
3318,Noroeste,3,propietario de la vivienda y el terreno
3319,Noroeste,2,propietario de la vivienda y el terreno
3320,Noroeste,4,propietario de la vivienda y el terreno
3321,Noroeste,1,propietario de la vivienda y el terreno
3322,Gran Buenos Aires,4,inquilino o arrendatario
3323,Gran Buenos Aires,5,propietario de la vivienda y el terreno
3324,Gran Buenos Aires,4,inquilino o arrendatario
3325,Gran Buenos Aires,2,inquilino o arrendatario
3326,Pampeana,2,propietario de la vivienda y el terreno
3327,Pampeana,2,inquilino o arrendatario
3328,Pampeana,6,propietario de la vivienda y el terreno
3329,Pampeana,4,inquilino o arrendatario
3330,Pampeana,2,propietario de la vivienda y el terreno
3331,Pampeana,1,inquilino o arrendatario
3332,Pampeana,3,inquilino o arrendatario
3333,Pampeana,2,propietario de la vivienda y el terreno
3334,Pampeana,3,propietario de la vivienda y el terreno
3335,Pampeana,2,propietario de la vivienda y el terreno
3336,Pampeana,1,propietario de la vivienda y el terreno
3337,Noreste,3,propietario de la vivienda y el terreno
3338,Noreste,2,inquilino o arrendatario
3339,Noroeste,3,propietario de la vivienda y el terreno
3340,Noroeste,5,propietario de la vivienda y el terreno
3341,Noroeste,3,"ocupante gratuito, con permiso"
3342,Noroeste,4,propietario de la vivienda solamente
3343,Noroeste,1,ocupante por pago de impuestos o expensas
3344,Noroeste,1,propietario de la vivienda solamente
3345,Noroeste,2,propietario de la vivienda y el terreno
3346,Noroeste,4,inquilino o arrendatario
3347,Noroeste,3,propietario de la vivienda y el terreno
3348,Noroeste,3,propietario de la vivienda y el terreno
3349,Noroeste,7,propietario de la vivienda y el terreno
3350,Patagonia,2,propietario de la vivienda y el terreno
3351,Patagonia,3,propietario de la vivienda y el terreno
3352,Patagonia,4,"ocupante gratuito, con permiso"
3353,Noroeste,2,propietario de la vivienda y el terreno
3354,Pampeana,2,inquilino o arrendatario
3355,Pampeana,5,propietario de la vivienda y el terreno
3356,Patagonia,5,inquilino o arrendatario
3357,Patagonia,1,propietario de la vivienda y el terreno
3358,Patagonia,3,propietario de la vivienda y el terreno
3359,Patagonia,3,propietario de la vivienda y el terreno
3360,Gran Buenos Aires,4,propietario de la vivienda y el terreno
3361,Gran Buenos Aires,4,propietario de la vivienda y el terreno
3362,Gran Buenos Aires,2,propietario de la vivienda y el terreno
3363,Gran Buenos Aires,1,"ocupante gratuito, con permiso"
3364,Gran Buenos Aires,7,propietario de la vivienda solamente
3365,Gran Buenos Aires,2,propietario de la vivienda y el terreno
3366,Noroeste,5,inquilino o arrendatario
3367,Noroeste,2,"ocupante gratuito, con permiso"
3368,Noroeste,5,propietario de la vivienda y el terreno
3369,Noroeste,4,inquilino o arrendatario
3370,Noroeste,4,propietario de la vivienda y el terreno
3371,Noroeste,3,propietario de la vivienda y el terreno
3372,Noroeste,6,propietario de la vivienda y el terreno
3373,Noroeste,6,propietario de la vivienda y el terreno
3374,Noroeste,7,propietario de la vivienda y el terreno
3375,Noroeste,6,propietario de la vivienda y el terreno
3376,Noroeste,4,propietario de la vivienda y el terreno
3377,Noroeste,4,propietario de la vivienda y el terreno
3378,Noroeste,2,propietario de la vivienda y el terreno
3379,Pampeana,3,inquilino o arrendatario
3380,Pampeana,1,inquilino o arrendatario
3381,Pampeana,3,propietario de la vivienda y el terreno
3382,Pampeana,3,propietario de la vivienda y el terreno
3383,Pampeana,1,propietario de la vivienda y el terreno
3384,Pampeana,2,propietario de la vivienda y el terreno
3385,Pampeana,5,propietario de la vivienda y el terreno
3386,Pampeana,2,inquilino o arrendatario
3387,Pampeana,4,inquilino o arrendatario
3388,Pampeana,2,propietario de la vivienda y el terreno
3389,Noreste,5,propietario de la vivienda y el terreno
3390,Noreste,1,propietario de la vivienda y el terreno
3391,Noreste,4,propietario de la vivienda y el terreno
3392,Noreste,2,propietario de la vivienda y el terreno
3393,Noreste,1,propietario de la vivienda y el terreno
3394,Noreste,4,propietario de la vivienda y el terreno
3395,Noreste,2,propietario de la vivienda y el terreno
3396,Noreste,2,propietario de la vivienda y el terreno
3397,Noreste,4,inquilino o arrendatario
3398,Cuyo,3,inquilino o arrendatario
3399,Cuyo,2,propietario de la vivienda y el terreno
3400,Cuyo,2,"ocupante gratuito, con permiso"
3401,Cuyo,5,propietario de la vivienda y el terreno
3402,Cuyo,1,"ocupante gratuito, con permiso"
3403,Cuyo,6,inquilino o arrendatario
3404,Noroeste,2,propietario de la vivienda y el terreno
3405,Noroeste,5,propietario de la vivienda y el terreno
3406,Noroeste,2,propietario de la vivienda y el terreno
3407,Noroeste,3,propietario de la vivienda y el terreno
3408,Noroeste,7,propietario de la vivienda y el terreno
3409,Noroeste,5,ocupante por pago de impuestos o expensas
3410,Noroeste,2,propietario de la vivienda y el terreno
3411,Noroeste,1,inquilino o arrendatario
3412,Noroeste,2,propietario de la vivienda y el terreno
3413,Gran Buenos Aires,1,inquilino o arrendatario
3414,Gran Buenos Aires,2,propietario de la vivienda y el terreno
3415,Gran Buenos Aires,2,propietario de la vivienda y el terreno
3416,Noreste,2,propietario de la vivienda solamente
3417,Noreste,5,propietario de la vivienda y el terreno
3418,Noreste,4,propietario de la vivienda y el terreno
3419,Noreste,3,propietario de la vivienda y el terreno
3420,Noreste,4,propietario de la vivienda y el terreno
3421,Noreste,8,propietario de la vivienda solamente
3422,Noreste,1,propietario de la vivienda y el terreno
3423,Patagonia,2,propietario de la vivienda y el terreno
3424,Patagonia,3,propietario de la vivienda y el terreno
3425,Patagonia,3,propietario de la vivienda y el terreno
3426,Pampeana,2,inquilino o arrendatario
3427,Pampeana,5,"ocupante gratuito, con permiso"
3428,Pampeana,3,propietario de la vivienda y el terreno
3429,Pampeana,1,ocupante por pago de impuestos o expensas
3430,Pampeana,3,"ocupante gratuito, con permiso"
3431,Pampeana,3,propietario de la vivienda y el terreno
3432,Pampeana,6,propietario de la vivienda y el terreno
3433,Pampeana,4,propietario de la vivienda y el terreno
3434,Pampeana,2,propietario de la vivienda y el terreno
3435,Noreste,1,"ocupante gratuito, con permiso"
3436,Pampeana,4,inquilino o arrendatario
3437,Pampeana,1,propietario de la vivienda y el terreno
3438,Pampeana,1,inquilino o arrendatario
3439,Pampeana,4,propietario de la vivienda y el terreno
3440,Pampeana,2,en sucesión
3441,Pampeana,2,propietario de la vivienda y el terreno
3442,Pampeana,3,propietario de la vivienda y el terreno
3443,Pampeana,2,inquilino o arrendatario
3444,Pampeana,4,propietario de la vivienda y el terreno
3445,Pampeana,2,propietario de la vivienda y el terreno
3446,Pampeana,1,propietario de la vivienda y el terreno
3447,Pampeana,2,propietario de la vivienda y el terreno
3448,Pampeana,5,propietario de la vivienda y el terreno
3449,Noroeste,6,propietario de la vivienda y el terreno
3450,Noroeste,6,propietario de la vivienda y el terreno
3451,Gran Buenos Aires,5,en sucesión
3452,Gran Buenos Aires,3,"ocupante gratuito, con permiso"
3453,Pampeana,2,inquilino o arrendatario
3454,Pampeana,3,inquilino o arrendatario
3455,Pampeana,3,inquilino o arrendatario
3456,Pampeana,2,inquilino o arrendatario
3457,Cuyo,1,propietario de la vivienda y el terreno
3458,Cuyo,1,inquilino o arrendatario
3459,Cuyo,1,inquilino o arrendatario
3460,Cuyo,2,propietario de la vivienda y el terreno
3461,Cuyo,3,inquilino o arrendatario
3462,Cuyo,3,en sucesión
3463,Cuyo,4,propietario de la vivienda y el terreno
3464,Noroeste,2,propietario de la vivienda y el terreno
3465,Noroeste,3,propietario de la vivienda y el terreno
3466,Noroeste,7,propietario de la vivienda y el terreno
3467,Cuyo,1,propietario de la vivienda y el terreno
3468,Cuyo,1,propietario de la vivienda y el terreno
3469,Cuyo,2,propietario de la vivienda y el terreno
3470,Cuyo,4,inquilino o arrendatario
3471,Cuyo,3,propietario de la vivienda y el terreno
3472,Cuyo,3,inquilino o arrendatario
3473,Cuyo,5,en sucesión
3474,Noroeste,4,inquilino o arrendatario
3475,Pampeana,4,"ocupante gratuito, con permiso"
3476,Pampeana,1,inquilino o arrendatario
3477,Pampeana,2,propietario de la vivienda solamente
3478,Pampeana,2,propietario de la vivienda y el terreno
3479,Cuyo,1,propietario de la vivienda y el terreno
3480,Cuyo,2,"ocupante gratuito, con permiso"
3481,Cuyo,4,inquilino o arrendatario
3482,Cuyo,2,propietario de la vivienda y el terreno
3483,Cuyo,4,propietario de la vivienda y el terreno
3484,Cuyo,1,propietario de la vivienda y el terreno
3485,Pampeana,4,inquilino o arrendatario
3486,Pampeana,3,"ocupante gratuito, con permiso"
3487,Pampeana,1,propietario de la vivienda y el terreno
3488,Pampeana,1,propietario de la vivienda y el terreno
3489,Cuyo,5,propietario de la vivienda y el terreno
3490,Cuyo,4,inquilino o arrendatario
3491,Cuyo,2,propietario de la vivienda y el terreno
3492,Pampeana,2,propietario de la vivienda y el terreno
3493,Pampeana,3,propietario de la vivienda y el terreno
3494,Pampeana,4,propietario de la vivienda y el terreno
3495,Pampeana,6,propietario de la vivienda y el terreno
3496,Pampeana,3,propietario de la vivienda y el terreno
3497,Patagonia,1,propietario de la vivienda y el terreno
3498,Patagonia,1,inquilino o arrendatario
3499,Noroeste,1,propietario de la vivienda y el terreno
3500,Noroeste,7,propietario de la vivienda y el terreno
3501,Pampeana,1,propietario de la vivienda y el terreno
3502,Pampeana,1,inquilino o arrendatario
3503,Noroeste,5,propietario de la vivienda y el terreno
3504,Noroeste,4,propietario de la vivienda y el terreno
3505,Gran Buenos Aires,2,propietario de la vivienda y el terreno
3506,Pampeana,7,propietario de la vivienda y el terreno
3507,Pampeana,4,propietario de la vivienda y el terreno
3508,Pampeana,3,inquilino o arrendatario
3509,Patagonia,3,propietario de la vivienda y el terreno
3510,Patagonia,3,propietario de la vivienda y el terreno
3511,Patagonia,1,inquilino o arrendatario
3512,Patagonia,3,inquilino o arrendatario
3513,Noreste,1,propietario de la vivienda y el terreno
3514,Noreste,2,propietario de la vivienda y el terreno
3515,Pampeana,2,propietario de la vivienda y el terreno
3516,Gran Buenos Aires,2,inquilino o arrendatario
3517,Gran Buenos Aires,4,propietario de la vivienda y el terreno
3518,Gran Buenos Aires,2,propietario de la vivienda y el terreno
3519,Gran Buenos Aires,4,propietario de la vivienda y el terreno
3520,Gran Buenos Aires,2,propietario de la vivienda y el terreno
3521,Pampeana,5,propietario de la vivienda y el terreno
3522,Pampeana,3,propietario de la vivienda y el terreno
3523,Pampeana,1,inquilino o arrendatario
3524,Pampeana,4,propietario de la vivienda y el terreno
3525,Noroeste,5,propietario de la vivienda solamente
3526,Noroeste,3,"ocupante gratuito, con permiso"
3527,Noroeste,9,propietario de la vivienda solamente
3528,Pampeana,2,"ocupante gratuito, con permiso"
3529,Noroeste,2,propietario de la vivienda y el terreno
3530,Pampeana,1,propietario de la vivienda y el terreno
3531,Gran Buenos Aires,2,inquilino o arrendatario
3532,Gran Buenos Aires,1,ocupante por pago de impuestos o expensas
3533,Gran Buenos Aires,2,propietario de la vivienda y el terreno
3534,Gran Buenos Aires,1,inquilino o arrendatario
3535,Gran Buenos Aires,1,propietario de la vivienda solamente
3536,Gran Buenos Aires,1,inquilino o arrendatario
3537,Gran Buenos Aires,1,propietario de la vivienda y el terreno
3538,Patagonia,4,"ocupante gratuito, con permiso"
3539,Patagonia,2,inquilino o arrendatario
3540,Noreste,2,propietario de la vivienda solamente
3541,Noreste,2,propietario de la vivienda y el terreno
3542,Noreste,3,propietario de la vivienda y el terreno
3543,Noreste,3,propietario de la vivienda y el terreno
3544,Noreste,4,propietario de la vivienda y el terreno
3545,Patagonia,2,propietario de la vivienda y el terreno
3546,Patagonia,2,propietario de la vivienda y el terreno
3547,Patagonia,1,inquilino o arrendatario
3548,Pampeana,2,propietario de la vivienda y el terreno
3549,Pampeana,2,propietario de la vivienda y el terreno
3550,Pampeana,1,propietario de la vivienda y el terreno
3551,Pampeana,5,propietario de la vivienda y el terreno
3552,Patagonia,1,propietario de la vivienda y el terreno
3553,Patagonia,1,propietario de la vivienda y el terreno
3554,Patagonia,2,inquilino o arrendatario
3555,Patagonia,1,inquilino o arrendatario
3556,Patagonia,2,"ocupante gratuito, con permiso"
3557,Pampeana,4,inquilino o arrendatario
3558,Pampeana,4,propietario de la vivienda y el terreno
3559,Pampeana,2,propietario de la vivienda y el terreno
3560,Noreste,4,"ocupante gratuito, con permiso"
3561,Noroeste,3,propietario de la vivienda y el terreno
3562,Noroeste,4,propietario de la vivienda y el terreno
3563,Noroeste,1,propietario de la vivienda y el terreno
3564,Noroeste,4,"ocupante gratuito, con permiso"
3565,Noroeste,5,propietario de la vivienda y el terreno
3566,Noroeste,2,propietario de la vivienda y el terreno
3567,Noroeste,1,inquilino o arrendatario
3568,Noroeste,3,propietario de la vivienda y el terreno
3569,Noroeste,4,propietario de la vivienda y el terreno
3570,Noroeste,5,propietario de la vivienda y el terreno
3571,Noroeste,4,propietario de la vivienda y el terreno
3572,Noroeste,2,propietario de la vivienda y el terreno
3573,Noroeste,1,inquilino o arrendatario
3574,Noroeste,2,inquilino o arrendatario
3575,Cuyo,1,propietario de la vivienda y el terreno
3576,Cuyo,4,inquilino o arrendatario
3577,Cuyo,5,inquilino o arrendatario
3578,Cuyo,1,propietario de la vivienda y el terreno
3579,Cuyo,3,propietario de la vivienda y el terreno
3580,Cuyo,3,propietario de la vivienda y el terreno
3581,Noreste,3,propietario de la vivienda y el terreno
3582,Pampeana,4,propietario de la vivienda y el terreno
3583,Pampeana,2,propietario de la vivienda y el terreno
3584,Pampeana,1,inquilino o arrendatario
3585,Pampeana,2,propietario de la vivienda y el terreno
3586,Pampeana,2,inquilino o arrendatario
3587,Pampeana,3,"ocupante gratuito, con permiso"
3588,Pampeana,1,propietario de la vivienda y el terreno
3589,Pampeana,1,inquilino o arrendatario
3590,Noreste,2,"ocupante gratuito, con permiso"
3591,Noreste,3,propietario de la vivienda y el terreno
3592,Noreste,2,propietario de la vivienda y el terreno
3593,Noreste,3,propietario de la vivienda y el terreno
3594,Noreste,2,en sucesión
3595,Noreste,3,propietario de la vivienda solamente
3596,Noreste,3,inquilino o arrendatario
3597,Noreste,2,propietario de la vivienda y el terreno
3598,Noreste,1,inquilino o arrendatario
3599,Noreste,2,propietario de la vivienda y el terreno
3600,Noreste,5,"ocupante gratuito, con permiso"
3601,Noreste,4,propietario de la vivienda y el terreno
3602,Noreste,2,inquilino o arrendatario
3603,Noroeste,6,propietario de la vivienda y el terreno
3604,Noroeste,4,inquilino o arrendatario
3605,Gran Buenos Aires,1,propietario de la vivienda y el terreno
3606,Pampeana,1,propietario de la vivienda y el terreno
3607,Pampeana,2,propietario de la vivienda y el terreno
3608,Pampeana,1,propietario de la vivienda y el terreno
3609,Pampeana,6,propietario de la vivienda y el terreno
3610,Pampeana,1,inquilino o arrendatario
3611,Pampeana,3,inquilino o arrendatario
3612,Pampeana,3,inquilino o arrendatario
3613,Pampeana,2,propietario de la vivienda y el terreno
3614,Pampeana,3,propietario de la vivienda solamente
3615,Pampeana,2,propietario de la vivienda y el terreno
3616,Noroeste,4,propietario de la vivienda y el terreno
3617,Noroeste,3,propietario de la vivienda y el terreno
3618,Noroeste,5,propietario de la vivienda y el terreno
3619,Noroeste,2,inquilino o arrendatario
3620,Pampeana,3,propietario de la vivienda y el terreno
3621,Pampeana,3,propietario de la vivienda y el terreno
3622,Pampeana,3,inquilino o arrendatario
3623,Pampeana,1,propietario de la vivienda y el terreno
3624,Pampeana,1,propietario de la vivienda y el terreno
3625,Pampeana,1,inquilino o arrendatario
3626,Pampeana,1,propietario de la vivienda y el terreno
3627,Noroeste,5,propietario de la vivienda y el terreno
3628,Noroeste,1,propietario de la vivienda y el terreno
3629,Noroeste,3,propietario de la vivienda y el terreno
3630,Noroeste,2,propietario de la vivienda y el terreno
3631,Noroeste,7,propietario de la vivienda y el terreno
3632,Noroeste,4,propietario de la vivienda y el terreno
3633,Noroeste,8,propietario de la vivienda y el terreno
3634,Noroeste,4,"ocupante gratuito, con permiso"
3635,Noroeste,2,propietario de la vivienda y el terreno
3636,Noroeste,3,propietario de la vivienda y el terreno
3637,Pampeana,1,ocupante por pago de impuestos o expensas
3638,Pampeana,1,propietario de la vivienda y el terreno
3639,Pampeana,3,propietario de la vivienda y el terreno
3640,Pampeana,3,propietario de la vivienda y el terreno
3641,Pampeana,3,propietario de la vivienda y el terreno
3642,Noroeste,4,inquilino o arrendatario
3643,Noroeste,14,propietario de la vivienda solamente
3644,Noroeste,4,propietario de la vivienda y el terreno
3645,Noroeste,2,"ocupante gratuito, con permiso"
3646,Noroeste,2,inquilino o arrendatario
3647,Noroeste,7,propietario de la vivienda y el terreno
3648,Noroeste,5,propietario de la vivienda solamente
3649,Gran Buenos Aires,2,propietario de la vivienda y el terreno
3650,Gran Buenos Aires,5,"ocupante gratuito, con permiso"
3651,Gran Buenos Aires,4,ocupante por pago de impuestos o expensas
3652,Noreste,6,propietario de la vivienda y el terreno
3653,Noreste,4,propietario de la vivienda y el terreno
3654,Noreste,4,propietario de la vivienda y el terreno
3655,Pampeana,1,ocupante por pago de impuestos o expensas
3656,Pampeana,2,inquilino o arrendatario
3657,Pampeana,1,inquilino o arrendatario
3658,Pampeana,4,"ocupante gratuito, con permiso"
3659,Pampeana,2,ocupante por pago de impuestos o expensas
3660,Pampeana,3,inquilino o arrendatario
3661,Pampeana,5,inquilino o arrendatario
3662,Pampeana,3,propietario de la vivienda y el terreno
3663,Pampeana,1,propietario de la vivienda y el terreno
3664,Pampeana,1,propietario de la vivienda y el terreno
3665,Pampeana,2,inquilino o arrendatario
3666,Pampeana,3,propietario de la vivienda solamente
3667,Patagonia,1,inquilino o arrendatario
3668,Patagonia,5,inquilino o arrendatario
3669,Noroeste,2,propietario de la vivienda solamente
3670,Noroeste,1,inquilino o arrendatario
3671,Pampeana,1,inquilino o arrendatario
3672,Pampeana,1,inquilino o arrendatario
3673,Pampeana,1,inquilino o arrendatario
3674,Pampeana,4,propietario de la vivienda y el terreno
3675,Pampeana,1,propietario de la vivienda y el terreno
3676,Pampeana,4,propietario de la vivienda y el terreno
3677,Gran Buenos Aires,1,inquilino o arrendatario
3678,Pampeana,1,propietario de la vivienda y el terreno
3679,Pampeana,2,propietario de la vivienda solamente
3680,Pampeana,1,propietario de la vivienda y el terreno
3681,Pampeana,1,propietario de la vivienda y el terreno
3682,Pampeana,2,inquilino o arrendatario
3683,Pampeana,5,"ocupante de hecho, sin permiso"
3684,Pampeana,2,propietario de la vivienda solamente
3685,Noreste,4,propietario de la vivienda y el terreno
3686,Noreste,5,propietario de la vivienda y el terreno
3687,Noreste,8,propietario de la vivienda y el terreno
3688,Noroeste,3,inquilino o arrendatario
3689,Noroeste,3,propietario de la vivienda y el terreno
3690,Noroeste,5,propietario de la vivienda y el terreno
3691,Noroeste,4,propietario de la vivienda y el terreno
3692,Noroeste,2,propietario de la vivienda y el terreno
3693,Noroeste,2,propietario de la vivienda y el terreno
3694,Noroeste,3,propietario de la vivienda y el terreno
3695,Noroeste,2,inquilino o arrendatario
3696,Noroeste,4,propietario de la vivienda y el terreno
3697,Noroeste,6,propietario de la vivienda y el terreno
3698,Noroeste,2,propietario de la vivienda y el terreno
3699,Noroeste,2,"ocupante gratuito, con permiso"
3700,Noreste,4,propietario de la vivienda y el terreno
3701,Noreste,4,propietario de la vivienda y el terreno
3702,Noreste,4,propietario de la vivienda y el terreno
3703,Noreste,4,propietario de la vivienda y el terreno
3704,Noreste,5,propietario de la vivienda y el terreno
3705,Noreste,3,propietario de la vivienda solamente
3706,Noreste,2,propietario de la vivienda y el terreno
3707,Noreste,2,propietario de la vivienda y el terreno
3708,Cuyo,4,inquilino o arrendatario
3709,Cuyo,4,propietario de la vivienda y el terreno
3710,Cuyo,1,propietario de la vivienda y el terreno
3711,Cuyo,6,propietario de la vivienda y el terreno
3712,Cuyo,2,"ocupante gratuito, con permiso"
3713,Cuyo,3,"ocupante gratuito, con permiso"
3714,Cuyo,5,inquilino o arrendatario
3715,Cuyo,4,propietario de la vivienda y el terreno
3716,Cuyo,1,propietario de la vivienda y el terreno
3717,Cuyo,2,propietario de la vivienda y el terreno
3718,Noroeste,4,inquilino o arrendatario
3719,Noroeste,1,propietario de la vivienda solamente
3720,Noroeste,5,propietario de la vivienda y el terreno
3721,Noroeste,7,propietario de la vivienda solamente
3722,Patagonia,3,propietario de la vivienda y el terreno
3723,Patagonia,1,"ocupante gratuito, con permiso"
3724,Patagonia,5,propietario de la vivienda y el terreno
3725,Patagonia,2,propietario de la vivienda y el terreno
3726,Noreste,1,propietario de la vivienda y el terreno
3727,Noreste,2,propietario de la vivienda y el terreno
3728,Noreste,2,propietario de la vivienda y el terreno
3729,Noreste,1,propietario de la vivienda y el terreno
3730,Noreste,1,propietario de la vivienda y el terreno
3731,Cuyo,3,propietario de la vivienda y el terreno
3732,Cuyo,1,en sucesión
3733,Cuyo,5,propietario de la vivienda y el terreno
3734,Cuyo,3,propietario de la vivienda y el terreno
3735,Cuyo,2,inquilino o arrendatario
3736,Cuyo,1,inquilino o arrendatario
3737,Noreste,3,propietario de la vivienda y el terreno
3738,Noreste,2,inquilino o arrendatario
3739,Noreste,1,propietario de la vivienda y el terreno
3740,Noreste,5,propietario de la vivienda y el terreno
3741,Patagonia,3,propietario de la vivienda y el terreno
3742,Patagonia,2,propietario de la vivienda y el terreno
3743,Patagonia,2,inquilino o arrendatario
3744,Gran Buenos Aires,4,propietario de la vivienda y el terreno
3745,Gran Buenos Aires,1,inquilino o arrendatario
3746,Gran Buenos Aires,4,propietario de la vivienda y el terreno
3747,Gran Buenos Aires,1,propietario de la vivienda y el terreno
3748,Gran Buenos Aires,1,propietario de la vivienda y el terreno
3749,Pampeana,4,propietario de la vivienda y el terreno
3750,Pampeana,1,propietario de la vivienda y el terreno
3751,Pampeana,4,"ocupante gratuito, con permiso"
3752,Pampeana,2,en sucesión
3753,Cuyo,2,propietario de la vivienda y el terreno
3754,Cuyo,2,propietario de la vivienda y el terreno
3755,Cuyo,7,propietario de la vivienda y el terreno
3756,Cuyo,3,inquilino o arrendatario
3757,Gran Buenos Aires,3,inquilino o arrendatario
3758,Gran Buenos Aires,1,propietario de la vivienda y el terreno
3759,Gran Buenos Aires,3,inquilino o arrendatario
3760,Gran Buenos Aires,3,inquilino o arrendatario
3761,Gran Buenos Aires,4,propietario de la vivienda y el terreno
3762,Gran Buenos Aires,4,propietario de la vivienda y el terreno
3763,Gran Buenos Aires,2,inquilino o arrendatario
3764,Gran Buenos Aires,1,propietario de la vivienda y el terreno
3765,Gran Buenos Aires,1,inquilino o arrendatario
3766,Pampeana,5,propietario de la vivienda y el terreno
3767,Pampeana,4,propietario de la vivienda y el terreno
3768,Pampeana,2,propietario de la vivienda y el terreno
3769,Pampeana,5,propietario de la vivienda y el terreno
3770,Pampeana,3,propietario de la vivienda y el terreno
3771,Pampeana,1,propietario de la vivienda y el terreno
3772,Cuyo,1,inquilino o arrendatario
3773,Cuyo,2,propietario de la vivienda y el terreno
3774,Cuyo,1,propietario de la vivienda solamente
3775,Cuyo,2,propietario de la vivienda y el terreno
3776,Pampeana,2,inquilino o arrendatario
3777,Pampeana,1,inquilino o arrendatario
3778,Pampeana,1,ocupante por pago de impuestos o expensas
3779,Pampeana,2,inquilino o arrendatario
3780,Pampeana,1,propietario de la vivienda y el terreno
3781,Pampeana,6,"ocupante gratuito, con permiso"
3782,Gran Buenos Aires,1,inquilino o arrendatario
3783,Gran Buenos Aires,4,propietario de la vivienda y el terreno
3784,Gran Buenos Aires,2,propietario de la vivienda y el terreno
3785,Gran Buenos Aires,2,propietario de la vivienda y el terreno
3786,Gran Buenos Aires,5,propietario de la vivienda y el terreno
3787,Gran Buenos Aires,4,propietario de la vivienda y el terreno
3788,Gran Buenos Aires,2,"ocupante gratuito, con permiso"
3789,Gran Buenos Aires,2,propietario de la vivienda y el terreno
3790,Gran Buenos Aires,2,propietario de la vivienda y el terreno
3791,Gran Buenos Aires,1,inquilino o arrendatario
3792,Gran Buenos Aires,3,propietario de la vivienda y el terreno
3793,Gran Buenos Aires,1,propietario de la vivienda y el terreno
3794,Gran Buenos Aires,4,propietario de la vivienda y el terreno
3795,Gran Buenos Aires,3,inquilino o arrendatario
3796,Gran Buenos Aires,2,ocupante por pago de impuestos o expensas
3797,Gran Buenos Aires,2,propietario de la vivienda y el terreno
3798,Gran Buenos Aires,7,inquilino o arrendatario
3799,Gran Buenos Aires,4,propietario de la vivienda y el terreno
3800,Gran Buenos Aires,3,propietario de la vivienda y el terreno
3801,Gran Buenos Aires,4,propietario de la vivienda y el terreno
3802,Gran Buenos Aires,2,"ocupante gratuito, con permiso"
3803,Gran Buenos Aires,5,ocupante por pago de impuestos o expensas
3804,Gran Buenos Aires,8,propietario de la vivienda solamente
3805,Gran Buenos Aires,3,inquilino o arrendatario
3806,Pampeana,2,propietario de la vivienda y el terreno
3807,Pampeana,3,propietario de la vivienda y el terreno
3808,Pampeana,1,propietario de la vivienda y el terreno
3809,Pampeana,2,propietario de la vivienda y el terreno
3810,Gran Buenos Aires,3,ocupante en relación de dependencia
3811,Gran Buenos Aires,1,inquilino o arrendatario
3812,Gran Buenos Aires,3,inquilino o arrendatario
3813,Gran Buenos Aires,1,inquilino o arrendatario
3814,Gran Buenos Aires,2,propietario de la vivienda y el terreno
3815,Gran Buenos Aires,1,"ocupante gratuito, con permiso"
3816,Gran Buenos Aires,2,propietario de la vivienda y el terreno
3817,Gran Buenos Aires,1,ocupante por pago de impuestos o expensas
3818,Gran Buenos Aires,3,propietario de la vivienda y el terreno
3819,Gran Buenos Aires,2,propietario de la vivienda solamente
3820,Gran Buenos Aires,1,ocupante por pago de impuestos o expensas
3821,Gran Buenos Aires,4,propietario de la vivienda y el terreno
3822,Noreste,3,propietario de la vivienda y el terreno
3823,Noreste,5,propietario de la vivienda y el terreno
3824,Noreste,1,propietario de la vivienda y el terreno
3825,Patagonia,5,ocupante por pago de impuestos o expensas
3826,Patagonia,4,inquilino o arrendatario
3827,Patagonia,2,inquilino o arrendatario
3828,Patagonia,4,propietario de la vivienda y el terreno
3829,Patagonia,2,propietario de la vivienda y el terreno
3830,Noroeste,4,inquilino o arrendatario
3831,Noroeste,4,propietario de la vivienda y el terreno
3832,Noroeste,1,propietario de la vivienda y el terreno
3833,Pampeana,1,propietario de la vivienda y el terreno
3834,Pampeana,2,inquilino o arrendatario
3835,Pampeana,3,propietario de la vivienda y el terreno
3836,Pampeana,3,inquilino o arrendatario
3837,Pampeana,2,inquilino o arrendatario
3838,Noroeste,3,propietario de la vivienda y el terreno
3839,Noroeste,6,propietario de la vivienda y el terreno
3840,Noroeste,1,propietario de la vivienda y el terreno
3841,Noroeste,1,propietario de la vivienda y el terreno
3842,Noroeste,5,propietario de la vivienda y el terreno
3843,Noroeste,1,propietario de la vivienda y el terreno
3844,Noroeste,9,inquilino o arrendatario
3845,Cuyo,8,propietario de la vivienda y el terreno
3846,Cuyo,2,propietario de la vivienda y el terreno
3847,Cuyo,3,propietario de la vivienda y el terreno
3848,Cuyo,3,propietario de la vivienda y el terreno
3849,Cuyo,5,"ocupante gratuito, con permiso"
3850,Cuyo,5,inquilino o arrendatario
3851,Cuyo,1,propietario de la vivienda y el terreno
3852,Noroeste,3,inquilino o arrendatario
3853,Noroeste,2,propietario de la vivienda y el terreno
3854,Noroeste,4,propietario de la vivienda solamente
3855,Noroeste,1,inquilino o arrendatario
3856,Noroeste,1,inquilino o arrendatario
3857,Patagonia,1,inquilino o arrendatario
3858,Noroeste,7,propietario de la vivienda y el terreno
3859,Pampeana,2,propietario de la vivienda y el terreno
3860,Pampeana,2,inquilino o arrendatario
3861,Pampeana,5,en sucesión
3862,Pampeana,1,propietario de la vivienda y el terreno
3863,Pampeana,2,propietario de la vivienda solamente
3864,Pampeana,3,propietario de la vivienda y el terreno
3865,Noroeste,4,propietario de la vivienda y el terreno
3866,Noroeste,3,inquilino o arrendatario
3867,Pampeana,1,propietario de la vivienda y el terreno
3868,Pampeana,4,propietario de la vivienda y el terreno
3869,Noreste,1,propietario de la vivienda y el terreno
3870,Noreste,4,propietario de la vivienda y el terreno
3871,Noreste,3,propietario de la vivienda y el terreno
3872,Pampeana,1,propietario de la vivienda y el terreno
3873,Pampeana,3,propietario de la vivienda y el terreno
3874,Noreste,4,propietario de la vivienda y el terreno
3875,Pampeana,3,propietario de la vivienda y el terreno
3876,Pampeana,4,propietario de la vivienda y el terreno
3877,Pampeana,3,propietario de la vivienda y el terreno
3878,Noreste,4,propietario de la vivienda y el terreno
3879,Noreste,2,propietario de la vivienda y el terreno
3880,Patagonia,4,inquilino o arrendatario
3881,Patagonia,1,propietario de la vivienda y el terreno
3882,Patagonia,4,propietario de la vivienda y el terreno
3883,Patagonia,2,ocupante por pago de impuestos o expensas
3884,Patagonia,2,"ocupante gratuito, con permiso"
3885,Patagonia,1,inquilino o arrendatario
3886,Cuyo,1,propietario de la vivienda y el terreno
3887,Cuyo,6,"ocupante gratuito, con permiso"
3888,Cuyo,4,"ocupante gratuito, con permiso"
3889,Cuyo,3,propietario de la vivienda y el terreno
3890,Cuyo,2,inquilino o arrendatario
3891,Cuyo,4,propietario de la vivienda y el terreno
3892,Cuyo,2,inquilino o arrendatario
3893,Cuyo,4,propietario de la vivienda y el terreno
3894,Cuyo,3,propietario de la vivienda y el terreno
3895,Cuyo,2,propietario de la vivienda y el terreno
3896,Cuyo,3,propietario de la vivienda y el terreno
3897,Patagonia,2,propietario de la vivienda y el terreno
3898,Patagonia,1,propietario de la vivienda y el terreno
3899,Patagonia,3,inquilino o arrendatario
3900,Patagonia,4,inquilino o arrendatario
3901,Pampeana,4,propietario de la vivienda y el terreno
3902,Gran Buenos Aires,1,propietario de la vivienda y el terreno
3903,Pampeana,4,propietario de la vivienda y el terreno
3904,Pampeana,3,propietario de la vivienda solamente
3905,Pampeana,4,propietario de la vivienda y el terreno
3906,Pampeana,1,propietario de la vivienda solamente
3907,Pampeana,5,propietario de la vivienda solamente
3908,Pampeana,2,inquilino o arrendatario
3909,Pampeana,1,inquilino o arrendatario
3910,Noroeste,2,propietario de la vivienda y el terreno
3911,Noroeste,1,propietario de la vivienda y el terreno
3912,Noroeste,3,propietario de la vivienda y el terreno
3913,Noroeste,3,"ocupante gratuito, con permiso"
3914,Noroeste,3,propietario de la vivienda y el terreno
3915,Noroeste,4,propietario de la vivienda y el terreno
3916,Patagonia,4,propietario de la vivienda y el terreno
3917,Patagonia,3,propietario de la vivienda y el terreno
3918,Patagonia,5,inquilino o arrendatario
3919,Patagonia,1,propietario de la vivienda y el terreno
3920,Noroeste,2,propietario de la vivienda y el terreno
3921,Noroeste,2,propietario de la vivienda solamente
3922,Noroeste,4,propietario de la vivienda y el terreno
3923,Pampeana,1,propietario de la vivienda y el terreno
3924,Gran Buenos Aires,2,propietario de la vivienda y el terreno
3925,Gran Buenos Aires,4,propietario de la vivienda y el terreno
3926,Gran Buenos Aires,5,"ocupante gratuito, con permiso"
3927,Gran Buenos Aires,1,propietario de la vivienda y el terreno
3928,Noreste,1,"ocupante gratuito, con permiso"
3929,Noreste,5,propietario de la vivienda y el terreno
3930,Noreste,3,propietario de la vivienda y el terreno
3931,Noreste,4,propietario de la vivienda y el terreno
3932,Noreste,4,propietario de la vivienda y el terreno
3933,Noreste,3,propietario de la vivienda y el terreno
3934,Noreste,3,propietario de la vivienda solamente
3935,Noreste,3,propietario de la vivienda y el terreno
3936,Noreste,3,propietario de la vivienda y el terreno
3937,Noreste,5,propietario de la vivienda y el terreno
3938,Gran Buenos Aires,1,propietario de la vivienda y el terreno
3939,Gran Buenos Aires,2,propietario de la vivienda y el terreno
3940,Gran Buenos Aires,4,propietario de la vivienda y el terreno
3941,Gran Buenos Aires,3,propietario de la vivienda y el terreno
3942,Gran Buenos Aires,4,propietario de la vivienda y el terreno
3943,Gran Buenos Aires,2,propietario de la vivienda y el terreno
3944,Gran Buenos Aires,4,propietario de la vivienda y el terreno
3945,Gran Buenos Aires,4,propietario de la vivienda y el terreno
3946,Patagonia,1,propietario de la vivienda y el terreno
3947,Patagonia,1,inquilino o arrendatario
3948,Patagonia,1,propietario de la vivienda y el terreno
3949,Patagonia,1,inquilino o arrendatario
3950,Patagonia,1,propietario de la vivienda y el terreno
3951,Patagonia,2,propietario de la vivienda y el terreno
3952,Pampeana,5,propietario de la vivienda y el terreno
3953,Pampeana,3,propietario de la vivienda solamente
3954,Pampeana,2,propietario de la vivienda y el terreno
3955,Pampeana,5,propietario de la vivienda y el terreno
3956,Pampeana,5,"ocupante gratuito, con permiso"
3957,Pampeana,1,propietario de la vivienda solamente
3958,Pampeana,6,"ocupante gratuito, con permiso"
3959,Pampeana,6,propietario de la vivienda y el terreno
3960,Pampeana,5,"ocupante gratuito, con permiso"
3961,Pampeana,2,inquilino o arrendatario
3962,Pampeana,2,propietario de la vivienda y el terreno
3963,Pampeana,1,inquilino o arrendatario
3964,Pampeana,2,inquilino o arrendatario
3965,Pampeana,1,inquilino o arrendatario
3966,Pampeana,1,inquilino o arrendatario
3967,Pampeana,1,inquilino o arrendatario
3968,Patagonia,2,"ocupante gratuito, con permiso"
3969,Patagonia,2,inquilino o arrendatario
3970,Pampeana,6,propietario de la vivienda y el terreno
3971,Pampeana,1,propietario de la vivienda solamente
3972,Pampeana,3,propietario de la vivienda y el terreno
3973,Noreste,5,propietario de la vivienda y el terreno
3974,Noreste,5,"ocupante gratuito, con permiso"
3975,Noreste,4,propietario de la vivienda y el terreno
3976,Noreste,1,propietario de la vivienda y el terreno
3977,Noreste,5,propietario de la vivienda y el terreno
3978,Noreste,4,propietario de la vivienda y el terreno
3979,Noreste,4,propietario de la vivienda y el terreno
3980,Gran Buenos Aires,3,inquilino o arrendatario
3981,Gran Buenos Aires,1,propietario de la vivienda y el terreno
3982,Gran Buenos Aires,3,inquilino o arrendatario
3983,Gran Buenos Aires,2,propietario de la vivienda y el terreno
3984,Cuyo,4,inquilino o arrendatario
3985,Cuyo,4,propietario de la vivienda y el terreno
3986,Pampeana,4,propietario de la vivienda solamente
3987,Gran Buenos Aires,2,propietario de la vivienda y el terreno
3988,Gran Buenos Aires,2,propietario de la vivienda y el terreno
3989,Gran Buenos Aires,4,inquilino o arrendatario
3990,Gran Buenos Aires,5,propietario de la vivienda y el terreno
3991,Gran Buenos Aires,2,propietario de la vivienda y el terreno
3992,Gran Buenos Aires,4,inquilino o arrendatario
3993,Gran Buenos Aires,3,inquilino o arrendatario
3994,Gran Buenos Aires,3,propietario de la vivienda y el terreno
3995,Gran Buenos Aires,3,ocupante en relación de dependencia
3996,Gran Buenos Aires,2,propietario de la vivienda y el terreno
3997,Gran Buenos Aires,2,propietario de la vivienda y el terreno
3998,Gran Buenos Aires,1,inquilino o arrendatario
3999,Gran Buenos Aires,1,propietario de la vivienda solamente
4000,Gran Buenos Aires,5,inquilino o arrendatario
4001,Gran Buenos Aires,3,propietario de la vivienda y el terreno
4002,Gran Buenos Aires,2,propietario de la vivienda y el terreno
4003,Gran Buenos Aires,2,en sucesión
4004,Gran Buenos Aires,3,"ocupante gratuito, con permiso"
4005,Gran Buenos Aires,5,propietario de la vivienda y el terreno
4006,Noroeste,10,propietario de la vivienda y el terreno
4007,Noroeste,4,propietario de la vivienda y el terreno
4008,Noroeste,4,ocupante por pago de impuestos o expensas
4009,Gran Buenos Aires,1,propietario de la vivienda solamente
4010,Gran Buenos Aires,2,propietario de la vivienda y el terreno
4011,Gran Buenos Aires,4,propietario de la vivienda y el terreno
4012,Gran Buenos Aires,1,propietario de la vivienda y el terreno
4013,Gran Buenos Aires,5,propietario de la vivienda y el terreno
4014,Gran Buenos Aires,2,propietario de la vivienda y el terreno
4015,Gran Buenos Aires,2,propietario de la vivienda y el terreno
4016,Gran Buenos Aires,2,inquilino o arrendatario
4017,Gran Buenos Aires,3,propietario de la vivienda y el terreno
4018,Gran Buenos Aires,3,propietario de la vivienda y el terreno
4019,Pampeana,2,propietario de la vivienda y el terreno
4020,Pampeana,1,inquilino o arrendatario
4021,Pampeana,3,propietario de la vivienda y el terreno
4022,Pampeana,4,"ocupante gratuito, con permiso"
4023,Pampeana,3,propietario de la vivienda y el terreno
4024,Patagonia,1,inquilino o arrendatario
4025,Patagonia,3,propietario de la vivienda y el terreno
4026,Patagonia,2,propietario de la vivienda solamente
4027,Patagonia,2,propietario de la vivienda y el terreno
4028,Cuyo,3,inquilino o arrendatario
4029,Cuyo,2,propietario de la vivienda y el terreno
4030,Cuyo,2,propietario de la vivienda y el terreno
4031,Cuyo,2,propietario de la vivienda y el terreno
4032,Cuyo,5,propietario de la vivienda y el terreno
4033,Gran Buenos Aires,1,propietario de la vivienda y el terreno
4034,Pampeana,2,"ocupante gratuito, con permiso"
4035,Pampeana,4,propietario de la vivienda y el terreno
4036,Pampeana,1,propietario de la vivienda y el terreno
4037,Patagonia,5,propietario de la vivienda y el terreno
4038,Patagonia,6,propietario de la vivienda y el terreno
4039,Patagonia,1,propietario de la vivienda y el terreno
4040,Patagonia,2,inquilino o arrendatario
4041,Patagonia,4,propietario de la vivienda y el terreno
4042,Patagonia,1,inquilino o arrendatario
4043,Gran Buenos Aires,5,propietario de la vivienda y el terreno
4044,Gran Buenos Aires,7,propietario de la vivienda y el terreno
4045,Pampeana,2,inquilino o arrendatario
4046,Pampeana,1,inquilino o arrendatario
4047,Pampeana,2,propietario de la vivienda y el terreno
4048,Noroeste,6,"ocupante gratuito, con permiso"
4049,Noroeste,2,"ocupante gratuito, con permiso"
4050,Noroeste,2,inquilino o arrendatario
4051,Noroeste,1,inquilino o arrendatario
4052,Noroeste,5,propietario de la vivienda y el terreno
4053,Noroeste,6,propietario de la vivienda y el terreno
4054,Noroeste,3,propietario de la vivienda y el terreno
4055,Noroeste,3,propietario de la vivienda y el terreno
4056,Noroeste,4,propietario de la vivienda y el terreno
4057,Noroeste,5,propietario de la vivienda y el terreno
4058,Cuyo,4,propietario de la vivienda y el terreno
4059,Cuyo,3,propietario de la vivienda solamente
4060,Cuyo,4,"ocupante gratuito, con permiso"
4061,Cuyo,3,propietario de la vivienda solamente
4062,Cuyo,3,inquilino o arrendatario
4063,Noroeste,1,propietario de la vivienda y el terreno
4064,Noroeste,3,ocupante por pago de impuestos o expensas
4065,Noroeste,4,ocupante por pago de impuestos o expensas
4066,Noroeste,7,ocupante por pago de impuestos o expensas
4067,Pampeana,2,propietario de la vivienda y el terreno
4068,Pampeana,5,propietario de la vivienda y el terreno
4069,Pampeana,1,propietario de la vivienda y el terreno
4070,Pampeana,1,propietario de la vivienda y el terreno
4071,Pampeana,4,propietario de la vivienda y el terreno
4072,Pampeana,7,propietario de la vivienda y el terreno
4073,Pampeana,1,propietario de la vivienda y el terreno
4074,Pampeana,4,propietario de la vivienda y el terreno
4075,Pampeana,6,propietario de la vivienda y el terreno
4076,Pampeana,1,propietario de la vivienda y el terreno
4077,Pampeana,1,ocupante por pago de impuestos o expensas
4078,Pampeana,2,propietario de la vivienda y el terreno
4079,Gran Buenos Aires,2,propietario de la vivienda y el terreno
4080,Gran Buenos Aires,2,propietario de la vivienda solamente
4081,Gran Buenos Aires,4,propietario de la vivienda solamente
4082,Gran Buenos Aires,4,inquilino o arrendatario
4083,Gran Buenos Aires,1,propietario de la vivienda y el terreno
4084,Gran Buenos Aires,2,ocupante por pago de impuestos o expensas
4085,Gran Buenos Aires,3,propietario de la vivienda solamente
4086,Gran Buenos Aires,1,propietario de la vivienda y el terreno
4087,Gran Buenos Aires,3,propietario de la vivienda y el terreno
4088,Gran Buenos Aires,1,propietario de la vivienda y el terreno
4089,Patagonia,1,inquilino o arrendatario
4090,Patagonia,1,propietario de la vivienda y el terreno
4091,Patagonia,2,propietario de la vivienda y el terreno
4092,Gran Buenos Aires,4,"ocupante gratuito, con permiso"
4093,Gran Buenos Aires,2,propietario de la vivienda solamente
4094,Gran Buenos Aires,2,propietario de la vivienda y el terreno
4095,Gran Buenos Aires,3,propietario de la vivienda y el terreno
4096,Gran Buenos Aires,5,propietario de la vivienda y el terreno
4097,Gran Buenos Aires,5,propietario de la vivienda y el terreno
4098,Gran Buenos Aires,5,propietario de la vivienda y el terreno
4099,Gran Buenos Aires,5,propietario de la vivienda y el terreno
4100,Gran Buenos Aires,2,propietario de la vivienda y el terreno
4101,Gran Buenos Aires,2,propietario de la vivienda y el terreno
4102,Gran Buenos Aires,2,inquilino o arrendatario
4103,Gran Buenos Aires,2,propietario de la vivienda y el terreno
4104,Noreste,1,"ocupante gratuito, con permiso"
4105,Noreste,4,propietario de la vivienda y el terreno
4106,Noreste,3,propietario de la vivienda y el terreno
4107,Noreste,5,propietario de la vivienda y el terreno
4108,Noroeste,6,propietario de la vivienda y el terreno
4109,Noroeste,4,propietario de la vivienda y el terreno
4110,Noroeste,6,propietario de la vivienda y el terreno
4111,Noroeste,1,propietario de la vivienda y el terreno
4112,Gran Buenos Aires,1,propietario de la vivienda y el terreno
4113,Gran Buenos Aires,1,propietario de la vivienda y el terreno
4114,Gran Buenos Aires,4,propietario de la vivienda y el terreno
4115,Gran Buenos Aires,3,inquilino o arrendatario
4116,Gran Buenos Aires,4,propietario de la vivienda y el terreno
4117,Gran Buenos Aires,7,propietario de la vivienda y el terreno
4118,Gran Buenos Aires,4,propietario de la vivienda y el terreno
4119,Gran Buenos Aires,2,propietario de la vivienda y el terreno
4120,Gran Buenos Aires,6,propietario de la vivienda y el terreno
4121,Gran Buenos Aires,2,propietario de la vivienda y el terreno
4122,Gran Buenos Aires,2,propietario de la vivienda solamente
4123,Pampeana,3,inquilino o arrendatario
4124,Pampeana,4,inquilino o arrendatario
4125,Pampeana,3,propietario de la vivienda y el terreno
4126,Pampeana,2,propietario de la vivienda y el terreno
4127,Pampeana,3,inquilino o arrendatario
4128,Pampeana,3,inquilino o arrendatario
4129,Pampeana,3,propietario de la vivienda y el terreno
4130,Pampeana,2,inquilino o arrendatario
4131,Pampeana,1,propietario de la vivienda y el terreno
4132,Pampeana,2,propietario de la vivienda y el terreno
4133,Pampeana,2,ocupante por pago de impuestos o expensas
4134,Pampeana,3,propietario de la vivienda y el terreno
4135,Pampeana,2,propietario de la vivienda y el terreno
4136,Pampeana,1,"ocupante gratuito, con permiso"
4137,Pampeana,1,propietario de la vivienda y el terreno
4138,Pampeana,1,propietario de la vivienda y el terreno
4139,Pampeana,2,propietario de la vivienda y el terreno
4140,Pampeana,2,propietario de la vivienda y el terreno
4141,Pampeana,3,inquilino o arrendatario
4142,Pampeana,1,inquilino o arrendatario
4143,Pampeana,3,propietario de la vivienda y el terreno
4144,Pampeana,2,inquilino o arrendatario
4145,Pampeana,1,propietario de la vivienda y el terreno
4146,Pampeana,3,propietario de la vivienda y el terreno
4147,Pampeana,3,inquilino o arrendatario
4148,Noreste,1,propietario de la vivienda y el terreno
4149,Noroeste,3,ocupante por pago de impuestos o expensas
4150,Gran Buenos Aires,4,inquilino o arrendatario
4151,Gran Buenos Aires,4,propietario de la vivienda y el terreno
4152,Gran Buenos Aires,5,propietario de la vivienda y el terreno
4153,Gran Buenos Aires,5,ocupante por pago de impuestos o expensas
4154,Gran Buenos Aires,4,"ocupante de hecho, sin permiso"
4155,Gran Buenos Aires,1,propietario de la vivienda y el terreno
4156,Pampeana,6,en sucesión
4157,Pampeana,1,propietario de la vivienda y el terreno
4158,Gran Buenos Aires,4,"ocupante gratuito, con permiso"
4159,Gran Buenos Aires,1,"ocupante gratuito, con permiso"
4160,Gran Buenos Aires,2,propietario de la vivienda y el terreno
4161,Patagonia,3,propietario de la vivienda y el terreno
4162,Patagonia,1,propietario de la vivienda y el terreno
4163,Patagonia,2,propietario de la vivienda y el terreno
4164,Patagonia,4,inquilino o arrendatario
4165,Patagonia,3,inquilino o arrendatario
4166,Patagonia,3,propietario de la vivienda y el terreno
4167,Patagonia,4,propietario de la vivienda y el terreno
4168,Patagonia,2,propietario de la vivienda solamente
4169,Patagonia,5,propietario de la vivienda y el terreno
4170,Patagonia,2,propietario de la vivienda y el terreno
4171,Noroeste,2,propietario de la vivienda y el terreno
4172,Noroeste,1,propietario de la vivienda y el terreno
4173,Noroeste,2,en sucesión
4174,Noroeste,2,propietario de la vivienda y el terreno
4175,Noroeste,1,inquilino o arrendatario
4176,Noroeste,1,inquilino o arrendatario
4177,Noroeste,2,ocupante por pago de impuestos o expensas
4178,Noroeste,1,ocupante por pago de impuestos o expensas
4179,Noroeste,2,propietario de la vivienda y el terreno
4180,Noroeste,1,ocupante por pago de impuestos o expensas
4181,Pampeana,3,inquilino o arrendatario
4182,Patagonia,4,inquilino o arrendatario
4183,Patagonia,1,inquilino o arrendatario
4184,Patagonia,4,propietario de la vivienda y el terreno
4185,Patagonia,3,propietario de la vivienda solamente
4186,Pampeana,4,propietario de la vivienda y el terreno
4187,Pampeana,4,propietario de la vivienda y el terreno
4188,Pampeana,1,propietario de la vivienda y el terreno
4189,Patagonia,1,inquilino o arrendatario
4190,Patagonia,3,propietario de la vivienda y el terreno
4191,Pampeana,4,propietario de la vivienda solamente
4192,Pampeana,3,propietario de la vivienda y el terreno
4193,Gran Buenos Aires,3,inquilino o arrendatario
4194,Gran Buenos Aires,1,propietario de la vivienda solamente
4195,Gran Buenos Aires,3,propietario de la vivienda y el terreno
4196,Gran Buenos Aires,3,propietario de la vivienda y el terreno
4197,Gran Buenos Aires,4,"ocupante gratuito, con permiso"
4198,Gran Buenos Aires,2,propietario de la vivienda y el terreno
4199,Gran Buenos Aires,4,propietario de la vivienda y el terreno
4200,Gran Buenos Aires,4,propietario de la vivienda y el terreno
4201,Gran Buenos Aires,5,propietario de la vivienda y el terreno
4202,Gran Buenos Aires,6,inquilino o arrendatario
4203,Gran Buenos Aires,1,propietario de la vivienda y el terreno
4204,Patagonia,3,propietario de la vivienda y el terreno
4205,Patagonia,1,propietario de la vivienda y el terreno
4206,Patagonia,2,inquilino o arrendatario
4207,Noroeste,3,propietario de la vivienda y el terreno
4208,Noroeste,4,propietario de la vivienda y el terreno
4209,Noroeste,4,propietario de la vivienda y el terreno
4210,Noroeste,4,propietario de la vivienda y el terreno
4211,Noroeste,3,propietario de la vivienda y el terreno
4212,Noroeste,4,propietario de la vivienda y el terreno
4213,Noroeste,2,propietario de la vivienda y el terreno
4214,Noroeste,1,propietario de la vivienda y el terreno
4215,Noroeste,3,inquilino o arrendatario
4216,Gran Buenos Aires,2,inquilino o arrendatario
4217,Gran Buenos Aires,2,propietario de la vivienda y el terreno
4218,Gran Buenos Aires,1,propietario de la vivienda solamente
4219,Noroeste,5,propietario de la vivienda y el terreno
4220,Noroeste,1,inquilino o arrendatario
4221,Noroeste,4,propietario de la vivienda y el terreno
4222,Noroeste,2,propietario de la vivienda y el terreno
4223,Noroeste,6,propietario de la vivienda y el terreno
4224,Gran Buenos Aires,4,propietario de la vivienda y el terreno
4225,Gran Buenos Aires,2,propietario de la vivienda y el terreno
4226,Pampeana,2,propietario de la vivienda y el terreno
4227,Pampeana,2,propietario de la vivienda y el terreno
4228,Pampeana,3,propietario de la vivienda y el terreno
4229,Noroeste,2,propietario de la vivienda y el terreno
4230,Noroeste,3,propietario de la vivienda y el terreno
4231,Pampeana,3,propietario de la vivienda y el terreno
4232,Pampeana,1,propietario de la vivienda y el terreno
4233,Pampeana,6,propietario de la vivienda y el terreno
4234,Cuyo,4,"ocupante gratuito, con permiso"
4235,Cuyo,2,propietario de la vivienda y el terreno
4236,Cuyo,1,ocupante por pago de impuestos o expensas
4237,Cuyo,1,propietario de la vivienda y el terreno
4238,Cuyo,6,inquilino o arrendatario
4239,Noroeste,2,inquilino o arrendatario
4240,Noroeste,1,inquilino o arrendatario
4241,Gran Buenos Aires,4,propietario de la vivienda y el terreno
4242,Gran Buenos Aires,3,ocupante por pago de impuestos o expensas
4243,Gran Buenos Aires,5,propietario de la vivienda y el terreno
4244,Gran Buenos Aires,3,ocupante por pago de impuestos o expensas
4245,Gran Buenos Aires,4,propietario de la vivienda y el terreno
4246,Gran Buenos Aires,1,"ocupante de hecho, sin permiso"
4247,Patagonia,2,propietario de la vivienda y el terreno
4248,Pampeana,2,propietario de la vivienda y el terreno
4249,Pampeana,2,propietario de la vivienda y el terreno
4250,Pampeana,2,inquilino o arrendatario
4251,Pampeana,4,propietario de la vivienda y el terreno
4252,Pampeana,1,propietario de la vivienda y el terreno
4253,Pampeana,1,inquilino o arrendatario
4254,Pampeana,2,propietario de la vivienda solamente
4255,Pampeana,4,propietario de la vivienda y el terreno
4256,Pampeana,1,propietario de la vivienda solamente
4257,Pampeana,3,en sucesión
4258,Pampeana,4,inquilino o arrendatario
4259,Pampeana,1,inquilino o arrendatario
4260,Pampeana,1,propietario de la vivienda y el terreno
4261,Pampeana,3,"ocupante gratuito, con permiso"
4262,Pampeana,4,inquilino o arrendatario
4263,Pampeana,2,inquilino o arrendatario
4264,Pampeana,2,propietario de la vivienda y el terreno
4265,Pampeana,1,propietario de la vivienda y el terreno
4266,Pampeana,6,propietario de la vivienda y el terreno
4267,Pampeana,3,inquilino o arrendatario
4268,Pampeana,1,en sucesión
4269,Pampeana,7,propietario de la vivienda y el terreno
4270,Patagonia,1,"ocupante gratuito, con permiso"
4271,Patagonia,3,inquilino o arrendatario
4272,Patagonia,3,inquilino o arrendatario
4273,Gran Buenos Aires,4,inquilino o arrendatario
4274,Gran Buenos Aires,8,propietario de la vivienda y el terreno
4275,Pampeana,2,propietario de la vivienda y el terreno
4276,Pampeana,1,propietario de la vivienda y el terreno
4277,Patagonia,2,inquilino o arrendatario
4278,Pampeana,4,propietario de la vivienda y el terreno
4279,Pampeana,3,propietario de la vivienda y el terreno
4280,Noroeste,3,inquilino o arrendatario
4281,Patagonia,2,inquilino o arrendatario
4282,Noroeste,1,inquilino o arrendatario
4283,Noroeste,3,propietario de la vivienda y el terreno
4284,Noroeste,6,propietario de la vivienda y el terreno
4285,Noroeste,2,propietario de la vivienda y el terreno
4286,Noroeste,4,propietario de la vivienda solamente
4287,Patagonia,3,"ocupante gratuito, con permiso"
4288,Patagonia,1,inquilino o arrendatario
4289,Pampeana,1,propietario de la vivienda y el terreno
4290,Noroeste,3,propietario de la vivienda y el terreno
4291,Noroeste,2,propietario de la vivienda y el terreno
4292,Pampeana,3,propietario de la vivienda y el terreno
4293,Pampeana,1,propietario de la vivienda y el terreno
4294,Pampeana,1,"ocupante gratuito, con permiso"
4295,Pampeana,5,propietario de la vivienda y el terreno
4296,Pampeana,4,propietario de la vivienda y el terreno
4297,Gran Buenos Aires,5,propietario de la vivienda y el terreno
4298,Gran Buenos Aires,2,propietario de la vivienda y el terreno
4299,Gran Buenos Aires,3,propietario de la vivienda y el terreno
4300,Gran Buenos Aires,2,propietario de la vivienda y el terreno
4301,Gran Buenos Aires,1,propietario de la vivienda y el terreno
4302,Gran Buenos Aires,2,propietario de la vivienda y el terreno
4303,Gran Buenos Aires,1,inquilino o arrendatario
4304,Gran Buenos Aires,3,propietario de la vivienda y el terreno
4305,Gran Buenos Aires,4,propietario de la vivienda y el terreno
4306,Gran Buenos Aires,1,propietario de la vivienda y el terreno
4307,Gran Buenos Aires,3,propietario de la vivienda y el terreno
4308,Gran Buenos Aires,4,propietario de la vivienda y el terreno
4309,Gran Buenos Aires,3,"ocupante gratuito, con permiso"
4310,Gran Buenos Aires,3,inquilino o arrendatario
4311,Gran Buenos Aires,5,propietario de la vivienda y el terreno
4312,Gran Buenos Aires,3,propietario de la vivienda y el terreno
4313,Gran Buenos Aires,2,propietario de la vivienda y el terreno
4314,Cuyo,2,propietario de la vivienda y el terreno
4315,Noroeste,5,propietario de la vivienda solamente
4316,Gran Buenos Aires,6,propietario de la vivienda y el terreno
4317,Gran Buenos Aires,5,propietario de la vivienda y el terreno
4318,Gran Buenos Aires,2,propietario de la vivienda y el terreno
4319,Gran Buenos Aires,1,ocupante por pago de impuestos o expensas
4320,Gran Buenos Aires,2,propietario de la vivienda y el terreno
4321,Pampeana,4,propietario de la vivienda y el terreno
4322,Pampeana,4,propietario de la vivienda y el terreno
4323,Pampeana,3,propietario de la vivienda solamente
4324,Pampeana,2,inquilino o arrendatario
4325,Pampeana,2,propietario de la vivienda y el terreno
4326,Pampeana,6,inquilino o arrendatario
4327,Pampeana,3,propietario de la vivienda y el terreno
4328,Pampeana,1,inquilino o arrendatario
4329,Pampeana,1,propietario de la vivienda y el terreno
4330,Pampeana,6,propietario de la vivienda y el terreno
4331,Pampeana,4,en sucesión
4332,Pampeana,4,"ocupante gratuito, con permiso"
4333,Pampeana,4,propietario de la vivienda y el terreno
4334,Noreste,4,propietario de la vivienda y el terreno
4335,Cuyo,1,propietario de la vivienda y el terreno
4336,Pampeana,6,propietario de la vivienda y el terreno
4337,Pampeana,6,ocupante por pago de impuestos o expensas
4338,Pampeana,5,propietario de la vivienda solamente
4339,Pampeana,1,inquilino o arrendatario
4340,Pampeana,1,inquilino o arrendatario
4341,Pampeana,5,inquilino o arrendatario
4342,Pampeana,3,inquilino o arrendatario
4343,Pampeana,1,inquilino o arrendatario
4344,Pampeana,1,propietario de la vivienda y el terreno
4345,Pampeana,3,inquilino o arrendatario
4346,Pampeana,1,propietario de la vivienda y el terreno
4347,Pampeana,1,"ocupante gratuito, con permiso"
4348,Pampeana,3,propietario de la vivienda y el terreno
4349,Pampeana,4,"ocupante gratuito, con permiso"
4350,Pampeana,4,propietario de la vivienda y el terreno
4351,Pampeana,2,propietario de la vivienda y el terreno
4352,Pampeana,1,propietario de la vivienda y el terreno
4353,Pampeana,1,inquilino o arrendatario
4354,Pampeana,4,propietario de la vivienda y el terreno
4355,Pampeana,2,propietario de la vivienda y el terreno
4356,Pampeana,1,propietario de la vivienda y el terreno
4357,Noroeste,2,ocupante por pago de impuestos o expensas
4358,Gran Buenos Aires,6,propietario de la vivienda solamente
4359,Gran Buenos Aires,2,inquilino o arrendatario
4360,Gran Buenos Aires,4,"ocupante gratuito, con permiso"
4361,Gran Buenos Aires,2,propietario de la vivienda y el terreno
4362,Gran Buenos Aires,3,propietario de la vivienda y el terreno
4363,Gran Buenos Aires,2,inquilino o arrendatario
4364,Gran Buenos Aires,1,inquilino o arrendatario
4365,Gran Buenos Aires,1,propietario de la vivienda y el terreno
4366,Patagonia,4,propietario de la vivienda y el terreno
4367,Patagonia,3,inquilino o arrendatario
4368,Patagonia,1,inquilino o arrendatario
4369,Patagonia,2,inquilino o arrendatario
4370,Patagonia,1,"ocupante gratuito, con permiso"
4371,Patagonia,3,propietario de la vivienda y el terreno
4372,Patagonia,4,propietario de la vivienda y el terreno
4373,Patagonia,1,ocupante en relación de dependencia
4374,Patagonia,5,propietario de la vivienda y el terreno
4375,Patagonia,2,propietario de la vivienda y el terreno
4376,Gran Buenos Aires,4,propietario de la vivienda y el terreno
4377,Gran Buenos Aires,3,inquilino o arrendatario
4378,Gran Buenos Aires,5,propietario de la vivienda solamente
4379,Gran Buenos Aires,1,propietario de la vivienda y el terreno
4380,Patagonia,4,propietario de la vivienda y el terreno
4381,Cuyo,2,inquilino o arrendatario
4382,Cuyo,1,propietario de la vivienda y el terreno
4383,Cuyo,3,"ocupante gratuito, con permiso"
4384,Cuyo,1,propietario de la vivienda y el terreno
4385,Cuyo,2,propietario de la vivienda y el terreno
4386,Noroeste,2,propietario de la vivienda y el terreno
4387,Patagonia,1,propietario de la vivienda y el terreno
4388,Patagonia,2,propietario de la vivienda y el terreno
4389,Patagonia,3,propietario de la vivienda y el terreno
4390,Patagonia,2,propietario de la vivienda y el terreno
4391,Patagonia,1,inquilino o arrendatario
4392,Patagonia,2,propietario de la vivienda solamente
4393,Patagonia,2,propietario de la vivienda y el terreno
4394,Patagonia,2,inquilino o arrendatario
4395,Gran Buenos Aires,2,propietario de la vivienda y el terreno
4396,Gran Buenos Aires,3,propietario de la vivienda y el terreno
4397,Gran Buenos Aires,3,propietario de la vivienda y el terreno
4398,Gran Buenos Aires,1,propietario de la vivienda y el terreno
4399,Gran Buenos Aires,3,"ocupante gratuito, con permiso"
4400,Gran Buenos Aires,2,propietario de la vivienda solamente
4401,Gran Buenos Aires,3,propietario de la vivienda solamente
4402,Pampeana,3,en sucesión
4403,Pampeana,2,propietario de la vivienda y el terreno
4404,Pampeana,3,inquilino o arrendatario
4405,Pampeana,2,inquilino o arrendatario
4406,Pampeana,3,propietario de la vivienda y el terreno
4407,Noroeste,5,propietario de la vivienda y el terreno
4408,Noroeste,3,propietario de la vivienda y el terreno
4409,Noroeste,1,propietario de la vivienda y el terreno
4410,Noroeste,4,propietario de la vivienda y el terreno
4411,Noroeste,6,propietario de la vivienda y el terreno
4412,Noroeste,2,inquilino o arrendatario
4413,Noroeste,4,propietario de la vivienda y el terreno
4414,Noroeste,4,propietario de la vivienda y el terreno
4415,Noroeste,3,propietario de la vivienda y el terreno
4416,Noroeste,5,propietario de la vivienda y el terreno
4417,Cuyo,4,propietario de la vivienda solamente
4418,Cuyo,2,propietario de la vivienda y el terreno
4419,Cuyo,3,propietario de la vivienda solamente
4420,Cuyo,3,inquilino o arrendatario
4421,Cuyo,5,en sucesión
4422,Cuyo,6,en sucesión
4423,Cuyo,2,propietario de la vivienda y el terreno
4424,Noroeste,5,propietario de la vivienda y el terreno
4425,Gran Buenos Aires,1,propietario de la vivienda y el terreno
4426,Gran Buenos Aires,4,propietario de la vivienda y el terreno
4427,Pampeana,1,propietario de la vivienda y el terreno
4428,Pampeana,1,inquilino o arrendatario
4429,Pampeana,2,propietario de la vivienda y el terreno
4430,Noreste,4,propietario de la vivienda y el terreno
4431,Noreste,2,propietario de la vivienda y el terreno
4432,Cuyo,3,"ocupante gratuito, con permiso"
4433,Cuyo,2,propietario de la vivienda y el terreno
4434,Cuyo,4,propietario de la vivienda y el terreno
4435,Cuyo,4,"ocupante gratuito, con permiso"
4436,Cuyo,4,propietario de la vivienda y el terreno
4437,Cuyo,4,propietario de la vivienda y el terreno
4438,Cuyo,4,inquilino o arrendatario
4439,Cuyo,4,propietario de la vivienda y el terreno
4440,Cuyo,5,"ocupante gratuito, con permiso"
4441,Cuyo,4,propietario de la vivienda y el terreno
4442,Noreste,2,propietario de la vivienda y el terreno
4443,Noreste,7,propietario de la vivienda y el terreno
4444,Noreste,3,propietario de la vivienda y el terreno
4445,Noreste,1,propietario de la vivienda y el terreno
4446,Pampeana,1,propietario de la vivienda y el terreno
4447,Pampeana,1,ocupante por pago de impuestos o expensas
4448,Pampeana,1,propietario de la vivienda y el terreno
4449,Cuyo,5,propietario de la vivienda y el terreno
4450,Cuyo,1,propietario de la vivienda y el terreno
4451,Cuyo,1,propietario de la vivienda y el terreno
4452,Cuyo,3,inquilino o arrendatario
4453,Cuyo,1,propietario de la vivienda y el terreno
4454,Noroeste,6,propietario de la vivienda y el terreno
4455,Noroeste,2,propietario de la vivienda y el terreno
4456,Noroeste,2,inquilino o arrendatario
4457,Noroeste,1,ocupante por pago de impuestos o expensas
4458,Noroeste,2,propietario de la vivienda y el terreno
4459,Noroeste,4,propietario de la vivienda y el terreno
4460,Gran Buenos Aires,2,propietario de la vivienda y el terreno
4461,Gran Buenos Aires,2,propietario de la vivienda y el terreno
4462,Noreste,5,propietario de la vivienda y el terreno
4463,Noreste,3,propietario de la vivienda y el terreno
4464,Noreste,2,propietario de la vivienda y el terreno
4465,Patagonia,3,propietario de la vivienda y el terreno
4466,Patagonia,2,inquilino o arrendatario
4467,Patagonia,2,inquilino o arrendatario
4468,Pampeana,3,propietario de la vivienda y el terreno
4469,Pampeana,2,propietario de la vivienda y el terreno
4470,Pampeana,6,propietario de la vivienda y el terreno
4471,Pampeana,3,"ocupante gratuito, con permiso"
4472,Pampeana,1,inquilino o arrendatario
4473,Pampeana,3,ocupante por pago de impuestos o expensas
4474,Pampeana,1,inquilino o arrendatario
4475,Pampeana,5,propietario de la vivienda y el terreno
4476,Pampeana,3,propietario de la vivienda y el terreno
4477,Cuyo,2,propietario de la vivienda y el terreno
4478,Cuyo,3,propietario de la vivienda y el terreno
4479,Patagonia,7,en sucesión
4480,Patagonia,1,inquilino o arrendatario
4481,Noroeste,2,propietario de la vivienda y el terreno
4482,Noroeste,2,propietario de la vivienda y el terreno
4483,Noroeste,3,propietario de la vivienda y el terreno
4484,Noroeste,3,"ocupante gratuito, con permiso"
4485,Noroeste,5,propietario de la vivienda y el terreno
4486,Noroeste,4,propietario de la vivienda y el terreno
4487,Noroeste,4,propietario de la vivienda y el terreno
4488,Noroeste,5,propietario de la vivienda y el terreno
4489,Noroeste,2,ocupante por pago de impuestos o expensas
4490,Noroeste,4,propietario de la vivienda y el terreno
4491,Noroeste,5,propietario de la vivienda y el terreno
4492,Patagonia,5,inquilino o arrendatario
4493,Patagonia,3,propietario de la vivienda y el terreno
4494,Pampeana,4,propietario de la vivienda y el terreno
4495,Pampeana,2,propietario de la vivienda y el terreno
4496,Pampeana,1,"ocupante gratuito, con permiso"
4497,Noroeste,1,propietario de la vivienda solamente
4498,Noroeste,6,propietario de la vivienda y el terreno
4499,Noroeste,3,propietario de la vivienda y el terreno
4500,Noroeste,4,propietario de la vivienda y el terreno
4501,Noroeste,5,propietario de la vivienda y el terreno
4502,Noroeste,4,propietario de la vivienda y el terreno
4503,Noroeste,5,propietario de la vivienda y el terreno
4504,Noroeste,2,propietario de la vivienda y el terreno
4505,Noroeste,3,en sucesión
4506,Noroeste,4,propietario de la vivienda y el terreno
4507,Pampeana,1,propietario de la vivienda y el terreno
4508,Pampeana,3,propietario de la vivienda y el terreno
4509,Pampeana,5,"ocupante gratuito, con permiso"
4510,Noreste,5,propietario de la vivienda y el terreno
4511,Noreste,2,propietario de la vivienda y el terreno
4512,Gran Buenos Aires,3,propietario de la vivienda y el terreno
4513,Gran Buenos Aires,5,propietario de la vivienda y el terreno
4514,Gran Buenos Aires,3,propietario de la vivienda y el terreno
4515,Gran Buenos Aires,1,propietario de la vivienda y el terreno
4516,Gran Buenos Aires,1,inquilino o arrendatario
4517,Gran Buenos Aires,3,propietario de la vivienda y el terreno
4518,Gran Buenos Aires,4,propietario de la vivienda y el terreno
4519,Gran Buenos Aires,1,propietario de la vivienda y el terreno
4520,Gran Buenos Aires,8,en sucesión
4521,Gran Buenos Aires,1,inquilino o arrendatario
4522,Gran Buenos Aires,2,propietario de la vivienda y el terreno
4523,Gran Buenos Aires,2,propietario de la vivienda y el terreno
4524,Gran Buenos Aires,3,propietario de la vivienda y el terreno
4525,Gran Buenos Aires,3,propietario de la vivienda y el terreno
4526,Gran Buenos Aires,2,propietario de la vivienda y el terreno
4527,Gran Buenos Aires,2,inquilino o arrendatario
4528,Gran Buenos Aires,2,inquilino o arrendatario
4529,Gran Buenos Aires,3,inquilino o arrendatario
4530,Gran Buenos Aires,5,propietario de la vivienda y el terreno
4531,Gran Buenos Aires,2,propietario de la vivienda solamente
4532,Gran Buenos Aires,3,propietario de la vivienda y el terreno
4533,Gran Buenos Aires,2,propietario de la vivienda y el terreno
4534,Gran Buenos Aires,4,propietario de la vivienda y el terreno
4535,Gran Buenos Aires,1,propietario de la vivienda y el terreno
4536,Noroeste,3,propietario de la vivienda y el terreno
4537,Gran Buenos Aires,3,propietario de la vivienda y el terreno
4538,Pampeana,5,propietario de la vivienda y el terreno
4539,Pampeana,2,inquilino o arrendatario
4540,Pampeana,2,propietario de la vivienda y el terreno
4541,Pampeana,2,propietario de la vivienda y el terreno
4542,Pampeana,6,propietario de la vivienda y el terreno
4543,Patagonia,1,propietario de la vivienda y el terreno
4544,Patagonia,5,propietario de la vivienda y el terreno
4545,Patagonia,1,propietario de la vivienda y el terreno
4546,Patagonia,4,propietario de la vivienda y el terreno
4547,Gran Buenos Aires,3,propietario de la vivienda y el terreno
4548,Gran Buenos Aires,2,propietario de la vivienda y el terreno
4549,Gran Buenos Aires,1,inquilino o arrendatario
4550,Gran Buenos Aires,2,inquilino o arrendatario
4551,Gran Buenos Aires,1,propietario de la vivienda y el terreno
4552,Gran Buenos Aires,4,propietario de la vivienda y el terreno
4553,Patagonia,2,inquilino o arrendatario
4554,Patagonia,1,propietario de la vivienda y el terreno
4555,Pampeana,1,propietario de la vivienda y el terreno
4556,Gran Buenos Aires,1,inquilino o arrendatario
4557,Gran Buenos Aires,2,propietario de la vivienda y el terreno
4558,Gran Buenos Aires,1,inquilino o arrendatario
4559,Gran Buenos Aires,5,inquilino o arrendatario
4560,Gran Buenos Aires,2,propietario de la vivienda y el terreno
4561,Gran Buenos Aires,1,propietario de la vivienda y el terreno
4562,Gran Buenos Aires,1,propietario de la vivienda y el terreno
4563,Patagonia,3,inquilino o arrendatario
4564,Patagonia,5,propietario de la vivienda y el terreno
4565,Patagonia,3,propietario de la vivienda y el terreno
4566,Patagonia,2,propietario de la vivienda y el terreno
4567,Patagonia,4,propietario de la vivienda y el terreno
4568,Patagonia,1,propietario de la vivienda y el terreno
4569,Patagonia,5,inquilino o arrendatario
4570,Patagonia,4,propietario de la vivienda y el terreno
4571,Pampeana,6,propietario de la vivienda y el terreno
4572,Gran Buenos Aires,4,propietario de la vivienda y el terreno
4573,Gran Buenos Aires,5,propietario de la vivienda y el terreno
4574,Gran Buenos Aires,7,propietario de la vivienda y el terreno
4575,Gran Buenos Aires,8,propietario de la vivienda y el terreno
4576,Gran Buenos Aires,1,propietario de la vivienda y el terreno
4577,Gran Buenos Aires,2,propietario de la vivienda y el terreno
4578,Cuyo,4,propietario de la vivienda y el terreno
4579,Noreste,1,"ocupante gratuito, con permiso"
4580,Noreste,4,propietario de la vivienda y el terreno
4581,Noroeste,4,inquilino o arrendatario
4582,Noroeste,2,propietario de la vivienda y el terreno
4583,Noroeste,5,propietario de la vivienda solamente
4584,Noroeste,2,propietario de la vivienda y el terreno
4585,Pampeana,2,propietario de la vivienda y el terreno
4586,Pampeana,1,"ocupante gratuito, con permiso"
4587,Pampeana,8,propietario de la vivienda y el terreno
4588,Pampeana,4,propietario de la vivienda y el terreno
4589,Pampeana,2,inquilino o arrendatario
4590,Pampeana,2,propietario de la vivienda y el terreno
4591,Cuyo,1,inquilino o arrendatario
4592,Cuyo,2,propietario de la vivienda y el terreno
4593,Cuyo,3,propietario de la vivienda y el terreno
4594,Cuyo,3,propietario de la vivienda y el terreno
4595,Cuyo,5,propietario de la vivienda y el terreno
4596,Cuyo,2,propietario de la vivienda y el terreno
4597,Cuyo,2,propietario de la vivienda y el terreno
4598,Cuyo,2,propietario de la vivienda y el terreno
4599,Cuyo,6,inquilino o arrendatario
4600,Noreste,2,propietario de la vivienda y el terreno
4601,Noreste,5,propietario de la vivienda y el terreno
4602,Noreste,4,propietario de la vivienda y el terreno
4603,Noreste,1,propietario de la vivienda solamente
4604,Noreste,3,propietario de la vivienda y el terreno
4605,Noreste,1,"ocupante gratuito, con permiso"
4606,Patagonia,2,inquilino o arrendatario
4607,Patagonia,2,propietario de la vivienda y el terreno
4608,Patagonia,3,propietario de la vivienda y el terreno
4609,Patagonia,1,propietario de la vivienda y el terreno
4610,Patagonia,1,propietario de la vivienda y el terreno
4611,Patagonia,3,ocupante por pago de impuestos o expensas
4612,Patagonia,2,propietario de la vivienda solamente
4613,Patagonia,1,propietario de la vivienda solamente
4614,Patagonia,2,propietario de la vivienda y el terreno
4615,Patagonia,4,propietario de la vivienda y el terreno
4616,Patagonia,4,propietario de la vivienda y el terreno
4617,Cuyo,5,propietario de la vivienda y el terreno
4618,Noroeste,9,propietario de la vivienda y el terreno
4619,Noroeste,1,propietario de la vivienda y el terreno
4620,Noroeste,5,ocupante por pago de impuestos o expensas
4621,Noroeste,1,propietario de la vivienda y el terreno
4622,Cuyo,1,propietario de la vivienda y el terreno
4623,Cuyo,2,propietario de la vivienda y el terreno
4624,Cuyo,2,inquilino o arrendatario
4625,Cuyo,3,inquilino o arrendatario
4626,Cuyo,2,propietario de la vivienda y el terreno
4627,Cuyo,7,ocupante en relación de dependencia
4628,Noroeste,5,propietario de la vivienda y el terreno
4629,Noroeste,2,"ocupante gratuito, con permiso"
4630,Noroeste,4,propietario de la vivienda y el terreno
4631,Noroeste,4,propietario de la vivienda y el terreno
4632,Noroeste,3,en sucesión
4633,Noroeste,1,en sucesión
4634,Noroeste,5,"ocupante gratuito, con permiso"
4635,Pampeana,1,propietario de la vivienda solamente
4636,Pampeana,1,propietario de la vivienda y el terreno
4637,Pampeana,2,inquilino o arrendatario
4638,Patagonia,1,propietario de la vivienda y el terreno
4639,Patagonia,3,inquilino o arrendatario
4640,Patagonia,2,propietario de la vivienda y el terreno
4641,Patagonia,3,"ocupante gratuito, con permiso"
4642,Patagonia,1,propietario de la vivienda y el terreno
4643,Patagonia,1,"ocupante gratuito, con permiso"
4644,Patagonia,2,propietario de la vivienda y el terreno
4645,Pampeana,2,propietario de la vivienda y el terreno
4646,Pampeana,2,otra situación
4647,Pampeana,2,propietario de la vivienda y el terreno
4648,Pampeana,1,inquilino o arrendatario
4649,Pampeana,1,propietario de la vivienda y el terreno
4650,Gran Buenos Aires,2,otra situación
4651,Gran Buenos Aires,3,propietario de la vivienda y el terreno
4652,Gran Buenos Aires,3,propietario de la vivienda y el terreno
4653,Gran Buenos Aires,2,inquilino o arrendatario
4654,Gran Buenos Aires,2,propietario de la vivienda y el terreno
4655,Gran Buenos Aires,2,en sucesión
4656,Noroeste,2,propietario de la vivienda y el terreno
4657,Noroeste,4,propietario de la vivienda y el terreno
4658,Noroeste,7,propietario de la vivienda y el terreno
4659,Noroeste,4,propietario de la vivienda y el terreno
4660,Patagonia,2,propietario de la vivienda y el terreno
4661,Noroeste,6,propietario de la vivienda y el terreno
4662,Noroeste,2,propietario de la vivienda solamente
4663,Noroeste,3,propietario de la vivienda y el terreno
4664,Noroeste,1,ocupante por pago de impuestos o expensas
4665,Noroeste,5,ocupante por pago de impuestos o expensas
4666,Pampeana,2,"ocupante gratuito, con permiso"
4667,Noroeste,1,inquilino o arrendatario
4668,Noroeste,4,propietario de la vivienda solamente
4669,Noreste,2,propietario de la vivienda y el terreno
4670,Noreste,3,propietario de la vivienda y el terreno
4671,Noreste,3,propietario de la vivienda y el terreno
4672,Noreste,2,propietario de la vivienda y el terreno
4673,Noreste,2,propietario de la vivienda y el terreno
4674,Pampeana,1,inquilino o arrendatario
4675,Pampeana,1,inquilino o arrendatario
4676,Pampeana,2,propietario de la vivienda y el terreno
4677,Pampeana,2,inquilino o arrendatario
4678,Pampeana,3,propietario de la vivienda y el terreno
4679,Pampeana,1,"ocupante gratuito, con permiso"
4680,Pampeana,1,propietario de la vivienda y el terreno
4681,Pampeana,5,propietario de la vivienda y el terreno
4682,Pampeana,2,inquilino o arrendatario
4683,Pampeana,1,inquilino o arrendatario
4684,Patagonia,3,propietario de la vivienda y el terreno
4685,Patagonia,3,inquilino o arrendatario
4686,Patagonia,4,propietario de la vivienda y el terreno
4687,Patagonia,1,inquilino o arrendatario
4688,Noroeste,4,"ocupante gratuito, con permiso"
4689,Noroeste,5,"ocupante gratuito, con permiso"
4690,Noroeste,4,propietario de la vivienda y el terreno
4691,Gran Buenos Aires,7,inquilino o arrendatario
4692,Gran Buenos Aires,1,propietario de la vivienda y el terreno
4693,Gran Buenos Aires,5,"ocupante gratuito, con permiso"
4694,Gran Buenos Aires,2,propietario de la vivienda y el terreno
4695,Pampeana,2,ocupante en relación de dependencia
4696,Pampeana,3,inquilino o arrendatario
4697,Pampeana,1,inquilino o arrendatario
4698,Pampeana,3,propietario de la vivienda y el terreno
4699,Pampeana,1,propietario de la vivienda y el terreno
4700,Pampeana,1,propietario de la vivienda y el terreno
4701,Pampeana,4,propietario de la vivienda y el terreno
4702,Cuyo,2,propietario de la vivienda y el terreno
4703,Cuyo,6,"ocupante gratuito, con permiso"
4704,Cuyo,2,en sucesión
4705,Noroeste,1,propietario de la vivienda y el terreno
4706,Noroeste,4,ocupante por pago de impuestos o expensas
4707,Noroeste,5,inquilino o arrendatario
4708,Noroeste,3,propietario de la vivienda y el terreno
4709,Patagonia,3,propietario de la vivienda y el terreno
4710,Patagonia,1,propietario de la vivienda y el terreno
4711,Patagonia,2,propietario de la vivienda y el terreno
4712,Patagonia,4,propietario de la vivienda y el terreno
4713,Pampeana,4,inquilino o arrendatario
4714,Noroeste,3,propietario de la vivienda y el terreno
4715,Noroeste,5,propietario de la vivienda y el terreno
4716,Pampeana,6,propietario de la vivienda y el terreno
4717,Pampeana,2,propietario de la vivienda y el terreno
4718,Pampeana,2,propietario de la vivienda y el terreno
4719,Pampeana,1,propietario de la vivienda y el terreno
4720,Pampeana,3,propietario de la vivienda y el terreno
4721,Pampeana,2,propietario de la vivienda y el terreno
4722,Pampeana,1,propietario de la vivienda solamente
4723,Pampeana,2,propietario de la vivienda y el terreno
4724,Gran Buenos Aires,4,propietario de la vivienda y el terreno
4725,Gran Buenos Aires,2,propietario de la vivienda y el terreno
4726,Gran Buenos Aires,1,"ocupante gratuito, con permiso"
4727,Gran Buenos Aires,3,inquilino o arrendatario
4728,Gran Buenos Aires,1,propietario de la vivienda y el terreno
4729,Gran Buenos Aires,1,propietario de la vivienda y el terreno
4730,Gran Buenos Aires,1,inquilino o arrendatario
4731,Gran Buenos Aires,2,propietario de la vivienda y el terreno
4732,Gran Buenos Aires,1,propietario de la vivienda y el terreno
4733,Gran Buenos Aires,1,inquilino o arrendatario
4734,Noreste,8,propietario de la vivienda solamente
4735,Gran Buenos Aires,3,propietario de la vivienda y el terreno
4736,Gran Buenos Aires,2,propietario de la vivienda y el terreno
4737,Gran Buenos Aires,3,propietario de la vivienda y el terreno
4738,Gran Buenos Aires,1,propietario de la vivienda y el terreno
4739,Gran Buenos Aires,3,inquilino o arrendatario
4740,Gran Buenos Aires,3,"ocupante gratuito, con permiso"
4741,Gran Buenos Aires,2,inquilino o arrendatario
4742,Gran Buenos Aires,1,propietario de la vivienda y el terreno
4743,Gran Buenos Aires,3,propietario de la vivienda y el terreno
4744,Gran Buenos Aires,5,propietario de la vivienda solamente
4745,Gran Buenos Aires,5,propietario de la vivienda y el terreno
4746,Gran Buenos Aires,1,propietario de la vivienda y el terreno
4747,Gran Buenos Aires,4,propietario de la vivienda y el terreno
4748,Gran Buenos Aires,2,propietario de la vivienda y el terreno
4749,Gran Buenos Aires,2,inquilino o arrendatario
4750,Gran Buenos Aires,5,propietario de la vivienda y el terreno
4751,Gran Buenos Aires,5,inquilino o arrendatario
4752,Gran Buenos Aires,1,inquilino o arrendatario
4753,Gran Buenos Aires,1,"ocupante gratuito, con permiso"
4754,Pampeana,4,propietario de la vivienda solamente
4755,Pampeana,1,propietario de la vivienda y el terreno
4756,Pampeana,4,propietario de la vivienda y el terreno
4757,Cuyo,4,propietario de la vivienda y el terreno
4758,Noroeste,2,propietario de la vivienda y el terreno
4759,Noroeste,3,propietario de la vivienda y el terreno
4760,Noroeste,2,propietario de la vivienda y el terreno
4761,Noroeste,5,propietario de la vivienda y el terreno
4762,Noroeste,1,inquilino o arrendatario
4763,Noroeste,3,propietario de la vivienda y el terreno
4764,Noroeste,3,inquilino o arrendatario
4765,Noroeste,3,inquilino o arrendatario
4766,Noroeste,3,propietario de la vivienda y el terreno
4767,Noroeste,2,inquilino o arrendatario
4768,Pampeana,2,inquilino o arrendatario
4769,Pampeana,5,propietario de la vivienda y el terreno
4770,Pampeana,2,propietario de la vivienda y el terreno
4771,Pampeana,1,inquilino o arrendatario
4772,Pampeana,1,ocupante por pago de impuestos o expensas
4773,Pampeana,1,inquilino o arrendatario
4774,Noroeste,3,propietario de la vivienda y el terreno
4775,Noroeste,7,propietario de la vivienda y el terreno
4776,Noroeste,9,propietario de la vivienda y el terreno
4777,Noroeste,7,propietario de la vivienda y el terreno
4778,Pampeana,2,propietario de la vivienda y el terreno
4779,Pampeana,1,inquilino o arrendatario
4780,Pampeana,1,propietario de la vivienda y el terreno
4781,Pampeana,1,"ocupante gratuito, con permiso"
4782,Pampeana,4,"ocupante gratuito, con permiso"
4783,Pampeana,2,propietario de la vivienda y el terreno
4784,Pampeana,2,propietario de la vivienda y el terreno
4785,Pampeana,1,propietario de la vivienda y el terreno
4786,Pampeana,3,propietario de la vivienda y el terreno
4787,Pampeana,2,propietario de la vivienda y el terreno
4788,Pampeana,2,propietario de la vivienda y el terreno
4789,Gran Buenos Aires,3,propietario de la vivienda y el terreno
4790,Gran Buenos Aires,4,propietario de la vivienda y el terreno
4791,Gran Buenos Aires,4,propietario de la vivienda solamente
4792,Gran Buenos Aires,2,propietario de la vivienda y el terreno
4793,Gran Buenos Aires,6,propietario de la vivienda y el terreno
4794,Gran Buenos Aires,2,propietario de la vivienda y el terreno
4795,Gran Buenos Aires,3,propietario de la vivienda y el terreno
4796,Gran Buenos Aires,5,"ocupante gratuito, con permiso"
4797,Pampeana,1,propietario de la vivienda y el terreno
4798,Pampeana,1,inquilino o arrendatario
4799,Pampeana,1,propietario de la vivienda solamente
4800,Pampeana,4,propietario de la vivienda y el terreno
4801,Pampeana,4,propietario de la vivienda y el terreno
4802,Pampeana,1,propietario de la vivienda y el terreno
4803,Pampeana,1,propietario de la vivienda y el terreno
4804,Pampeana,2,inquilino o arrendatario
4805,Pampeana,2,propietario de la vivienda y el terreno
4806,Pampeana,2,propietario de la vivienda y el terreno
4807,Pampeana,1,propietario de la vivienda y el terreno
4808,Pampeana,3,inquilino o arrendatario
4809,Pampeana,1,propietario de la vivienda y el terreno
4810,Pampeana,2,propietario de la vivienda y el terreno
4811,Pampeana,1,propietario de la vivienda y el terreno
4812,Noroeste,6,propietario de la vivienda solamente
4813,Noroeste,7,propietario de la vivienda y el terreno
4814,Noroeste,7,propietario de la vivienda y el terreno
4815,Noroeste,3,propietario de la vivienda y el terreno
4816,Pampeana,2,propietario de la vivienda y el terreno
4817,Pampeana,3,propietario de la vivienda y el terreno
4818,Pampeana,2,propietario de la vivienda y el terreno
4819,Pampeana,4,propietario de la vivienda y el terreno
4820,Pampeana,1,propietario de la vivienda y el terreno
4821,Pampeana,2,propietario de la vivienda y el terreno
4822,Patagonia,4,propietario de la vivienda y el terreno
4823,Noroeste,4,propietario de la vivienda y el terreno
4824,Noroeste,4,propietario de la vivienda y el terreno
4825,Noroeste,4,propietario de la vivienda solamente
4826,Noroeste,3,inquilino o arrendatario
4827,Noroeste,1,propietario de la vivienda y el terreno
4828,Patagonia,2,propietario de la vivienda y el terreno
4829,Patagonia,4,propietario de la vivienda solamente
4830,Patagonia,4,propietario de la vivienda y el terreno
4831,Patagonia,2,propietario de la vivienda y el terreno
4832,Patagonia,1,propietario de la vivienda y el terreno
4833,Patagonia,3,inquilino o arrendatario
4834,Patagonia,4,ocupante por pago de impuestos o expensas
4835,Patagonia,1,propietario de la vivienda y el terreno
4836,Patagonia,5,inquilino o arrendatario
4837,Patagonia,3,inquilino o arrendatario
4838,Patagonia,1,propietario de la vivienda y el terreno
4839,Patagonia,3,propietario de la vivienda y el terreno
4840,Patagonia,1,propietario de la vivienda y el terreno
4841,Cuyo,3,propietario de la vivienda y el terreno
4842,Cuyo,6,propietario de la vivienda y el terreno
4843,Cuyo,8,inquilino o arrendatario
4844,Cuyo,6,propietario de la vivienda y el terreno
4845,Noroeste,6,propietario de la vivienda y el terreno
4846,Noroeste,4,propietario de la vivienda solamente
4847,Noroeste,5,propietario de la vivienda solamente
4848,Gran Buenos Aires,1,propietario de la vivienda y el terreno
4849,Pampeana,5,inquilino o arrendatario
4850,Pampeana,2,propietario de la vivienda y el terreno
4851,Pampeana,1,inquilino o arrendatario
4852,Pampeana,3,inquilino o arrendatario
4853,Pampeana,4,inquilino o arrendatario
4854,Noroeste,2,propietario de la vivienda y el terreno
4855,Patagonia,2,propietario de la vivienda y el terreno
4856,Patagonia,2,propietario de la vivienda y el terreno
4857,Patagonia,2,inquilino o arrendatario
4858,Patagonia,3,propietario de la vivienda y el terreno
4859,Patagonia,2,propietario de la vivienda y el terreno
4860,Noroeste,1,propietario de la vivienda y el terreno
4861,Noroeste,4,propietario de la vivienda y el terreno
4862,Noroeste,5,propietario de la vivienda y el terreno
4863,Noroeste,5,propietario de la vivienda y el terreno
4864,Noroeste,3,propietario de la vivienda y el terreno
4865,Noroeste,2,"ocupante gratuito, con permiso"
4866,Noroeste,5,"ocupante gratuito, con permiso"
4867,Noroeste,2,propietario de la vivienda y el terreno
4868,Cuyo,5,propietario de la vivienda y el terreno
4869,Cuyo,3,propietario de la vivienda y el terreno
4870,Cuyo,5,"ocupante gratuito, con permiso"
4871,Cuyo,3,propietario de la vivienda y el terreno
4872,Cuyo,1,propietario de la vivienda y el terreno
4873,Cuyo,4,propietario de la vivienda solamente
4874,Cuyo,5,propietario de la vivienda y el terreno
4875,Cuyo,6,propietario de la vivienda y el terreno
4876,Cuyo,1,en sucesión
4877,Noreste,4,propietario de la vivienda y el terreno
4878,Noreste,3,propietario de la vivienda y el terreno
4879,Noreste,3,propietario de la vivienda solamente
4880,Noreste,4,propietario de la vivienda solamente
4881,Noreste,4,en sucesión
4882,Noreste,3,propietario de la vivienda y el terreno
4883,Noreste,7,propietario de la vivienda solamente
4884,Noreste,1,propietario de la vivienda solamente
4885,Noreste,3,propietario de la vivienda solamente
4886,Patagonia,3,propietario de la vivienda y el terreno
4887,Patagonia,3,inquilino o arrendatario
4888,Noroeste,4,propietario de la vivienda y el terreno
4889,Noroeste,1,ocupante por pago de impuestos o expensas
4890,Noroeste,4,propietario de la vivienda solamente
4891,Noroeste,6,propietario de la vivienda y el terreno
4892,Noroeste,4,propietario de la vivienda y el terreno
4893,Noroeste,2,propietario de la vivienda y el terreno
4894,Pampeana,2,propietario de la vivienda y el terreno
4895,Pampeana,3,propietario de la vivienda y el terreno
4896,Pampeana,1,inquilino o arrendatario
4897,Pampeana,2,propietario de la vivienda y el terreno
4898,Pampeana,3,propietario de la vivienda y el terreno
4899,Pampeana,2,inquilino o arrendatario
4900,Pampeana,3,inquilino o arrendatario
4901,Noreste,2,propietario de la vivienda y el terreno
4902,Noreste,2,inquilino o arrendatario
4903,Noreste,1,propietario de la vivienda y el terreno
4904,Noreste,4,propietario de la vivienda y el terreno
4905,Noreste,3,propietario de la vivienda y el terreno
4906,Noroeste,3,propietario de la vivienda y el terreno
4907,Noroeste,5,inquilino o arrendatario
4908,Noroeste,4,propietario de la vivienda y el terreno
4909,Noroeste,9,propietario de la vivienda y el terreno
4910,Noroeste,3,"ocupante gratuito, con permiso"
4911,Patagonia,3,propietario de la vivienda y el terreno
4912,Patagonia,1,propietario de la vivienda y el terreno
4913,Patagonia,1,inquilino o arrendatario
4914,Patagonia,1,propietario de la vivienda y el terreno
4915,Patagonia,2,propietario de la vivienda y el terreno
4916,Patagonia,4,propietario de la vivienda y el terreno
4917,Patagonia,2,propietario de la vivienda y el terreno
4918,Patagonia,4,propietario de la vivienda y el terreno
4919,Patagonia,3,inquilino o arrendatario
4920,Patagonia,4,inquilino o arrendatario
4921,Pampeana,3,inquilino o arrendatario
4922,Pampeana,2,propietario de la vivienda y el terreno
4923,Pampeana,1,propietario de la vivienda y el terreno
4924,Pampeana,2,propietario de la vivienda y el terreno
4925,Pampeana,4,propietario de la vivienda y el terreno
4926,Pampeana,2,propietario de la vivienda y el terreno
4927,Pampeana,1,inquilino o arrendatario
4928,Pampeana,2,propietario de la vivienda y el terreno
4929,Pampeana,4,propietario de la vivienda y el terreno
4930,Pampeana,1,propietario de la vivienda y el terreno
4931,Pampeana,4,propietario de la vivienda y el terreno
4932,Patagonia,1,inquilino o arrendatario
4933,Patagonia,3,propietario de la vivienda y el terreno
4934,Patagonia,1,propietario de la vivienda y el terreno
4935,Patagonia,2,propietario de la vivienda y el terreno
4936,Patagonia,2,propietario de la vivienda y el terreno
4937,Noroeste,2,propietario de la vivienda y el terreno
4938,Pampeana,1,inquilino o arrendatario
4939,Cuyo,1,propietario de la vivienda y el terreno
4940,Cuyo,1,inquilino o arrendatario
4941,Cuyo,1,inquilino o arrendatario
4942,Cuyo,1,inquilino o arrendatario
4943,Pampeana,1,propietario de la vivienda solamente
4944,Pampeana,2,inquilino o arrendatario
4945,Pampeana,1,inquilino o arrendatario
4946,Pampeana,2,"ocupante gratuito, con permiso"
4947,Pampeana,4,propietario de la vivienda y el terreno
4948,Gran Buenos Aires,2,propietario de la vivienda y el terreno
4949,Gran Buenos Aires,4,propietario de la vivienda y el terreno
4950,Gran Buenos Aires,4,propietario de la vivienda y el terreno
4951,Gran Buenos Aires,1,inquilino o arrendatario
4952,Gran Buenos Aires,1,propietario de la vivienda y el terreno
4953,Pampeana,2,ocupante por pago de impuestos o expensas
4954,Pampeana,3,propietario de la vivienda y el terreno
4955,Pampeana,5,propietario de la vivienda y el terreno
4956,Pampeana,2,inquilino o arrendatario
4957,Pampeana,2,propietario de la vivienda y el terreno
4958,Pampeana,2,inquilino o arrendatario
4959,Pampeana,3,propietario de la vivienda y el terreno
4960,Pampeana,4,propietario de la vivienda y el terreno
4961,Pampeana,3,propietario de la vivienda y el terreno
4962,Pampeana,3,propietario de la vivienda y el terreno
4963,Pampeana,2,inquilino o arrendatario
4964,Gran Buenos Aires,1,inquilino o arrendatario
4965,Gran Buenos Aires,1,propietario de la vivienda solamente
4966,Pampeana,3,propietario de la vivienda y el terreno
4967,Pampeana,2,propietario de la vivienda y el terreno
4968,Pampeana,2,propietario de la vivienda y el terreno
4969,Pampeana,1,"ocupante gratuito, con permiso"
4970,Pampeana,2,propietario de la vivienda y el terreno
4971,Pampeana,3,propietario de la vivienda y el terreno
4972,Pampeana,4,propietario de la vivienda y el terreno
4973,Pampeana,5,"ocupante gratuito, con permiso"
4974,Pampeana,3,propietario de la vivienda y el terreno
4975,Pampeana,3,propietario de la vivienda y el terreno
4976,Patagonia,4,propietario de la vivienda y el terreno
4977,Patagonia,2,propietario de la vivienda y el terreno
4978,Pampeana,2,"ocupante gratuito, con permiso"
4979,Noreste,5,inquilino o arrendatario
4980,Patagonia,2,propietario de la vivienda y el terreno
4981,Patagonia,2,propietario de la vivienda y el terreno
4982,Patagonia,4,propietario de la vivienda y el terreno
4983,Gran Buenos Aires,2,propietario de la vivienda y el terreno
4984,Gran Buenos Aires,1,propietario de la vivienda solamente
4985,Gran Buenos Aires,2,inquilino o arrendatario
4986,Gran Buenos Aires,2,ocupante en relación de dependencia
4987,Gran Buenos Aires,2,propietario de la vivienda y el terreno
4988,Gran Buenos Aires,5,propietario de la vivienda y el terreno
4989,Gran Buenos Aires,4,propietario de la vivienda y el terreno
4990,Gran Buenos Aires,2,inquilino o arrendatario
4991,Gran Buenos Aires,1,propietario de la vivienda solamente
4992,Gran Buenos Aires,1,inquilino o arrendatario
4993,Gran Buenos Aires,2,inquilino o arrendatario
4994,Gran Buenos Aires,3,inquilino o arrendatario
4995,Gran Buenos Aires,5,propietario de la vivienda y el terreno
4996,Gran Buenos Aires,3,propietario de la vivienda y el terreno
4997,Gran Buenos Aires,2,inquilino o arrendatario
4998,Gran Buenos Aires,4,propietario de la vivienda y el terreno
4999,Gran Buenos Aires,2,inquilino o arrendatario
5000,Gran Buenos Aires,5,propietario de la vivienda y el terreno
5001,Gran Buenos Aires,2,inquilino o arrendatario
5002,Cuyo,13,propietario de la vivienda y el terreno
5003,Cuyo,8,"ocupante gratuito, con permiso"
5004,Cuyo,2,propietario de la vivienda y el terreno
5005,Cuyo,4,propietario de la vivienda y el terreno
5006,Cuyo,4,ocupante por pago de impuestos o expensas
5007,Cuyo,4,propietario de la vivienda y el terreno
5008,Gran Buenos Aires,6,propietario de la vivienda y el terreno
5009,Gran Buenos Aires,2,"ocupante gratuito, con permiso"
5010,Gran Buenos Aires,1,propietario de la vivienda y el terreno
5011,Pampeana,2,propietario de la vivienda y el terreno
5012,Pampeana,6,propietario de la vivienda y el terreno
5013,Pampeana,1,"ocupante gratuito, con permiso"
5014,Pampeana,1,inquilino o arrendatario
5015,Pampeana,2,propietario de la vivienda y el terreno
5016,Pampeana,1,propietario de la vivienda y el terreno
5017,Noroeste,5,en sucesión
5018,Gran Buenos Aires,4,propietario de la vivienda y el terreno
5019,Gran Buenos Aires,2,inquilino o arrendatario
5020,Pampeana,4,ocupante por pago de impuestos o expensas
5021,Pampeana,1,ocupante por pago de impuestos o expensas
5022,Pampeana,1,en sucesión
5023,Pampeana,3,inquilino o arrendatario
5024,Gran Buenos Aires,1,propietario de la vivienda y el terreno
5025,Gran Buenos Aires,4,propietario de la vivienda y el terreno
5026,Gran Buenos Aires,1,propietario de la vivienda y el terreno
5027,Gran Buenos Aires,3,propietario de la vivienda y el terreno
5028,Gran Buenos Aires,1,propietario de la vivienda y el terreno
5029,Gran Buenos Aires,3,propietario de la vivienda y el terreno
5030,Gran Buenos Aires,1,"ocupante gratuito, con permiso"
5031,Gran Buenos Aires,2,propietario de la vivienda y el terreno
5032,Gran Buenos Aires,3,inquilino o arrendatario
5033,Gran Buenos Aires,2,propietario de la vivienda y el terreno
5034,Gran Buenos Aires,9,inquilino o arrendatario
5035,Gran Buenos Aires,2,propietario de la vivienda y el terreno
5036,Pampeana,4,propietario de la vivienda y el terreno
5037,Pampeana,2,propietario de la vivienda y el terreno
5038,Pampeana,1,propietario de la vivienda y el terreno
5039,Pampeana,4,propietario de la vivienda y el terreno
5040,Pampeana,4,propietario de la vivienda y el terreno
5041,Gran Buenos Aires,3,propietario de la vivienda y el terreno
5042,Gran Buenos Aires,2,"ocupante gratuito, con permiso"
5043,Gran Buenos Aires,5,propietario de la vivienda y el terreno
5044,Gran Buenos Aires,1,"ocupante gratuito, con permiso"
5045,Gran Buenos Aires,2,"ocupante gratuito, con permiso"
5046,Noroeste,5,inquilino o arrendatario
5047,Pampeana,2,propietario de la vivienda y el terreno
5048,Pampeana,5,propietario de la vivienda y el terreno
5049,Pampeana,4,propietario de la vivienda y el terreno
5050,Noroeste,5,propietario de la vivienda y el terreno
5051,Noroeste,4,propietario de la vivienda y el terreno
5052,Noroeste,1,propietario de la vivienda y el terreno
5053,Patagonia,4,propietario de la vivienda y el terreno
5054,Patagonia,2,inquilino o arrendatario
5055,Patagonia,3,inquilino o arrendatario
5056,Patagonia,5,propietario de la vivienda y el terreno
5057,Noroeste,4,propietario de la vivienda y el terreno
5058,Noroeste,5,propietario de la vivienda y el terreno
5059,Noroeste,2,propietario de la vivienda y el terreno
5060,Noroeste,2,propietario de la vivienda y el terreno
5061,Noroeste,3,propietario de la vivienda y el terreno
5062,Noroeste,2,propietario de la vivienda y el terreno
5063,Noroeste,5,propietario de la vivienda y el terreno
5064,Noroeste,3,ocupante por pago de impuestos o expensas
5065,Noroeste,2,ocupante por pago de impuestos o expensas
5066,Noroeste,2,inquilino o arrendatario
5067,Noreste,2,inquilino o arrendatario
5068,Cuyo,4,propietario de la vivienda y el terreno
5069,Cuyo,2,propietario de la vivienda y el terreno
5070,Pampeana,2,propietario de la vivienda y el terreno
5071,Pampeana,7,propietario de la vivienda y el terreno
5072,Pampeana,2,propietario de la vivienda y el terreno
5073,Pampeana,1,propietario de la vivienda y el terreno
5074,Pampeana,2,propietario de la vivienda y el terreno
5075,Pampeana,6,"ocupante gratuito, con permiso"
5076,Cuyo,4,propietario de la vivienda y el terreno
5077,Cuyo,4,inquilino o arrendatario
5078,Cuyo,1,propietario de la vivienda y el terreno
5079,Cuyo,2,"ocupante gratuito, con permiso"
5080,Noreste,2,propietario de la vivienda y el terreno
5081,Patagonia,1,propietario de la vivienda y el terreno
5082,Patagonia,4,propietario de la vivienda y el terreno
5083,Patagonia,1,propietario de la vivienda y el terreno
5084,Noreste,1,inquilino o arrendatario
5085,Noreste,2,propietario de la vivienda y el terreno
5086,Noreste,6,propietario de la vivienda y el terreno
5087,Patagonia,4,inquilino o arrendatario
5088,Pampeana,2,propietario de la vivienda y el terreno
5089,Pampeana,2,inquilino o arrendatario
5090,Pampeana,3,ocupante por pago de impuestos o expensas
5091,Pampeana,3,propietario de la vivienda y el terreno
5092,Pampeana,2,propietario de la vivienda y el terreno
5093,Pampeana,4,propietario de la vivienda y el terreno
5094,Pampeana,6,propietario de la vivienda y el terreno
5095,Pampeana,2,propietario de la vivienda y el terreno
5096,Pampeana,2,propietario de la vivienda y el terreno
5097,Pampeana,1,propietario de la vivienda y el terreno
5098,Pampeana,1,propietario de la vivienda y el terreno
5099,Pampeana,1,propietario de la vivienda y el terreno
5100,Pampeana,2,propietario de la vivienda y el terreno
5101,Pampeana,3,inquilino o arrendatario
5102,Pampeana,1,propietario de la vivienda y el terreno
5103,Pampeana,1,inquilino o arrendatario
5104,Pampeana,2,propietario de la vivienda y el terreno
5105,Patagonia,1,inquilino o arrendatario
5106,Noroeste,2,inquilino o arrendatario
5107,Noroeste,1,inquilino o arrendatario
5108,Gran Buenos Aires,6,propietario de la vivienda y el terreno
5109,Gran Buenos Aires,3,propietario de la vivienda y el terreno
5110,Noreste,2,propietario de la vivienda y el terreno
5111,Noreste,6,propietario de la vivienda y el terreno
5112,Pampeana,1,propietario de la vivienda y el terreno
5113,Pampeana,2,propietario de la vivienda y el terreno
5114,Noroeste,4,en sucesión
5115,Noroeste,1,propietario de la vivienda y el terreno
5116,Noroeste,3,propietario de la vivienda y el terreno
5117,Noroeste,1,inquilino o arrendatario
5118,Noroeste,2,inquilino o arrendatario
5119,Noreste,2,propietario de la vivienda y el terreno
5120,Noreste,2,propietario de la vivienda y el terreno
5121,Noreste,4,propietario de la vivienda y el terreno
5122,Pampeana,3,propietario de la vivienda y el terreno
5123,Pampeana,6,propietario de la vivienda y el terreno
5124,Gran Buenos Aires,4,propietario de la vivienda y el terreno
5125,Gran Buenos Aires,2,propietario de la vivienda y el terreno
5126,Gran Buenos Aires,1,propietario de la vivienda y el terreno
5127,Pampeana,2,inquilino o arrendatario
5128,Cuyo,3,propietario de la vivienda y el terreno
5129,Noroeste,5,propietario de la vivienda y el terreno
5130,Noroeste,4,propietario de la vivienda y el terreno
5131,Noroeste,7,propietario de la vivienda solamente
5132,Pampeana,2,propietario de la vivienda y el terreno
5133,Pampeana,1,propietario de la vivienda y el terreno
5134,Pampeana,3,"ocupante gratuito, con permiso"
5135,Pampeana,1,propietario de la vivienda y el terreno
5136,Pampeana,5,propietario de la vivienda y el terreno
5137,Pampeana,4,propietario de la vivienda y el terreno
5138,Pampeana,1,inquilino o arrendatario
5139,Pampeana,1,propietario de la vivienda y el terreno
5140,Pampeana,4,propietario de la vivienda y el terreno
5141,Pampeana,3,propietario de la vivienda y el terreno
5142,Gran Buenos Aires,1,propietario de la vivienda y el terreno
5143,Gran Buenos Aires,4,inquilino o arrendatario
5144,Pampeana,2,propietario de la vivienda y el terreno
5145,Pampeana,1,propietario de la vivienda y el terreno
5146,Pampeana,10,propietario de la vivienda solamente
5147,Pampeana,2,propietario de la vivienda y el terreno
5148,Pampeana,4,propietario de la vivienda y el terreno
5149,Pampeana,1,"ocupante gratuito, con permiso"
5150,Pampeana,3,propietario de la vivienda y el terreno
5151,Pampeana,5,"ocupante gratuito, con permiso"
5152,Pampeana,3,propietario de la vivienda y el terreno
5153,Patagonia,2,propietario de la vivienda y el terreno
5154,Patagonia,4,propietario de la vivienda solamente
5155,Patagonia,1,inquilino o arrendatario
5156,Patagonia,1,"ocupante gratuito, con permiso"
5157,Patagonia,5,"ocupante gratuito, con permiso"
5158,Noreste,2,propietario de la vivienda y el terreno
5159,Noreste,2,inquilino o arrendatario
5160,Noreste,6,propietario de la vivienda y el terreno
5161,Gran Buenos Aires,1,inquilino o arrendatario
5162,Pampeana,1,propietario de la vivienda y el terreno
5163,Pampeana,1,propietario de la vivienda y el terreno
5164,Pampeana,3,propietario de la vivienda y el terreno
5165,Pampeana,2,propietario de la vivienda y el terreno
5166,Pampeana,1,"ocupante gratuito, con permiso"
5167,Pampeana,8,propietario de la vivienda y el terreno
5168,Pampeana,2,propietario de la vivienda y el terreno
5169,Noreste,2,propietario de la vivienda y el terreno
5170,Noreste,3,"ocupante gratuito, con permiso"
5171,Noreste,1,propietario de la vivienda y el terreno
5172,Noroeste,1,propietario de la vivienda y el terreno
5173,Noroeste,4,propietario de la vivienda y el terreno
5174,Pampeana,2,inquilino o arrendatario
5175,Pampeana,1,propietario de la vivienda y el terreno
5176,Pampeana,4,propietario de la vivienda y el terreno
5177,Pampeana,1,inquilino o arrendatario
5178,Pampeana,2,propietario de la vivienda y el terreno
5179,Noroeste,3,propietario de la vivienda y el terreno
5180,Noroeste,4,propietario de la vivienda y el terreno
5181,Noroeste,2,propietario de la vivienda y el terreno
5182,Noroeste,3,inquilino o arrendatario
5183,Gran Buenos Aires,2,propietario de la vivienda y el terreno
5184,Gran Buenos Aires,3,propietario de la vivienda y el terreno
5185,Gran Buenos Aires,6,propietario de la vivienda y el terreno
5186,Gran Buenos Aires,2,propietario de la vivienda y el terreno
5187,Gran Buenos Aires,1,propietario de la vivienda y el terreno
5188,Gran Buenos Aires,2,inquilino o arrendatario
5189,Noroeste,4,propietario de la vivienda y el terreno
5190,Pampeana,2,inquilino o arrendatario
5191,Pampeana,4,inquilino o arrendatario
5192,Pampeana,2,propietario de la vivienda y el terreno
5193,Gran Buenos Aires,5,inquilino o arrendatario
5194,Pampeana,1,propietario de la vivienda y el terreno
5195,Pampeana,3,propietario de la vivienda y el terreno
5196,Pampeana,2,propietario de la vivienda y el terreno
5197,Pampeana,2,"ocupante gratuito, con permiso"
5198,Pampeana,3,inquilino o arrendatario
5199,Gran Buenos Aires,5,propietario de la vivienda y el terreno
5200,Gran Buenos Aires,2,propietario de la vivienda y el terreno
5201,Gran Buenos Aires,2,propietario de la vivienda y el terreno
5202,Gran Buenos Aires,2,ocupante por pago de impuestos o expensas
5203,Patagonia,3,propietario de la vivienda y el terreno
5204,Patagonia,2,inquilino o arrendatario
5205,Noroeste,1,propietario de la vivienda y el terreno
5206,Pampeana,2,propietario de la vivienda y el terreno
5207,Pampeana,4,inquilino o arrendatario
5208,Pampeana,4,propietario de la vivienda y el terreno
5209,Pampeana,4,propietario de la vivienda y el terreno
5210,Pampeana,1,propietario de la vivienda y el terreno
5211,Noroeste,5,propietario de la vivienda y el terreno
5212,Noroeste,5,propietario de la vivienda y el terreno
5213,Cuyo,1,propietario de la vivienda y el terreno
5214,Patagonia,1,propietario de la vivienda y el terreno
5215,Patagonia,2,ocupante por pago de impuestos o expensas
5216,Noreste,4,propietario de la vivienda y el terreno
5217,Noreste,5,propietario de la vivienda y el terreno
5218,Noreste,4,propietario de la vivienda y el terreno
5219,Noreste,2,propietario de la vivienda solamente
5220,Patagonia,2,propietario de la vivienda y el terreno
5221,Patagonia,1,ocupante por pago de impuestos o expensas
5222,Patagonia,6,inquilino o arrendatario
5223,Patagonia,1,inquilino o arrendatario
5224,Patagonia,1,propietario de la vivienda y el terreno
5225,Noroeste,5,propietario de la vivienda y el terreno
5226,Noroeste,1,inquilino o arrendatario
5227,Gran Buenos Aires,2,propietario de la vivienda y el terreno
5228,Gran Buenos Aires,2,propietario de la vivienda y el terreno
5229,Gran Buenos Aires,3,propietario de la vivienda y el terreno
5230,Gran Buenos Aires,3,"ocupante gratuito, con permiso"
5231,Gran Buenos Aires,3,inquilino o arrendatario
5232,Pampeana,4,propietario de la vivienda y el terreno
5233,Pampeana,4,propietario de la vivienda y el terreno
5234,Pampeana,1,inquilino o arrendatario
5235,Patagonia,2,propietario de la vivienda y el terreno
5236,Pampeana,4,propietario de la vivienda y el terreno
5237,Pampeana,4,propietario de la vivienda y el terreno
5238,Patagonia,4,inquilino o arrendatario
5239,Patagonia,1,inquilino o arrendatario
5240,Noreste,3,propietario de la vivienda solamente
5241,Noreste,3,propietario de la vivienda y el terreno
5242,Noreste,9,propietario de la vivienda y el terreno
5243,Noreste,2,propietario de la vivienda y el terreno
5244,Noroeste,2,inquilino o arrendatario
5245,Noroeste,5,propietario de la vivienda y el terreno
5246,Noroeste,1,propietario de la vivienda y el terreno
5247,Noroeste,3,inquilino o arrendatario
5248,Noroeste,3,propietario de la vivienda y el terreno
5249,Patagonia,4,propietario de la vivienda y el terreno
5250,Pampeana,2,propietario de la vivienda solamente
5251,Pampeana,5,propietario de la vivienda y el terreno
5252,Pampeana,2,inquilino o arrendatario
5253,Pampeana,2,inquilino o arrendatario
5254,Patagonia,2,propietario de la vivienda y el terreno
5255,Noroeste,5,propietario de la vivienda y el terreno
5256,Noroeste,4,propietario de la vivienda y el terreno
5257,Noroeste,2,propietario de la vivienda y el terreno
5258,Noroeste,4,propietario de la vivienda y el terreno
5259,Pampeana,1,propietario de la vivienda y el terreno
5260,Pampeana,2,propietario de la vivienda y el terreno
5261,Pampeana,2,en sucesión
5262,Pampeana,1,ocupante por pago de impuestos o expensas
5263,Pampeana,1,otra situación
5264,Pampeana,1,propietario de la vivienda y el terreno
5265,Pampeana,1,propietario de la vivienda y el terreno
5266,Pampeana,2,inquilino o arrendatario
5267,Pampeana,2,inquilino o arrendatario
5268,Pampeana,1,propietario de la vivienda y el terreno
5269,Pampeana,1,inquilino o arrendatario
5270,Pampeana,1,inquilino o arrendatario
5271,Pampeana,4,propietario de la vivienda y el terreno
5272,Pampeana,4,propietario de la vivienda y el terreno
5273,Pampeana,1,inquilino o arrendatario
5274,Pampeana,1,inquilino o arrendatario
5275,Pampeana,5,propietario de la vivienda y el terreno
5276,Pampeana,2,propietario de la vivienda solamente
5277,Pampeana,3,propietario de la vivienda y el terreno
5278,Pampeana,2,propietario de la vivienda y el terreno
5279,Pampeana,5,propietario de la vivienda y el terreno
5280,Pampeana,1,inquilino o arrendatario
5281,Pampeana,3,propietario de la vivienda y el terreno
5282,Cuyo,4,propietario de la vivienda y el terreno
5283,Cuyo,1,propietario de la vivienda y el terreno
5284,Cuyo,1,propietario de la vivienda y el terreno
5285,Cuyo,2,inquilino o arrendatario
5286,Patagonia,2,propietario de la vivienda y el terreno
5287,Noroeste,4,propietario de la vivienda y el terreno
5288,Noroeste,1,propietario de la vivienda y el terreno
5289,Noroeste,1,propietario de la vivienda y el terreno
5290,Cuyo,1,ocupante por pago de impuestos o expensas
5291,Pampeana,3,propietario de la vivienda y el terreno
5292,Pampeana,3,propietario de la vivienda y el terreno
5293,Pampeana,1,propietario de la vivienda y el terreno
5294,Pampeana,3,propietario de la vivienda y el terreno
5295,Pampeana,3,propietario de la vivienda y el terreno
5296,Pampeana,1,propietario de la vivienda solamente
5297,Pampeana,1,propietario de la vivienda y el terreno
5298,Pampeana,2,propietario de la vivienda y el terreno
5299,Pampeana,3,inquilino o arrendatario
5300,Pampeana,5,propietario de la vivienda y el terreno
5301,Pampeana,2,propietario de la vivienda solamente
5302,Pampeana,1,inquilino o arrendatario
5303,Pampeana,4,inquilino o arrendatario
5304,Pampeana,2,propietario de la vivienda y el terreno
5305,Pampeana,1,propietario de la vivienda y el terreno
5306,Pampeana,2,propietario de la vivienda y el terreno
5307,Pampeana,2,propietario de la vivienda y el terreno
5308,Pampeana,4,inquilino o arrendatario
5309,Pampeana,2,inquilino o arrendatario
5310,Noroeste,1,propietario de la vivienda solamente
5311,Noroeste,1,propietario de la vivienda solamente
5312,Noroeste,4,propietario de la vivienda y el terreno
5313,Noroeste,5,propietario de la vivienda y el terreno
5314,Noroeste,4,inquilino o arrendatario
5315,Noroeste,2,propietario de la vivienda y el terreno
5316,Noroeste,2,propietario de la vivienda y el terreno
5317,Gran Buenos Aires,1,propietario de la vivienda y el terreno
5318,Gran Buenos Aires,2,propietario de la vivienda solamente
5319,Noreste,6,propietario de la vivienda y el terreno
5320,Pampeana,3,"ocupante gratuito, con permiso"
5321,Pampeana,1,propietario de la vivienda y el terreno
5322,Pampeana,4,propietario de la vivienda y el terreno
5323,Patagonia,5,propietario de la vivienda y el terreno
5324,Patagonia,2,inquilino o arrendatario
5325,Patagonia,5,"ocupante gratuito, con permiso"
5326,Gran Buenos Aires,1,en sucesión
5327,Gran Buenos Aires,2,propietario de la vivienda y el terreno
5328,Gran Buenos Aires,4,inquilino o arrendatario
5329,Gran Buenos Aires,2,inquilino o arrendatario
5330,Noroeste,3,propietario de la vivienda y el terreno
5331,Gran Buenos Aires,2,propietario de la vivienda y el terreno
5332,Gran Buenos Aires,2,inquilino o arrendatario
5333,Gran Buenos Aires,1,inquilino o arrendatario
5334,Gran Buenos Aires,1,inquilino o arrendatario
5335,Pampeana,1,inquilino o arrendatario
5336,Pampeana,2,propietario de la vivienda y el terreno
5337,Pampeana,3,inquilino o arrendatario
5338,Noroeste,6,propietario de la vivienda y el terreno
5339,Noroeste,5,propietario de la vivienda y el terreno
5340,Noroeste,3,propietario de la vivienda y el terreno
5341,Noroeste,4,inquilino o arrendatario
5342,Gran Buenos Aires,3,propietario de la vivienda y el terreno
5343,Gran Buenos Aires,3,inquilino o arrendatario
5344,Gran Buenos Aires,2,propietario de la vivienda y el terreno
5345,Gran Buenos Aires,1,propietario de la vivienda solamente
5346,Gran Buenos Aires,2,inquilino o arrendatario
5347,Gran Buenos Aires,3,inquilino o arrendatario
5348,Gran Buenos Aires,2,propietario de la vivienda y el terreno
5349,Gran Buenos Aires,2,inquilino o arrendatario
5350,Gran Buenos Aires,1,inquilino o arrendatario
5351,Gran Buenos Aires,4,propietario de la vivienda y el terreno
5352,Gran Buenos Aires,4,propietario de la vivienda y el terreno
5353,Gran Buenos Aires,3,propietario de la vivienda y el terreno
5354,Gran Buenos Aires,4,propietario de la vivienda y el terreno
5355,Gran Buenos Aires,2,propietario de la vivienda y el terreno
5356,Gran Buenos Aires,2,propietario de la vivienda y el terreno
5357,Pampeana,1,propietario de la vivienda y el terreno
5358,Pampeana,3,propietario de la vivienda y el terreno
5359,Pampeana,4,otra situación
5360,Pampeana,3,inquilino o arrendatario
5361,Patagonia,1,inquilino o arrendatario
5362,Patagonia,2,propietario de la vivienda y el terreno
5363,Patagonia,1,inquilino o arrendatario
5364,Noroeste,2,propietario de la vivienda y el terreno
5365,Noroeste,4,en sucesión
5366,Noroeste,6,propietario de la vivienda y el terreno
5367,Noroeste,9,propietario de la vivienda y el terreno
5368,Gran Buenos Aires,4,propietario de la vivienda y el terreno
5369,Gran Buenos Aires,1,propietario de la vivienda y el terreno
5370,Gran Buenos Aires,2,propietario de la vivienda y el terreno
5371,Gran Buenos Aires,2,propietario de la vivienda y el terreno
5372,Pampeana,4,propietario de la vivienda y el terreno
5373,Pampeana,2,"ocupante gratuito, con permiso"
5374,Pampeana,3,propietario de la vivienda solamente
5375,Pampeana,2,propietario de la vivienda y el terreno
5376,Cuyo,4,propietario de la vivienda y el terreno
5377,Cuyo,2,propietario de la vivienda y el terreno
5378,Cuyo,1,inquilino o arrendatario
5379,Cuyo,2,inquilino o arrendatario
5380,Noroeste,1,inquilino o arrendatario
5381,Noroeste,2,inquilino o arrendatario
5382,Noroeste,1,propietario de la vivienda y el terreno
5383,Noroeste,1,propietario de la vivienda solamente
5384,Pampeana,3,propietario de la vivienda y el terreno
5385,Pampeana,3,propietario de la vivienda y el terreno
5386,Pampeana,2,propietario de la vivienda y el terreno
5387,Pampeana,2,propietario de la vivienda y el terreno
5388,Pampeana,4,propietario de la vivienda y el terreno
5389,Cuyo,6,"ocupante gratuito, con permiso"
5390,Cuyo,3,propietario de la vivienda y el terreno
5391,Noroeste,3,propietario de la vivienda y el terreno
5392,Noroeste,4,"ocupante gratuito, con permiso"
5393,Gran Buenos Aires,2,inquilino o arrendatario
5394,Gran Buenos Aires,3,inquilino o arrendatario
5395,Gran Buenos Aires,3,propietario de la vivienda y el terreno
5396,Gran Buenos Aires,2,propietario de la vivienda y el terreno
5397,Gran Buenos Aires,3,inquilino o arrendatario
5398,Gran Buenos Aires,4,"ocupante gratuito, con permiso"
5399,Patagonia,2,propietario de la vivienda y el terreno
5400,Patagonia,1,propietario de la vivienda y el terreno
5401,Patagonia,2,propietario de la vivienda y el terreno
5402,Noreste,2,inquilino o arrendatario
5403,Noreste,2,propietario de la vivienda y el terreno
5404,Pampeana,1,propietario de la vivienda y el terreno
5405,Pampeana,2,inquilino o arrendatario
5406,Pampeana,3,propietario de la vivienda y el terreno
5407,Pampeana,3,propietario de la vivienda y el terreno
5408,Patagonia,1,inquilino o arrendatario
5409,Patagonia,3,propietario de la vivienda y el terreno
5410,Patagonia,2,propietario de la vivienda y el terreno
5411,Patagonia,3,inquilino o arrendatario
5412,Patagonia,2,propietario de la vivienda y el terreno
5413,Patagonia,2,propietario de la vivienda y el terreno
5414,Pampeana,1,inquilino o arrendatario
5415,Pampeana,1,propietario de la vivienda y el terreno
5416,Pampeana,4,propietario de la vivienda y el terreno
5417,Pampeana,1,propietario de la vivienda y el terreno
5418,Cuyo,2,propietario de la vivienda y el terreno
5419,Pampeana,3,propietario de la vivienda y el terreno
5420,Pampeana,1,propietario de la vivienda y el terreno
5421,Pampeana,5,propietario de la vivienda y el terreno
5422,Pampeana,3,propietario de la vivienda y el terreno
5423,Pampeana,2,inquilino o arrendatario
5424,Gran Buenos Aires,2,propietario de la vivienda y el terreno
5425,Gran Buenos Aires,2,inquilino o arrendatario
5426,Noroeste,2,propietario de la vivienda y el terreno
5427,Noroeste,4,propietario de la vivienda y el terreno
5428,Noroeste,1,propietario de la vivienda y el terreno
5429,Noroeste,2,propietario de la vivienda y el terreno
5430,Gran Buenos Aires,4,propietario de la vivienda y el terreno
5431,Patagonia,2,propietario de la vivienda y el terreno
5432,Patagonia,2,ocupante por pago de impuestos o expensas
5433,Patagonia,4,propietario de la vivienda y el terreno
5434,Patagonia,1,propietario de la vivienda y el terreno
5435,Noroeste,2,propietario de la vivienda y el terreno
5436,Noroeste,4,ocupante por pago de impuestos o expensas
5437,Noroeste,5,propietario de la vivienda y el terreno
5438,Gran Buenos Aires,2,inquilino o arrendatario
5439,Gran Buenos Aires,3,propietario de la vivienda y el terreno
5440,Noroeste,4,propietario de la vivienda y el terreno
5441,Noroeste,7,propietario de la vivienda y el terreno
5442,Noroeste,4,ocupante por pago de impuestos o expensas
5443,Pampeana,2,propietario de la vivienda y el terreno
5444,Pampeana,1,propietario de la vivienda y el terreno
5445,Pampeana,1,propietario de la vivienda y el terreno
5446,Pampeana,4,inquilino o arrendatario
5447,Noroeste,3,ocupante por pago de impuestos o expensas
5448,Noroeste,2,propietario de la vivienda y el terreno
5449,Noroeste,7,propietario de la vivienda y el terreno
5450,Noroeste,3,propietario de la vivienda y el terreno
5451,Noroeste,5,propietario de la vivienda y el terreno
5452,Gran Buenos Aires,2,propietario de la vivienda y el terreno
5453,Gran Buenos Aires,4,propietario de la vivienda y el terreno
5454,Gran Buenos Aires,3,propietario de la vivienda y el terreno
5455,Gran Buenos Aires,2,propietario de la vivienda y el terreno
5456,Gran Buenos Aires,2,"ocupante gratuito, con permiso"
5457,Pampeana,3,propietario de la vivienda y el terreno
5458,Pampeana,3,inquilino o arrendatario
5459,Noreste,2,propietario de la vivienda y el terreno
5460,Noreste,3,propietario de la vivienda solamente
5461,Noreste,4,propietario de la vivienda y el terreno
5462,Gran Buenos Aires,4,propietario de la vivienda y el terreno
5463,Gran Buenos Aires,4,propietario de la vivienda y el terreno
5464,Gran Buenos Aires,3,inquilino o arrendatario
5465,Noreste,3,propietario de la vivienda solamente
5466,Noreste,4,propietario de la vivienda y el terreno
5467,Noreste,4,propietario de la vivienda y el terreno
5468,Pampeana,2,propietario de la vivienda y el terreno
5469,Pampeana,1,propietario de la vivienda y el terreno
5470,Pampeana,1,inquilino o arrendatario
5471,Patagonia,2,propietario de la vivienda y el terreno
5472,Patagonia,3,inquilino o arrendatario
5473,Patagonia,6,propietario de la vivienda y el terreno
5474,Noroeste,2,propietario de la vivienda solamente
5475,Noroeste,2,inquilino o arrendatario
5476,Noroeste,5,propietario de la vivienda y el terreno
5477,Noroeste,3,propietario de la vivienda solamente
5478,Cuyo,3,propietario de la vivienda y el terreno
5479,Pampeana,2,inquilino o arrendatario
5480,Noroeste,6,propietario de la vivienda y el terreno
5481,Noroeste,1,propietario de la vivienda y el terreno
5482,Patagonia,3,propietario de la vivienda y el terreno
5483,Patagonia,1,propietario de la vivienda y el terreno
5484,Pampeana,2,inquilino o arrendatario
5485,Pampeana,1,propietario de la vivienda y el terreno
5486,Pampeana,1,propietario de la vivienda y el terreno
5487,Noroeste,5,propietario de la vivienda y el terreno
5488,Noroeste,3,propietario de la vivienda y el terreno
5489,Noroeste,5,propietario de la vivienda y el terreno
5490,Noroeste,3,propietario de la vivienda y el terreno
5491,Gran Buenos Aires,1,propietario de la vivienda y el terreno
5492,Gran Buenos Aires,1,propietario de la vivienda y el terreno
5493,Gran Buenos Aires,3,propietario de la vivienda y el terreno
5494,Pampeana,2,propietario de la vivienda y el terreno
5495,Pampeana,1,inquilino o arrendatario
5496,Pampeana,3,inquilino o arrendatario
5497,Pampeana,5,inquilino o arrendatario
5498,Pampeana,2,propietario de la vivienda y el terreno
5499,Pampeana,3,propietario de la vivienda y el terreno
5500,Pampeana,2,propietario de la vivienda y el terreno
5501,Pampeana,2,inquilino o arrendatario
5502,Pampeana,1,propietario de la vivienda y el terreno
5503,Pampeana,3,propietario de la vivienda y el terreno
5504,Pampeana,5,inquilino o arrendatario
5505,Pampeana,1,inquilino o arrendatario
5506,Pampeana,1,propietario de la vivienda y el terreno
5507,Pampeana,1,propietario de la vivienda y el terreno
5508,Pampeana,3,inquilino o arrendatario
5509,Patagonia,2,inquilino o arrendatario
5510,Patagonia,3,propietario de la vivienda y el terreno
5511,Patagonia,1,inquilino o arrendatario
5512,Gran Buenos Aires,2,inquilino o arrendatario
5513,Gran Buenos Aires,1,inquilino o arrendatario
5514,Gran Buenos Aires,1,propietario de la vivienda y el terreno
5515,Gran Buenos Aires,2,propietario de la vivienda solamente
5516,Pampeana,5,propietario de la vivienda y el terreno
5517,Pampeana,2,propietario de la vivienda solamente
5518,Patagonia,3,en sucesión
5519,Patagonia,1,propietario de la vivienda y el terreno
5520,Patagonia,3,propietario de la vivienda y el terreno
5521,Patagonia,2,propietario de la vivienda y el terreno
5522,Cuyo,1,inquilino o arrendatario
5523,Cuyo,2,propietario de la vivienda y el terreno
5524,Cuyo,3,propietario de la vivienda y el terreno
5525,Cuyo,2,propietario de la vivienda y el terreno
5526,Patagonia,4,ocupante por pago de impuestos o expensas
5527,Pampeana,2,propietario de la vivienda y el terreno
5528,Pampeana,2,inquilino o arrendatario
5529,Pampeana,5,inquilino o arrendatario
5530,Pampeana,2,propietario de la vivienda y el terreno
5531,Pampeana,4,propietario de la vivienda y el terreno
5532,Pampeana,2,propietario de la vivienda y el terreno
5533,Pampeana,1,inquilino o arrendatario
5534,Pampeana,2,propietario de la vivienda y el terreno
5535,Pampeana,2,inquilino o arrendatario
5536,Pampeana,1,inquilino o arrendatario
5537,Pampeana,1,inquilino o arrendatario
5538,Pampeana,2,propietario de la vivienda y el terreno
5539,Pampeana,1,inquilino o arrendatario
5540,Pampeana,1,inquilino o arrendatario
5541,Pampeana,3,propietario de la vivienda y el terreno
5542,Pampeana,3,propietario de la vivienda y el terreno
5543,Pampeana,2,inquilino o arrendatario
5544,Pampeana,1,propietario de la vivienda y el terreno
5545,Noroeste,2,propietario de la vivienda y el terreno
5546,Noroeste,2,propietario de la vivienda y el terreno
5547,Noroeste,12,propietario de la vivienda y el terreno
5548,Noroeste,3,propietario de la vivienda y el terreno
5549,Noroeste,4,propietario de la vivienda solamente
5550,Pampeana,1,ocupante por pago de impuestos o expensas
5551,Noroeste,5,propietario de la vivienda y el terreno
5552,Noroeste,1,inquilino o arrendatario
5553,Pampeana,2,propietario de la vivienda y el terreno
5554,Cuyo,2,propietario de la vivienda y el terreno
5555,Cuyo,1,propietario de la vivienda y el terreno
5556,Noroeste,3,propietario de la vivienda y el terreno
5557,Noroeste,1,propietario de la vivienda y el terreno
5558,Noroeste,3,propietario de la vivienda y el terreno
5559,Noroeste,5,propietario de la vivienda y el terreno
5560,Noroeste,4,propietario de la vivienda y el terreno
5561,Noroeste,2,propietario de la vivienda y el terreno
5562,Noroeste,3,propietario de la vivienda y el terreno
5563,Noroeste,1,propietario de la vivienda y el terreno
5564,Pampeana,1,propietario de la vivienda y el terreno
5565,Pampeana,2,ocupante por pago de impuestos o expensas
5566,Pampeana,2,propietario de la vivienda y el terreno
5567,Pampeana,2,inquilino o arrendatario
5568,Pampeana,1,propietario de la vivienda y el terreno
5569,Pampeana,4,propietario de la vivienda y el terreno
5570,Pampeana,3,propietario de la vivienda y el terreno
5571,Pampeana,1,propietario de la vivienda y el terreno
5572,Pampeana,1,propietario de la vivienda y el terreno
5573,Pampeana,3,propietario de la vivienda y el terreno
5574,Cuyo,1,propietario de la vivienda y el terreno
5575,Cuyo,2,inquilino o arrendatario
5576,Cuyo,1,inquilino o arrendatario
5577,Cuyo,4,propietario de la vivienda y el terreno
5578,Cuyo,5,propietario de la vivienda y el terreno
5579,Cuyo,2,propietario de la vivienda y el terreno
5580,Pampeana,4,"ocupante gratuito, con permiso"
5581,Pampeana,2,inquilino o arrendatario
5582,Noroeste,3,propietario de la vivienda y el terreno
5583,Noroeste,4,propietario de la vivienda y el terreno
5584,Noroeste,1,inquilino o arrendatario
5585,Noroeste,4,propietario de la vivienda y el terreno
5586,Noroeste,6,propietario de la vivienda y el terreno
5587,Noroeste,4,inquilino o arrendatario
5588,Noroeste,4,propietario de la vivienda y el terreno
5589,Noroeste,4,propietario de la vivienda y el terreno
5590,Noroeste,3,ocupante por pago de impuestos o expensas
5591,Noroeste,2,ocupante por pago de impuestos o expensas
5592,Noroeste,3,inquilino o arrendatario
5593,Noroeste,1,propietario de la vivienda solamente
5594,Noroeste,7,propietario de la vivienda y el terreno
5595,Noroeste,4,propietario de la vivienda y el terreno
5596,Noroeste,5,"ocupante gratuito, con permiso"
5597,Noroeste,1,"ocupante gratuito, con permiso"
5598,Noroeste,8,propietario de la vivienda y el terreno
5599,Noroeste,5,propietario de la vivienda y el terreno
5600,Noroeste,18,propietario de la vivienda y el terreno
5601,Pampeana,4,propietario de la vivienda solamente
5602,Pampeana,2,inquilino o arrendatario
5603,Pampeana,2,inquilino o arrendatario
5604,Pampeana,2,propietario de la vivienda y el terreno
5605,Pampeana,4,propietario de la vivienda y el terreno
5606,Pampeana,1,"ocupante gratuito, con permiso"
5607,Pampeana,3,propietario de la vivienda y el terreno
5608,Pampeana,4,propietario de la vivienda y el terreno
5609,Pampeana,5,propietario de la vivienda y el terreno
5610,Pampeana,2,propietario de la vivienda y el terreno
5611,Gran Buenos Aires,5,propietario de la vivienda solamente
5612,Gran Buenos Aires,2,propietario de la vivienda y el terreno
5613,Gran Buenos Aires,4,propietario de la vivienda y el terreno
5614,Gran Buenos Aires,1,propietario de la vivienda y el terreno
5615,Pampeana,2,propietario de la vivienda y el terreno
5616,Pampeana,3,"ocupante gratuito, con permiso"
5617,Gran Buenos Aires,3,propietario de la vivienda y el terreno
5618,Gran Buenos Aires,4,propietario de la vivienda y el terreno
5619,Gran Buenos Aires,4,inquilino o arrendatario
5620,Gran Buenos Aires,4,propietario de la vivienda y el terreno
5621,Noroeste,2,propietario de la vivienda y el terreno
5622,Pampeana,4,propietario de la vivienda y el terreno
5623,Pampeana,2,propietario de la vivienda y el terreno
5624,Pampeana,3,propietario de la vivienda y el terreno
5625,Pampeana,2,propietario de la vivienda solamente
5626,Cuyo,1,inquilino o arrendatario
5627,Cuyo,1,propietario de la vivienda y el terreno
5628,Pampeana,3,propietario de la vivienda y el terreno
5629,Pampeana,2,propietario de la vivienda y el terreno
5630,Pampeana,3,propietario de la vivienda y el terreno
5631,Pampeana,2,propietario de la vivienda y el terreno
5632,Pampeana,1,inquilino o arrendatario
5633,Pampeana,1,propietario de la vivienda y el terreno
5634,Pampeana,1,propietario de la vivienda y el terreno
5635,Pampeana,3,propietario de la vivienda y el terreno
5636,Pampeana,3,propietario de la vivienda y el terreno
5637,Patagonia,1,inquilino o arrendatario
5638,Gran Buenos Aires,1,inquilino o arrendatario
5639,Pampeana,3,"ocupante gratuito, con permiso"
5640,Noroeste,1,propietario de la vivienda y el terreno
5641,Noroeste,1,inquilino o arrendatario
5642,Noroeste,2,propietario de la vivienda y el terreno
5643,Pampeana,6,propietario de la vivienda y el terreno
5644,Noroeste,6,ocupante por pago de impuestos o expensas
5645,Noroeste,5,propietario de la vivienda y el terreno
5646,Pampeana,4,propietario de la vivienda y el terreno
5647,Pampeana,2,en sucesión
5648,Pampeana,7,propietario de la vivienda y el terreno
5649,Pampeana,1,"ocupante gratuito, con permiso"
5650,Pampeana,2,inquilino o arrendatario
5651,Pampeana,1,inquilino o arrendatario
5652,Pampeana,2,propietario de la vivienda y el terreno
5653,Pampeana,2,en sucesión
5654,Pampeana,3,propietario de la vivienda y el terreno
5655,Pampeana,5,inquilino o arrendatario
5656,Patagonia,1,propietario de la vivienda y el terreno
5657,Patagonia,1,inquilino o arrendatario
5658,Gran Buenos Aires,4,propietario de la vivienda y el terreno
5659,Gran Buenos Aires,1,inquilino o arrendatario
5660,Gran Buenos Aires,1,ocupante en relación de dependencia
5661,Pampeana,6,inquilino o arrendatario
5662,Pampeana,2,propietario de la vivienda y el terreno
5663,Pampeana,2,propietario de la vivienda y el terreno
5664,Pampeana,3,propietario de la vivienda y el terreno
5665,Pampeana,1,propietario de la vivienda y el terreno
5666,Pampeana,1,inquilino o arrendatario
5667,Pampeana,2,inquilino o arrendatario
5668,Pampeana,3,propietario de la vivienda y el terreno
5669,Pampeana,1,propietario de la vivienda y el terreno
5670,Pampeana,5,propietario de la vivienda y el terreno
5671,Pampeana,4,"ocupante gratuito, con permiso"
5672,Pampeana,2,propietario de la vivienda y el terreno
5673,Gran Buenos Aires,2,propietario de la vivienda y el terreno
5674,Gran Buenos Aires,3,inquilino o arrendatario
5675,Gran Buenos Aires,5,propietario de la vivienda solamente
5676,Gran Buenos Aires,1,propietario de la vivienda y el terreno
5677,Pampeana,2,propietario de la vivienda y el terreno
5678,Pampeana,3,propietario de la vivienda y el terreno
5679,Noroeste,1,propietario de la vivienda y el terreno
5680,Noroeste,2,propietario de la vivienda y el terreno
5681,Noroeste,2,propietario de la vivienda y el terreno
5682,Noroeste,4,propietario de la vivienda y el terreno
5683,Pampeana,3,ocupante por pago de impuestos o expensas
5684,Noroeste,5,propietario de la vivienda y el terreno
5685,Noroeste,2,propietario de la vivienda y el terreno
5686,Cuyo,1,propietario de la vivienda y el terreno
5687,Cuyo,7,propietario de la vivienda y el terreno
5688,Cuyo,3,ocupante por pago de impuestos o expensas
5689,Cuyo,4,propietario de la vivienda y el terreno
5690,Cuyo,2,"ocupante gratuito, con permiso"
5691,Cuyo,6,"ocupante gratuito, con permiso"
5692,Cuyo,2,"ocupante gratuito, con permiso"
5693,Cuyo,3,propietario de la vivienda y el terreno
5694,Cuyo,6,ocupante por pago de impuestos o expensas
5695,Cuyo,3,inquilino o arrendatario
5696,Cuyo,4,propietario de la vivienda y el terreno
5697,Patagonia,1,propietario de la vivienda y el terreno
5698,Noroeste,4,propietario de la vivienda y el terreno
5699,Patagonia,1,inquilino o arrendatario
5700,Patagonia,1,"ocupante gratuito, con permiso"
5701,Noroeste,4,propietario de la vivienda y el terreno
5702,Noroeste,8,propietario de la vivienda y el terreno
5703,Noroeste,8,propietario de la vivienda y el terreno
5704,Noreste,3,propietario de la vivienda solamente
5705,Pampeana,1,propietario de la vivienda y el terreno
5706,Pampeana,3,propietario de la vivienda y el terreno
5707,Pampeana,4,propietario de la vivienda y el terreno
5708,Pampeana,1,propietario de la vivienda y el terreno
5709,Pampeana,2,propietario de la vivienda y el terreno
5710,Pampeana,1,propietario de la vivienda y el terreno
5711,Pampeana,4,propietario de la vivienda y el terreno
5712,Pampeana,2,propietario de la vivienda y el terreno
5713,Pampeana,2,"ocupante de hecho, sin permiso"
5714,Pampeana,3,propietario de la vivienda y el terreno
5715,Pampeana,1,propietario de la vivienda y el terreno
5716,Pampeana,2,propietario de la vivienda y el terreno
5717,Gran Buenos Aires,4,inquilino o arrendatario
5718,Gran Buenos Aires,6,inquilino o arrendatario
5719,Gran Buenos Aires,3,propietario de la vivienda y el terreno
5720,Gran Buenos Aires,4,propietario de la vivienda y el terreno
5721,Gran Buenos Aires,4,propietario de la vivienda y el terreno
5722,Gran Buenos Aires,4,inquilino o arrendatario
5723,Pampeana,4,propietario de la vivienda y el terreno
5724,Pampeana,1,propietario de la vivienda y el terreno
5725,Pampeana,5,propietario de la vivienda solamente
5726,Pampeana,1,inquilino o arrendatario
5727,Cuyo,5,propietario de la vivienda y el terreno
5728,Noreste,2,propietario de la vivienda solamente
5729,Noreste,1,inquilino o arrendatario
5730,Noroeste,1,propietario de la vivienda y el terreno
5731,Noroeste,4,propietario de la vivienda y el terreno
5732,Cuyo,3,propietario de la vivienda y el terreno
5733,Cuyo,2,inquilino o arrendatario
5734,Pampeana,4,propietario de la vivienda y el terreno
5735,Pampeana,3,propietario de la vivienda y el terreno
5736,Pampeana,3,propietario de la vivienda y el terreno
5737,Noroeste,4,propietario de la vivienda solamente
5738,Pampeana,3,inquilino o arrendatario
5739,Pampeana,2,propietario de la vivienda y el terreno
5740,Patagonia,2,"ocupante gratuito, con permiso"
5741,Cuyo,2,propietario de la vivienda y el terreno
5742,Cuyo,1,propietario de la vivienda y el terreno
5743,Cuyo,2,inquilino o arrendatario
5744,Cuyo,5,inquilino o arrendatario
5745,Noroeste,1,propietario de la vivienda y el terreno
5746,Noroeste,5,propietario de la vivienda y el terreno
5747,Noroeste,5,propietario de la vivienda y el terreno
5748,Noroeste,3,propietario de la vivienda y el terreno
5749,Noroeste,3,propietario de la vivienda y el terreno
5750,Cuyo,2,propietario de la vivienda y el terreno
5751,Cuyo,3,"ocupante gratuito, con permiso"
5752,Cuyo,4,inquilino o arrendatario
5753,Cuyo,4,propietario de la vivienda y el terreno
5754,Patagonia,2,propietario de la vivienda y el terreno
5755,Patagonia,2,propietario de la vivienda y el terreno
5756,Patagonia,2,propietario de la vivienda y el terreno
5757,Patagonia,1,"ocupante gratuito, con permiso"
5758,Patagonia,4,"ocupante gratuito, con permiso"
5759,Cuyo,1,propietario de la vivienda y el terreno
5760,Patagonia,2,propietario de la vivienda y el terreno
5761,Noreste,4,propietario de la vivienda y el terreno
5762,Patagonia,4,propietario de la vivienda y el terreno
5763,Pampeana,11,propietario de la vivienda y el terreno
5764,Pampeana,3,propietario de la vivienda solamente
5765,Patagonia,6,inquilino o arrendatario
5766,Pampeana,4,propietario de la vivienda y el terreno
5767,Pampeana,4,propietario de la vivienda y el terreno
5768,Pampeana,1,inquilino o arrendatario
5769,Pampeana,1,inquilino o arrendatario
5770,Pampeana,1,inquilino o arrendatario
5771,Pampeana,3,"ocupante gratuito, con permiso"
5772,Pampeana,2,propietario de la vivienda y el terreno
5773,Pampeana,2,propietario de la vivienda y el terreno
5774,Pampeana,2,inquilino o arrendatario
5775,Pampeana,5,inquilino o arrendatario
5776,Pampeana,2,propietario de la vivienda y el terreno
5777,Pampeana,5,propietario de la vivienda solamente
5778,Pampeana,9,propietario de la vivienda y el terreno
5779,Pampeana,3,propietario de la vivienda y el terreno
5780,Pampeana,2,propietario de la vivienda y el terreno
5781,Pampeana,3,propietario de la vivienda y el terreno
5782,Pampeana,3,inquilino o arrendatario
5783,Pampeana,4,propietario de la vivienda y el terreno
5784,Noroeste,8,"ocupante gratuito, con permiso"
5785,Noroeste,3,propietario de la vivienda y el terreno
5786,Noroeste,3,propietario de la vivienda y el terreno
5787,Noroeste,1,en sucesión
5788,Gran Buenos Aires,3,propietario de la vivienda y el terreno
5789,Gran Buenos Aires,4,inquilino o arrendatario
5790,Gran Buenos Aires,1,en sucesión
5791,Pampeana,2,propietario de la vivienda y el terreno
5792,Pampeana,4,propietario de la vivienda y el terreno
5793,Pampeana,2,propietario de la vivienda y el terreno
5794,Noroeste,4,propietario de la vivienda y el terreno
5795,Noroeste,5,propietario de la vivienda y el terreno
5796,Noroeste,4,propietario de la vivienda y el terreno
5797,Pampeana,1,propietario de la vivienda y el terreno
5798,Pampeana,1,inquilino o arrendatario
5799,Pampeana,3,propietario de la vivienda y el terreno
5800,Pampeana,1,propietario de la vivienda y el terreno
5801,Patagonia,2,inquilino o arrendatario
5802,Patagonia,1,propietario de la vivienda y el terreno
5803,Noreste,3,propietario de la vivienda y el terreno
5804,Noreste,3,propietario de la vivienda solamente
5805,Noreste,3,propietario de la vivienda y el terreno
5806,Noreste,6,propietario de la vivienda y el terreno
5807,Pampeana,4,"ocupante gratuito, con permiso"
5808,Pampeana,5,propietario de la vivienda solamente
5809,Pampeana,1,ocupante por pago de impuestos o expensas
5810,Gran Buenos Aires,1,inquilino o arrendatario
5811,Gran Buenos Aires,2,propietario de la vivienda y el terreno
5812,Gran Buenos Aires,2,propietario de la vivienda y el terreno
5813,Gran Buenos Aires,4,propietario de la vivienda solamente
5814,Gran Buenos Aires,2,propietario de la vivienda y el terreno
5815,Patagonia,2,propietario de la vivienda y el terreno
5816,Patagonia,3,propietario de la vivienda y el terreno
5817,Patagonia,1,inquilino o arrendatario
5818,Patagonia,4,inquilino o arrendatario
5819,Gran Buenos Aires,6,propietario de la vivienda y el terreno
5820,Gran Buenos Aires,2,propietario de la vivienda y el terreno
5821,Gran Buenos Aires,2,"ocupante gratuito, con permiso"
5822,Gran Buenos Aires,1,inquilino o arrendatario
5823,Gran Buenos Aires,2,propietario de la vivienda y el terreno
5824,Gran Buenos Aires,3,propietario de la vivienda y el terreno
5825,Gran Buenos Aires,3,inquilino o arrendatario
5826,Pampeana,2,propietario de la vivienda y el terreno
5827,Gran Buenos Aires,1,"ocupante gratuito, con permiso"
5828,Gran Buenos Aires,1,inquilino o arrendatario
5829,Gran Buenos Aires,2,inquilino o arrendatario
5830,Gran Buenos Aires,1,propietario de la vivienda y el terreno
5831,Gran Buenos Aires,4,propietario de la vivienda y el terreno
5832,Pampeana,2,propietario de la vivienda y el terreno
5833,Pampeana,2,inquilino o arrendatario
5834,Patagonia,3,propietario de la vivienda y el terreno
5835,Patagonia,3,propietario de la vivienda y el terreno
5836,Patagonia,3,propietario de la vivienda y el terreno
5837,Patagonia,3,propietario de la vivienda y el terreno
5838,Pampeana,1,inquilino o arrendatario
5839,Pampeana,4,inquilino o arrendatario
5840,Pampeana,5,propietario de la vivienda y el terreno
5841,Pampeana,2,propietario de la vivienda y el terreno
5842,Pampeana,1,inquilino o arrendatario
5843,Pampeana,4,propietario de la vivienda y el terreno
5844,Pampeana,1,propietario de la vivienda y el terreno
5845,Gran Buenos Aires,1,"ocupante gratuito, con permiso"
5846,Gran Buenos Aires,3,propietario de la vivienda y el terreno
5847,Patagonia,2,ocupante por pago de impuestos o expensas
5848,Patagonia,3,"ocupante gratuito, con permiso"
5849,Patagonia,2,propietario de la vivienda y el terreno
5850,Patagonia,1,propietario de la vivienda y el terreno
5851,Patagonia,4,"ocupante gratuito, con permiso"
5852,Noreste,1,propietario de la vivienda y el terreno
5853,Noreste,5,propietario de la vivienda y el terreno
5854,Pampeana,4,propietario de la vivienda y el terreno
5855,Pampeana,4,propietario de la vivienda y el terreno
5856,Pampeana,1,propietario de la vivienda y el terreno
5857,Pampeana,2,inquilino o arrendatario
5858,Pampeana,1,propietario de la vivienda y el terreno
5859,Pampeana,1,"ocupante gratuito, con permiso"
5860,Pampeana,2,propietario de la vivienda y el terreno
5861,Pampeana,5,inquilino o arrendatario
5862,Pampeana,5,propietario de la vivienda y el terreno
5863,Pampeana,1,inquilino o arrendatario
5864,Patagonia,2,propietario de la vivienda y el terreno
5865,Patagonia,1,propietario de la vivienda y el terreno
5866,Patagonia,2,"ocupante gratuito, con permiso"
5867,Patagonia,3,"ocupante gratuito, con permiso"
5868,Patagonia,1,propietario de la vivienda y el terreno
5869,Noroeste,4,propietario de la vivienda y el terreno
5870,Noroeste,1,inquilino o arrendatario
5871,Noroeste,5,propietario de la vivienda y el terreno
5872,Noroeste,1,propietario de la vivienda y el terreno
5873,Noroeste,5,propietario de la vivienda y el terreno
5874,Pampeana,1,propietario de la vivienda solamente
5875,Pampeana,2,propietario de la vivienda y el terreno
5876,Pampeana,3,propietario de la vivienda y el terreno
5877,Pampeana,4,propietario de la vivienda y el terreno
5878,Pampeana,2,propietario de la vivienda y el terreno
5879,Pampeana,2,propietario de la vivienda y el terreno
5880,Pampeana,3,propietario de la vivienda y el terreno
5881,Patagonia,1,inquilino o arrendatario
5882,Pampeana,1,propietario de la vivienda y el terreno
5883,Pampeana,1,propietario de la vivienda y el terreno
5884,Pampeana,5,propietario de la vivienda y el terreno
5885,Pampeana,1,propietario de la vivienda y el terreno
5886,Pampeana,3,propietario de la vivienda y el terreno
5887,Pampeana,3,propietario de la vivienda y el terreno
5888,Noroeste,3,propietario de la vivienda y el terreno
5889,Noroeste,3,propietario de la vivienda y el terreno
5890,Noroeste,2,propietario de la vivienda y el terreno
5891,Noroeste,2,propietario de la vivienda y el terreno
5892,Pampeana,4,propietario de la vivienda y el terreno
5893,Pampeana,3,propietario de la vivienda y el terreno
5894,Pampeana,4,propietario de la vivienda y el terreno
5895,Pampeana,4,propietario de la vivienda y el terreno
5896,Pampeana,3,propietario de la vivienda y el terreno
5897,Pampeana,5,propietario de la vivienda y el terreno
5898,Patagonia,2,ocupante por pago de impuestos o expensas
5899,Noreste,2,propietario de la vivienda y el terreno
5900,Noroeste,3,propietario de la vivienda y el terreno
5901,Noroeste,2,propietario de la vivienda y el terreno
5902,Noroeste,2,propietario de la vivienda y el terreno
5903,Noroeste,2,propietario de la vivienda y el terreno
5904,Noroeste,2,propietario de la vivienda y el terreno
5905,Noroeste,4,inquilino o arrendatario
5906,Noroeste,5,propietario de la vivienda y el terreno
5907,Noroeste,4,propietario de la vivienda y el terreno
5908,Noroeste,4,propietario de la vivienda y el terreno
5909,Noroeste,2,inquilino o arrendatario
5910,Noroeste,4,propietario de la vivienda y el terreno
5911,Noroeste,2,inquilino o arrendatario
5912,Noroeste,3,propietario de la vivienda y el terreno
5913,Noroeste,4,ocupante por pago de impuestos o expensas
5914,Noroeste,3,propietario de la vivienda y el terreno
5915,Noroeste,3,propietario de la vivienda y el terreno
5916,Noroeste,4,inquilino o arrendatario
5917,Gran Buenos Aires,2,propietario de la vivienda y el terreno
5918,Pampeana,4,inquilino o arrendatario
5919,Pampeana,1,propietario de la vivienda y el terreno
5920,Cuyo,3,inquilino o arrendatario
5921,Cuyo,5,propietario de la vivienda y el terreno
5922,Noreste,2,propietario de la vivienda y el terreno
5923,Noreste,3,propietario de la vivienda y el terreno
5924,Noroeste,3,propietario de la vivienda y el terreno
5925,Noroeste,6,propietario de la vivienda y el terreno
5926,Noroeste,1,propietario de la vivienda y el terreno
5927,Noroeste,4,propietario de la vivienda y el terreno
5928,Noroeste,3,ocupante por pago de impuestos o expensas
5929,Pampeana,1,inquilino o arrendatario
5930,Pampeana,2,inquilino o arrendatario
5931,Pampeana,2,"ocupante gratuito, con permiso"
5932,Pampeana,1,inquilino o arrendatario
5933,Pampeana,1,inquilino o arrendatario
5934,Pampeana,4,inquilino o arrendatario
5935,Pampeana,2,inquilino o arrendatario
5936,Patagonia,2,propietario de la vivienda y el terreno
5937,Patagonia,3,propietario de la vivienda y el terreno
5938,Patagonia,2,propietario de la vivienda y el terreno
5939,Patagonia,1,inquilino o arrendatario
5940,Patagonia,2,propietario de la vivienda y el terreno
5941,Patagonia,5,ocupante por pago de impuestos o expensas
5942,Patagonia,4,ocupante por pago de impuestos o expensas
5943,Patagonia,4,propietario de la vivienda y el terreno
5944,Patagonia,2,propietario de la vivienda y el terreno
5945,Patagonia,1,propietario de la vivienda y el terreno
5946,Gran Buenos Aires,3,propietario de la vivienda y el terreno
5947,Gran Buenos Aires,2,propietario de la vivienda y el terreno
5948,Gran Buenos Aires,2,propietario de la vivienda y el terreno
5949,Gran Buenos Aires,3,propietario de la vivienda y el terreno
5950,Pampeana,6,"ocupante de hecho, sin permiso"
5951,Gran Buenos Aires,4,propietario de la vivienda y el terreno
5952,Gran Buenos Aires,4,propietario de la vivienda y el terreno
5953,Gran Buenos Aires,5,propietario de la vivienda y el terreno
5954,Pampeana,4,propietario de la vivienda y el terreno
5955,Pampeana,2,inquilino o arrendatario
5956,Pampeana,2,propietario de la vivienda y el terreno
5957,Pampeana,4,propietario de la vivienda y el terreno
5958,Pampeana,3,ocupante por pago de impuestos o expensas
5959,Pampeana,4,inquilino o arrendatario
5960,Pampeana,2,propietario de la vivienda y el terreno
5961,Patagonia,2,inquilino o arrendatario
5962,Patagonia,2,propietario de la vivienda y el terreno
5963,Patagonia,3,ocupante por pago de impuestos o expensas
5964,Noroeste,1,
5965,Noroeste,4,propietario de la vivienda y el terreno
5966,Noroeste,5,propietario de la vivienda y el terreno
5967,Noroeste,2,propietario de la vivienda y el terreno
5968,Noroeste,1,propietario de la vivienda y el terreno
5969,Noroeste,4,propietario de la vivienda y el terreno
5970,Gran Buenos Aires,3,"ocupante gratuito, con permiso"
5971,Gran Buenos Aires,5,"ocupante gratuito, con permiso"
5972,Gran Buenos Aires,3,propietario de la vivienda y el terreno
5973,Noreste,5,otra situación
5974,Noreste,7,propietario de la vivienda y el terreno
5975,Noreste,4,inquilino o arrendatario
5976,Noreste,4,propietario de la vivienda y el terreno
5977,Noreste,3,propietario de la vivienda solamente
5978,Noreste,1,propietario de la vivienda solamente
5979,Noreste,2,propietario de la vivienda y el terreno
5980,Noreste,1,propietario de la vivienda y el terreno
5981,Cuyo,5,inquilino o arrendatario
5982,Pampeana,3,inquilino o arrendatario
5983,Pampeana,2,inquilino o arrendatario
5984,Pampeana,3,inquilino o arrendatario
5985,Pampeana,4,propietario de la vivienda y el terreno
5986,Pampeana,5,propietario de la vivienda y el terreno
5987,Pampeana,4,propietario de la vivienda y el terreno
5988,Pampeana,1,otra situación
5989,Noroeste,3,propietario de la vivienda y el terreno
5990,Noroeste,5,propietario de la vivienda y el terreno
5991,Gran Buenos Aires,4,propietario de la vivienda solamente
5992,Gran Buenos Aires,6,propietario de la vivienda y el terreno
5993,Gran Buenos Aires,3,inquilino o arrendatario
5994,Gran Buenos Aires,2,propietario de la vivienda y el terreno
5995,Pampeana,4,propietario de la vivienda y el terreno
5996,Pampeana,1,inquilino o arrendatario
5997,Pampeana,1,propietario de la vivienda y el terreno
5998,Pampeana,3,inquilino o arrendatario
5999,Pampeana,3,inquilino o arrendatario
6000,Pampeana,5,inquilino o arrendatario
6001,Pampeana,3,"ocupante gratuito, con permiso"
6002,Pampeana,1,inquilino o arrendatario
6003,Gran Buenos Aires,1,otra situación
6004,Gran Buenos Aires,2,propietario de la vivienda y el terreno
6005,Pampeana,2,inquilino o arrendatario
6006,Pampeana,4,propietario de la vivienda y el terreno
6007,Pampeana,2,propietario de la vivienda y el terreno
6008,Patagonia,2,propietario de la vivienda y el terreno
6009,Patagonia,3,inquilino o arrendatario
6010,Patagonia,1,inquilino o arrendatario
6011,Patagonia,4,propietario de la vivienda y el terreno
6012,Patagonia,2,propietario de la vivienda y el terreno
6013,Pampeana,2,propietario de la vivienda y el terreno
6014,Pampeana,4,propietario de la vivienda y el terreno
6015,Pampeana,2,propietario de la vivienda y el terreno
6016,Gran Buenos Aires,4,propietario de la vivienda y el terreno
6017,Patagonia,1,propietario de la vivienda y el terreno
6018,Noroeste,3,propietario de la vivienda y el terreno
6019,Noroeste,4,propietario de la vivienda y el terreno
6020,Noroeste,4,propietario de la vivienda y el terreno
6021,Cuyo,2,propietario de la vivienda solamente
6022,Cuyo,3,propietario de la vivienda y el terreno
6023,Cuyo,5,propietario de la vivienda y el terreno
6024,Cuyo,3,propietario de la vivienda y el terreno
6025,Cuyo,1,propietario de la vivienda y el terreno
6026,Cuyo,5,propietario de la vivienda y el terreno
6027,Cuyo,1,propietario de la vivienda y el terreno
6028,Cuyo,3,"ocupante gratuito, con permiso"
6029,Cuyo,4,propietario de la vivienda y el terreno
6030,Cuyo,5,inquilino o arrendatario
6031,Pampeana,4,propietario de la vivienda y el terreno
6032,Pampeana,1,inquilino o arrendatario
6033,Noroeste,4,propietario de la vivienda y el terreno
6034,Noroeste,8,inquilino o arrendatario
6035,Pampeana,4,propietario de la vivienda y el terreno
6036,Patagonia,4,propietario de la vivienda y el terreno
6037,Patagonia,3,inquilino o arrendatario
6038,Noreste,1,"ocupante gratuito, con permiso"
6039,Noroeste,6,propietario de la vivienda y el terreno
6040,Noroeste,1,propietario de la vivienda y el terreno
6041,Noroeste,2,propietario de la vivienda y el terreno
6042,Noroeste,4,propietario de la vivienda y el terreno
6043,Pampeana,2,propietario de la vivienda y el terreno
6044,Cuyo,1,inquilino o arrendatario
6045,Cuyo,2,propietario de la vivienda y el terreno
6046,Cuyo,5,propietario de la vivienda y el terreno
6047,Cuyo,1,propietario de la vivienda y el terreno
6048,Cuyo,4,inquilino o arrendatario
6049,Pampeana,2,propietario de la vivienda y el terreno
6050,Pampeana,2,inquilino o arrendatario
6051,Pampeana,1,propietario de la vivienda solamente
6052,Pampeana,2,inquilino o arrendatario
6053,Gran Buenos Aires,1,propietario de la vivienda y el terreno
6054,Gran Buenos Aires,3,"ocupante gratuito, con permiso"
6055,Pampeana,2,inquilino o arrendatario
6056,Pampeana,2,propietario de la vivienda solamente
6057,Pampeana,1,"ocupante gratuito, con permiso"
6058,Pampeana,3,inquilino o arrendatario
6059,Pampeana,4,propietario de la vivienda y el terreno
6060,Patagonia,4,propietario de la vivienda solamente
6061,Patagonia,1,inquilino o arrendatario
6062,Patagonia,2,propietario de la vivienda solamente
6063,Pampeana,2,propietario de la vivienda y el terreno
6064,Pampeana,1,propietario de la vivienda y el terreno
6065,Pampeana,1,propietario de la vivienda y el terreno
6066,Pampeana,3,propietario de la vivienda y el terreno
6067,Patagonia,2,propietario de la vivienda y el terreno
6068,Patagonia,2,propietario de la vivienda y el terreno
6069,Patagonia,1,propietario de la vivienda y el terreno
6070,Patagonia,1,propietario de la vivienda y el terreno
6071,Patagonia,2,inquilino o arrendatario
6072,Patagonia,3,propietario de la vivienda y el terreno
6073,Noroeste,5,propietario de la vivienda y el terreno
6074,Noroeste,4,propietario de la vivienda y el terreno
6075,Noroeste,1,propietario de la vivienda y el terreno
6076,Pampeana,4,propietario de la vivienda y el terreno
6077,Pampeana,1,propietario de la vivienda y el terreno
6078,Patagonia,2,inquilino o arrendatario
6079,Patagonia,2,propietario de la vivienda y el terreno
6080,Patagonia,2,inquilino o arrendatario
6081,Patagonia,1,propietario de la vivienda y el terreno
6082,Pampeana,1,inquilino o arrendatario
6083,Pampeana,4,propietario de la vivienda solamente
6084,Pampeana,1,propietario de la vivienda y el terreno
6085,Pampeana,4,propietario de la vivienda solamente
6086,Pampeana,4,propietario de la vivienda y el terreno
6087,Gran Buenos Aires,1,propietario de la vivienda y el terreno
6088,Gran Buenos Aires,2,propietario de la vivienda y el terreno
6089,Gran Buenos Aires,2,propietario de la vivienda y el terreno
6090,Pampeana,5,"ocupante gratuito, con permiso"
6091,Pampeana,7,propietario de la vivienda y el terreno
6092,Pampeana,2,propietario de la vivienda y el terreno
6093,Pampeana,5,propietario de la vivienda y el terreno
6094,Pampeana,5,propietario de la vivienda y el terreno
6095,Pampeana,2,propietario de la vivienda y el terreno
6096,Pampeana,4,propietario de la vivienda y el terreno
6097,Noroeste,1,ocupante por pago de impuestos o expensas
6098,Patagonia,1,propietario de la vivienda solamente
6099,Patagonia,5,propietario de la vivienda y el terreno
6100,Patagonia,3,inquilino o arrendatario
6101,Patagonia,5,propietario de la vivienda y el terreno
6102,Patagonia,1,inquilino o arrendatario
6103,Patagonia,3,inquilino o arrendatario
6104,Gran Buenos Aires,4,propietario de la vivienda y el terreno
6105,Gran Buenos Aires,4,"ocupante gratuito, con permiso"
6106,Gran Buenos Aires,2,propietario de la vivienda y el terreno
6107,Gran Buenos Aires,5,propietario de la vivienda y el terreno
6108,Gran Buenos Aires,2,propietario de la vivienda y el terreno
6109,Gran Buenos Aires,4,propietario de la vivienda y el terreno
6110,Noroeste,4,propietario de la vivienda y el terreno
6111,Noroeste,5,"ocupante gratuito, con permiso"
6112,Noroeste,3,propietario de la vivienda y el terreno
6113,Gran Buenos Aires,4,ocupante por pago de impuestos o expensas
6114,Gran Buenos Aires,1,propietario de la vivienda y el terreno
6115,Patagonia,3,inquilino o arrendatario
6116,Patagonia,2,inquilino o arrendatario
6117,Patagonia,4,en sucesión
6118,Patagonia,2,inquilino o arrendatario
6119,Patagonia,2,propietario de la vivienda y el terreno
6120,Patagonia,1,propietario de la vivienda solamente
6121,Pampeana,5,propietario de la vivienda y el terreno
6122,Pampeana,1,propietario de la vivienda y el terreno
6123,Pampeana,4,propietario de la vivienda y el terreno
6124,Pampeana,3,propietario de la vivienda y el terreno
6125,Noroeste,1,propietario de la vivienda y el terreno
6126,Gran Buenos Aires,6,propietario de la vivienda y el terreno
6127,Pampeana,5,propietario de la vivienda y el terreno
6128,Pampeana,2,propietario de la vivienda y el terreno
6129,Pampeana,5,propietario de la vivienda y el terreno
6130,Pampeana,3,propietario de la vivienda y el terreno
6131,Gran Buenos Aires,4,propietario de la vivienda y el terreno
6132,Gran Buenos Aires,5,propietario de la vivienda y el terreno
6133,Gran Buenos Aires,2,propietario de la vivienda y el terreno
6134,Gran Buenos Aires,2,"ocupante gratuito, con permiso"
6135,Gran Buenos Aires,5,propietario de la vivienda y el terreno
6136,Gran Buenos Aires,2,propietario de la vivienda y el terreno
6137,Pampeana,5,propietario de la vivienda y el terreno
6138,Pampeana,3,propietario de la vivienda y el terreno
6139,Pampeana,1,"ocupante gratuito, con permiso"
6140,Pampeana,2,propietario de la vivienda y el terreno
6141,Pampeana,1,propietario de la vivienda solamente
6142,Gran Buenos Aires,4,ocupante por pago de impuestos o expensas
6143,Gran Buenos Aires,2,propietario de la vivienda y el terreno
6144,Gran Buenos Aires,4,propietario de la vivienda y el terreno
6145,Gran Buenos Aires,2,propietario de la vivienda y el terreno
6146,Gran Buenos Aires,2,inquilino o arrendatario
6147,Pampeana,5,propietario de la vivienda y el terreno
6148,Gran Buenos Aires,2,propietario de la vivienda y el terreno
6149,Gran Buenos Aires,3,propietario de la vivienda y el terreno
6150,Gran Buenos Aires,2,inquilino o arrendatario
6151,Gran Buenos Aires,1,propietario de la vivienda y el terreno
6152,Gran Buenos Aires,2,propietario de la vivienda y el terreno
6153,Gran Buenos Aires,1,propietario de la vivienda y el terreno
6154,Noroeste,1,en sucesión
6155,Noroeste,2,propietario de la vivienda y el terreno
6156,Noroeste,3,propietario de la vivienda y el terreno
6157,Noroeste,4,propietario de la vivienda y el terreno
6158,Pampeana,1,propietario de la vivienda solamente
6159,Pampeana,1,propietario de la vivienda y el terreno
6160,Pampeana,3,propietario de la vivienda y el terreno
6161,Pampeana,2,inquilino o arrendatario
6162,Pampeana,1,inquilino o arrendatario
6163,Pampeana,3,propietario de la vivienda y el terreno
6164,Cuyo,2,propietario de la vivienda y el terreno
6165,Cuyo,4,inquilino o arrendatario
6166,Cuyo,1,propietario de la vivienda y el terreno
6167,Cuyo,1,propietario de la vivienda y el terreno
6168,Pampeana,1,propietario de la vivienda solamente
6169,Pampeana,3,propietario de la vivienda y el terreno
6170,Noreste,2,propietario de la vivienda y el terreno
6171,Noreste,7,propietario de la vivienda y el terreno
6172,Gran Buenos Aires,2,propietario de la vivienda y el terreno
6173,Gran Buenos Aires,4,propietario de la vivienda y el terreno
6174,Gran Buenos Aires,2,propietario de la vivienda y el terreno
6175,Gran Buenos Aires,5,propietario de la vivienda y el terreno
6176,Gran Buenos Aires,3,propietario de la vivienda y el terreno
6177,Pampeana,3,propietario de la vivienda y el terreno
6178,Pampeana,5,propietario de la vivienda y el terreno
6179,Pampeana,3,propietario de la vivienda y el terreno
6180,Pampeana,1,inquilino o arrendatario
6181,Pampeana,1,propietario de la vivienda y el terreno
6182,Pampeana,2,inquilino o arrendatario
6183,Pampeana,2,propietario de la vivienda y el terreno
6184,Pampeana,3,propietario de la vivienda y el terreno
6185,Pampeana,7,propietario de la vivienda y el terreno
6186,Pampeana,3,propietario de la vivienda y el terreno
6187,Patagonia,1,propietario de la vivienda y el terreno
6188,Noroeste,2,propietario de la vivienda y el terreno
6189,Noroeste,4,propietario de la vivienda y el terreno
6190,Noroeste,4,propietario de la vivienda y el terreno
6191,Noroeste,8,propietario de la vivienda y el terreno
6192,Noreste,2,propietario de la vivienda y el terreno
6193,Noreste,5,inquilino o arrendatario
6194,Noreste,4,propietario de la vivienda solamente
6195,Noreste,2,propietario de la vivienda y el terreno
6196,Noroeste,2,en sucesión
6197,Noroeste,2,inquilino o arrendatario
6198,Patagonia,3,propietario de la vivienda y el terreno
6199,Patagonia,1,inquilino o arrendatario
6200,Patagonia,3,propietario de la vivienda y el terreno
6201,Noroeste,2,inquilino o arrendatario
6202,Noroeste,6,propietario de la vivienda y el terreno
6203,Gran Buenos Aires,5,propietario de la vivienda y el terreno
6204,Gran Buenos Aires,1,propietario de la vivienda y el terreno
6205,Noreste,3,propietario de la vivienda y el terreno
6206,Pampeana,2,propietario de la vivienda y el terreno
6207,Pampeana,3,inquilino o arrendatario
6208,Pampeana,2,inquilino o arrendatario
6209,Pampeana,2,inquilino o arrendatario
6210,Pampeana,6,propietario de la vivienda solamente
6211,Pampeana,1,inquilino o arrendatario
6212,Pampeana,3,propietario de la vivienda y el terreno
6213,Pampeana,3,propietario de la vivienda y el terreno
6214,Patagonia,3,"ocupante gratuito, con permiso"
6215,Patagonia,2,en sucesión
6216,Patagonia,2,"ocupante gratuito, con permiso"
6217,Patagonia,3,propietario de la vivienda y el terreno
6218,Patagonia,2,propietario de la vivienda y el terreno
6219,Patagonia,2,inquilino o arrendatario
6220,Pampeana,2,propietario de la vivienda y el terreno
6221,Gran Buenos Aires,1,inquilino o arrendatario
6222,Gran Buenos Aires,3,propietario de la vivienda y el terreno
6223,Pampeana,3,propietario de la vivienda y el terreno
6224,Gran Buenos Aires,4,propietario de la vivienda y el terreno
6225,Gran Buenos Aires,2,propietario de la vivienda solamente
6226,Pampeana,3,propietario de la vivienda y el terreno
6227,Pampeana,2,inquilino o arrendatario
6228,Patagonia,5,inquilino o arrendatario
6229,Patagonia,3,inquilino o arrendatario
6230,Patagonia,1,propietario de la vivienda y el terreno
6231,Patagonia,3,ocupante por pago de impuestos o expensas
6232,Patagonia,6,propietario de la vivienda y el terreno
6233,Patagonia,1,ocupante por pago de impuestos o expensas
6234,Pampeana,4,propietario de la vivienda y el terreno
6235,Pampeana,3,propietario de la vivienda solamente
6236,Patagonia,3,propietario de la vivienda y el terreno
6237,Patagonia,4,propietario de la vivienda y el terreno
6238,Gran Buenos Aires,1,en sucesión
6239,Gran Buenos Aires,1,propietario de la vivienda y el terreno
6240,Gran Buenos Aires,2,propietario de la vivienda y el terreno
6241,Gran Buenos Aires,4,propietario de la vivienda y el terreno
6242,Gran Buenos Aires,4,propietario de la vivienda y el terreno
6243,Gran Buenos Aires,4,propietario de la vivienda solamente
6244,Patagonia,1,propietario de la vivienda y el terreno
6245,Patagonia,5,propietario de la vivienda y el terreno
6246,Patagonia,1,"ocupante gratuito, con permiso"
6247,Gran Buenos Aires,6,en sucesión
6248,Gran Buenos Aires,3,propietario de la vivienda y el terreno
6249,Gran Buenos Aires,4,propietario de la vivienda y el terreno
6250,Gran Buenos Aires,1,propietario de la vivienda y el terreno
6251,Gran Buenos Aires,2,inquilino o arrendatario
6252,Gran Buenos Aires,2,propietario de la vivienda y el terreno
6253,Noroeste,2,propietario de la vivienda y el terreno
6254,Pampeana,2,propietario de la vivienda y el terreno
6255,Cuyo,9,propietario de la vivienda y el terreno
6256,Cuyo,3,propietario de la vivienda y el terreno
6257,Cuyo,2,propietario de la vivienda y el terreno
6258,Cuyo,1,propietario de la vivienda y el terreno
6259,Pampeana,4,propietario de la vivienda y el terreno
6260,Pampeana,2,propietario de la vivienda y el terreno
6261,Pampeana,2,inquilino o arrendatario
6262,Pampeana,2,propietario de la vivienda y el terreno
6263,Pampeana,2,inquilino o arrendatario
6264,Pampeana,2,inquilino o arrendatario
6265,Pampeana,4,propietario de la vivienda y el terreno
6266,Pampeana,2,inquilino o arrendatario
6267,Pampeana,2,propietario de la vivienda y el terreno
6268,Gran Buenos Aires,1,propietario de la vivienda y el terreno
6269,Gran Buenos Aires,1,inquilino o arrendatario
6270,Gran Buenos Aires,2,propietario de la vivienda y el terreno
6271,Gran Buenos Aires,1,propietario de la vivienda y el terreno
6272,Noroeste,4,inquilino o arrendatario
6273,Noroeste,5,propietario de la vivienda y el terreno
6274,Pampeana,2,"ocupante gratuito, con permiso"
6275,Pampeana,3,inquilino o arrendatario
6276,Pampeana,3,propietario de la vivienda y el terreno
6277,Pampeana,1,propietario de la vivienda y el terreno
6278,Pampeana,2,propietario de la vivienda y el terreno
6279,Pampeana,5,"ocupante gratuito, con permiso"
6280,Pampeana,2,inquilino o arrendatario
6281,Pampeana,2,propietario de la vivienda y el terreno
6282,Pampeana,3,"ocupante gratuito, con permiso"
6283,Pampeana,5,propietario de la vivienda y el terreno
6284,Pampeana,5,propietario de la vivienda y el terreno
6285,Pampeana,5,propietario de la vivienda y el terreno
6286,Pampeana,2,propietario de la vivienda y el terreno
6287,Pampeana,7,propietario de la vivienda y el terreno
6288,Pampeana,2,propietario de la vivienda y el terreno
6289,Pampeana,5,propietario de la vivienda y el terreno
6290,Noreste,1,inquilino o arrendatario
6291,Pampeana,4,propietario de la vivienda y el terreno
6292,Pampeana,2,inquilino o arrendatario
6293,Pampeana,1,inquilino o arrendatario
6294,Pampeana,2,propietario de la vivienda y el terreno
6295,Pampeana,1,propietario de la vivienda y el terreno
6296,Pampeana,3,propietario de la vivienda y el terreno
6297,Pampeana,2,propietario de la vivienda y el terreno
6298,Patagonia,1,propietario de la vivienda y el terreno
6299,Patagonia,3,propietario de la vivienda solamente
6300,Patagonia,2,propietario de la vivienda y el terreno
6301,Patagonia,1,propietario de la vivienda y el terreno
6302,Patagonia,3,inquilino o arrendatario
6303,Noroeste,3,ocupante por pago de impuestos o expensas
6304,Noroeste,4,propietario de la vivienda y el terreno
6305,Noroeste,1,ocupante por pago de impuestos o expensas
6306,Noroeste,2,propietario de la vivienda y el terreno
6307,Pampeana,2,propietario de la vivienda y el terreno
6308,Pampeana,1,en sucesión
6309,Pampeana,4,propietario de la vivienda y el terreno
6310,Pampeana,1,propietario de la vivienda y el terreno
6311,Patagonia,2,propietario de la vivienda y el terreno
6312,Patagonia,2,propietario de la vivienda y el terreno
6313,Patagonia,4,propietario de la vivienda y el terreno
6314,Cuyo,5,propietario de la vivienda y el terreno
6315,Cuyo,4,propietario de la vivienda y el terreno
6316,Cuyo,4,"ocupante gratuito, con permiso"
6317,Patagonia,10,propietario de la vivienda y el terreno
6318,Patagonia,3,propietario de la vivienda y el terreno
6319,Patagonia,2,propietario de la vivienda y el terreno
6320,Patagonia,4,propietario de la vivienda y el terreno
6321,Noroeste,3,propietario de la vivienda y el terreno
6322,Pampeana,2,propietario de la vivienda y el terreno
6323,Pampeana,2,propietario de la vivienda y el terreno
6324,Pampeana,2,propietario de la vivienda y el terreno
6325,Noreste,6,propietario de la vivienda y el terreno
6326,Pampeana,4,propietario de la vivienda y el terreno
6327,Pampeana,6,inquilino o arrendatario
6328,Pampeana,3,propietario de la vivienda y el terreno
6329,Pampeana,1,propietario de la vivienda y el terreno
6330,Pampeana,2,inquilino o arrendatario
6331,Pampeana,6,inquilino o arrendatario
6332,Pampeana,1,propietario de la vivienda y el terreno
6333,Noreste,4,propietario de la vivienda y el terreno
6334,Noreste,1,propietario de la vivienda solamente
6335,Noreste,4,propietario de la vivienda solamente
6336,Gran Buenos Aires,2,propietario de la vivienda y el terreno
6337,Gran Buenos Aires,3,propietario de la vivienda y el terreno
6338,Gran Buenos Aires,4,propietario de la vivienda y el terreno
6339,Gran Buenos Aires,3,inquilino o arrendatario
6340,Gran Buenos Aires,4,inquilino o arrendatario
6341,Gran Buenos Aires,7,propietario de la vivienda y el terreno
6342,Gran Buenos Aires,1,propietario de la vivienda solamente
6343,Gran Buenos Aires,3,propietario de la vivienda y el terreno
6344,Noroeste,1,propietario de la vivienda y el terreno
6345,Noroeste,3,propietario de la vivienda y el terreno
6346,Noroeste,1,propietario de la vivienda y el terreno
6347,Noroeste,4,ocupante por pago de impuestos o expensas
6348,Noroeste,2,inquilino o arrendatario
6349,Pampeana,1,inquilino o arrendatario
6350,Pampeana,1,propietario de la vivienda y el terreno
6351,Pampeana,1,ocupante por pago de impuestos o expensas
6352,Pampeana,4,ocupante por pago de impuestos o expensas
6353,Pampeana,2,inquilino o arrendatario
6354,Pampeana,1,propietario de la vivienda y el terreno
6355,Pampeana,2,propietario de la vivienda y el terreno
6356,Pampeana,3,inquilino o arrendatario
6357,Pampeana,2,propietario de la vivienda y el terreno
6358,Pampeana,5,propietario de la vivienda y el terreno
6359,Pampeana,3,propietario de la vivienda y el terreno
6360,Pampeana,4,"ocupante de hecho, sin permiso"
6361,Pampeana,4,ocupante por pago de impuestos o expensas
6362,Pampeana,2,propietario de la vivienda y el terreno
6363,Noroeste,3,propietario de la vivienda y el terreno
6364,Gran Buenos Aires,7,propietario de la vivienda y el terreno
6365,Gran Buenos Aires,2,propietario de la vivienda y el terreno
6366,Noreste,1,propietario de la vivienda y el terreno
6367,Pampeana,1,propietario de la vivienda y el terreno
6368,Pampeana,4,inquilino o arrendatario
6369,Pampeana,4,propietario de la vivienda y el terreno
6370,Pampeana,1,propietario de la vivienda y el terreno
6371,Noreste,5,propietario de la vivienda y el terreno
6372,Noreste,2,propietario de la vivienda y el terreno
6373,Cuyo,1,"ocupante gratuito, con permiso"
6374,Cuyo,1,inquilino o arrendatario
6375,Cuyo,1,inquilino o arrendatario
6376,Noreste,5,propietario de la vivienda y el terreno
6377,Noreste,3,propietario de la vivienda y el terreno
6378,Noreste,5,propietario de la vivienda y el terreno
6379,Noreste,4,propietario de la vivienda y el terreno
6380,Noreste,1,propietario de la vivienda y el terreno
6381,Pampeana,3,propietario de la vivienda y el terreno
6382,Noroeste,6,propietario de la vivienda y el terreno
6383,Noroeste,3,propietario de la vivienda y el terreno
6384,Pampeana,3,propietario de la vivienda y el terreno
6385,Pampeana,1,inquilino o arrendatario
6386,Gran Buenos Aires,3,propietario de la vivienda y el terreno
6387,Gran Buenos Aires,3,propietario de la vivienda y el terreno
6388,Gran Buenos Aires,2,propietario de la vivienda y el terreno
6389,Gran Buenos Aires,4,"ocupante gratuito, con permiso"
6390,Pampeana,2,inquilino o arrendatario
6391,Pampeana,2,propietario de la vivienda y el terreno
6392,Pampeana,1,propietario de la vivienda y el terreno
6393,Pampeana,3,propietario de la vivienda solamente
6394,Pampeana,3,propietario de la vivienda y el terreno
6395,Pampeana,1,propietario de la vivienda y el terreno
6396,Noreste,2,propietario de la vivienda y el terreno
6397,Noreste,3,"ocupante gratuito, con permiso"
6398,Noreste,4,propietario de la vivienda y el terreno
6399,Noreste,3,propietario de la vivienda y el terreno
6400,Noreste,6,propietario de la vivienda y el terreno
6401,Noreste,2,propietario de la vivienda y el terreno
6402,Noreste,4,propietario de la vivienda y el terreno
6403,Noreste,2,propietario de la vivienda y el terreno
6404,Noreste,5,propietario de la vivienda y el terreno
6405,Noreste,2,propietario de la vivienda y el terreno
6406,Gran Buenos Aires,4,propietario de la vivienda y el terreno
6407,Gran Buenos Aires,2,propietario de la vivienda y el terreno
6408,Gran Buenos Aires,5,propietario de la vivienda y el terreno
6409,Gran Buenos Aires,3,propietario de la vivienda y el terreno
6410,Pampeana,1,propietario de la vivienda y el terreno
6411,Pampeana,1,inquilino o arrendatario
6412,Pampeana,1,propietario de la vivienda y el terreno
6413,Pampeana,1,propietario de la vivienda solamente
6414,Pampeana,1,inquilino o arrendatario
6415,Pampeana,2,propietario de la vivienda y el terreno
6416,Pampeana,2,propietario de la vivienda y el terreno
6417,Pampeana,2,propietario de la vivienda y el terreno
6418,Noroeste,2,inquilino o arrendatario
6419,Noroeste,3,propietario de la vivienda y el terreno
6420,Patagonia,4,inquilino o arrendatario
6421,Patagonia,2,propietario de la vivienda y el terreno
6422,Patagonia,1,inquilino o arrendatario
6423,Noreste,3,propietario de la vivienda solamente
6424,Noreste,2,propietario de la vivienda y el terreno
6425,Noreste,2,ocupante por pago de impuestos o expensas
6426,Noroeste,2,propietario de la vivienda y el terreno
6427,Noroeste,2,"ocupante gratuito, con permiso"
6428,Pampeana,1,inquilino o arrendatario
6429,Pampeana,1,propietario de la vivienda y el terreno
6430,Pampeana,1,propietario de la vivienda y el terreno
6431,Gran Buenos Aires,2,propietario de la vivienda solamente
6432,Gran Buenos Aires,1,propietario de la vivienda y el terreno
6433,Gran Buenos Aires,2,propietario de la vivienda y el terreno
6434,Pampeana,1,inquilino o arrendatario
6435,Patagonia,1,propietario de la vivienda y el terreno
6436,Patagonia,1,propietario de la vivienda y el terreno
6437,Patagonia,2,propietario de la vivienda y el terreno
6438,Patagonia,9,propietario de la vivienda y el terreno
6439,Pampeana,3,inquilino o arrendatario
6440,Patagonia,1,propietario de la vivienda y el terreno
6441,Patagonia,4,propietario de la vivienda y el terreno
6442,Patagonia,3,propietario de la vivienda y el terreno
6443,Patagonia,2,en sucesión
6444,Noreste,3,propietario de la vivienda solamente
6445,Noreste,2,propietario de la vivienda y el terreno
6446,Cuyo,2,inquilino o arrendatario
6447,Cuyo,6,propietario de la vivienda solamente
6448,Cuyo,3,inquilino o arrendatario
6449,Pampeana,3,propietario de la vivienda y el terreno
6450,Pampeana,6,propietario de la vivienda y el terreno
6451,Pampeana,4,propietario de la vivienda y el terreno
6452,Noroeste,2,propietario de la vivienda y el terreno
6453,Noroeste,3,propietario de la vivienda y el terreno
6454,Noroeste,3,propietario de la vivienda y el terreno
6455,Noroeste,15,propietario de la vivienda y el terreno
6456,Noroeste,4,propietario de la vivienda y el terreno
6457,Pampeana,1,inquilino o arrendatario
6458,Pampeana,2,inquilino o arrendatario
6459,Pampeana,1,ocupante por pago de impuestos o expensas
6460,Pampeana,1,propietario de la vivienda y el terreno
6461,Pampeana,1,propietario de la vivienda y el terreno
6462,Noreste,4,propietario de la vivienda solamente
6463,Noreste,2,inquilino o arrendatario
6464,Noreste,2,propietario de la vivienda y el terreno
6465,Noreste,2,inquilino o arrendatario
6466,Noreste,1,propietario de la vivienda y el terreno
6467,Gran Buenos Aires,4,propietario de la vivienda y el terreno
6468,Gran Buenos Aires,1,propietario de la vivienda solamente
6469,Gran Buenos Aires,2,propietario de la vivienda y el terreno
6470,Gran Buenos Aires,4,inquilino o arrendatario
6471,Pampeana,1,inquilino o arrendatario
6472,Patagonia,1,"ocupante gratuito, con permiso"
6473,Patagonia,1,inquilino o arrendatario
6474,Patagonia,2,"ocupante gratuito, con permiso"
6475,Patagonia,2,inquilino o arrendatario
6476,Patagonia,1,inquilino o arrendatario
6477,Pampeana,1,inquilino o arrendatario
6478,Noroeste,2,propietario de la vivienda y el terreno
6479,Noroeste,1,inquilino o arrendatario
6480,Cuyo,1,propietario de la vivienda y el terreno
6481,Pampeana,5,propietario de la vivienda y el terreno
6482,Pampeana,3,propietario de la vivienda y el terreno
6483,Pampeana,6,propietario de la vivienda y el terreno
6484,Pampeana,5,propietario de la vivienda y el terreno
6485,Patagonia,3,propietario de la vivienda y el terreno
6486,Patagonia,2,propietario de la vivienda y el terreno
6487,Noroeste,6,propietario de la vivienda y el terreno
6488,Noroeste,4,propietario de la vivienda y el terreno
6489,Noroeste,3,propietario de la vivienda y el terreno
6490,Noroeste,4,"ocupante gratuito, con permiso"
6491,Noroeste,2,propietario de la vivienda y el terreno
6492,Noroeste,3,propietario de la vivienda y el terreno
6493,Noroeste,1,propietario de la vivienda y el terreno
6494,Gran Buenos Aires,1,propietario de la vivienda y el terreno
6495,Gran Buenos Aires,2,propietario de la vivienda y el terreno
6496,Gran Buenos Aires,3,propietario de la vivienda y el terreno
6497,Gran Buenos Aires,1,inquilino o arrendatario
6498,Gran Buenos Aires,2,propietario de la vivienda y el terreno
6499,Gran Buenos Aires,3,inquilino o arrendatario
6500,Gran Buenos Aires,8,propietario de la vivienda y el terreno
6501,Gran Buenos Aires,2,inquilino o arrendatario
6502,Gran Buenos Aires,3,"ocupante gratuito, con permiso"
6503,Gran Buenos Aires,4,propietario de la vivienda y el terreno
6504,Gran Buenos Aires,3,propietario de la vivienda y el terreno
6505,Gran Buenos Aires,2,propietario de la vivienda y el terreno
6506,Gran Buenos Aires,5,propietario de la vivienda y el terreno
6507,Gran Buenos Aires,2,propietario de la vivienda y el terreno
6508,Gran Buenos Aires,1,propietario de la vivienda y el terreno
6509,Gran Buenos Aires,3,inquilino o arrendatario
6510,Pampeana,1,"ocupante gratuito, con permiso"
6511,Pampeana,1,propietario de la vivienda y el terreno
6512,Pampeana,1,propietario de la vivienda y el terreno
6513,Pampeana,1,propietario de la vivienda y el terreno
6514,Pampeana,2,propietario de la vivienda y el terreno
6515,Pampeana,1,inquilino o arrendatario
6516,Noroeste,6,propietario de la vivienda y el terreno
6517,Noroeste,6,propietario de la vivienda y el terreno
6518,Pampeana,3,"ocupante gratuito, con permiso"
6519,Pampeana,1,propietario de la vivienda y el terreno
6520,Pampeana,4,propietario de la vivienda y el terreno
6521,Pampeana,1,propietario de la vivienda y el terreno
6522,Pampeana,3,propietario de la vivienda y el terreno
6523,Noroeste,4,propietario de la vivienda y el terreno
6524,Noroeste,3,propietario de la vivienda y el terreno
6525,Noroeste,1,propietario de la vivienda y el terreno
6526,Noroeste,1,inquilino o arrendatario
6527,Noroeste,2,propietario de la vivienda y el terreno
6528,Noroeste,2,propietario de la vivienda y el terreno
6529,Noroeste,4,propietario de la vivienda y el terreno
6530,Noroeste,3,propietario de la vivienda y el terreno
6531,Cuyo,6,propietario de la vivienda y el terreno
6532,Cuyo,3,propietario de la vivienda y el terreno
6533,Pampeana,7,propietario de la vivienda solamente
6534,Pampeana,3,propietario de la vivienda y el terreno
6535,Pampeana,5,propietario de la vivienda y el terreno
6536,Pampeana,4,propietario de la vivienda y el terreno
6537,Gran Buenos Aires,2,propietario de la vivienda y el terreno
6538,Noroeste,4,propietario de la vivienda y el terreno
6539,Noroeste,2,propietario de la vivienda y el terreno
6540,Noroeste,6,propietario de la vivienda y el terreno
6541,Cuyo,4,propietario de la vivienda y el terreno
6542,Noroeste,5,propietario de la vivienda y el terreno
6543,Gran Buenos Aires,5,inquilino o arrendatario
6544,Gran Buenos Aires,2,propietario de la vivienda y el terreno
6545,Gran Buenos Aires,1,ocupante por pago de impuestos o expensas
6546,Gran Buenos Aires,3,ocupante por pago de impuestos o expensas
6547,Pampeana,4,inquilino o arrendatario
6548,Pampeana,2,propietario de la vivienda y el terreno
6549,Pampeana,8,propietario de la vivienda y el terreno
6550,Pampeana,3,inquilino o arrendatario
6551,Pampeana,2,propietario de la vivienda y el terreno
6552,Pampeana,3,propietario de la vivienda y el terreno
6553,Gran Buenos Aires,3,inquilino o arrendatario
6554,Gran Buenos Aires,2,propietario de la vivienda y el terreno
6555,Gran Buenos Aires,2,inquilino o arrendatario
6556,Gran Buenos Aires,9,propietario de la vivienda y el terreno
6557,Pampeana,5,inquilino o arrendatario
6558,Pampeana,2,propietario de la vivienda y el terreno
6559,Pampeana,3,propietario de la vivienda y el terreno
6560,Pampeana,2,propietario de la vivienda y el terreno
6561,Pampeana,2,propietario de la vivienda y el terreno
6562,Pampeana,2,propietario de la vivienda y el terreno
6563,Gran Buenos Aires,1,"ocupante gratuito, con permiso"
6564,Gran Buenos Aires,1,propietario de la vivienda y el terreno
6565,Noroeste,1,ocupante por pago de impuestos o expensas
6566,Noroeste,7,propietario de la vivienda y el terreno
6567,Noroeste,4,propietario de la vivienda y el terreno
6568,Noroeste,3,propietario de la vivienda y el terreno
6569,Noroeste,4,propietario de la vivienda y el terreno
6570,Noroeste,5,propietario de la vivienda y el terreno
6571,Noroeste,3,propietario de la vivienda y el terreno
6572,Noroeste,2,propietario de la vivienda y el terreno
6573,Noroeste,2,propietario de la vivienda y el terreno
6574,Noroeste,2,inquilino o arrendatario
6575,Noroeste,1,inquilino o arrendatario
6576,Noroeste,3,en sucesión
6577,Gran Buenos Aires,4,propietario de la vivienda y el terreno
6578,Pampeana,3,propietario de la vivienda y el terreno
6579,Pampeana,3,inquilino o arrendatario
6580,Pampeana,3,propietario de la vivienda y el terreno
6581,Pampeana,2,propietario de la vivienda y el terreno
6582,Noroeste,1,propietario de la vivienda y el terreno
6583,Gran Buenos Aires,5,propietario de la vivienda y el terreno
6584,Gran Buenos Aires,8,propietario de la vivienda solamente
6585,Gran Buenos Aires,3,propietario de la vivienda y el terreno
6586,Gran Buenos Aires,3,propietario de la vivienda y el terreno
6587,Pampeana,1,propietario de la vivienda y el terreno
6588,Pampeana,1,inquilino o arrendatario
6589,Pampeana,3,propietario de la vivienda y el terreno
6590,Pampeana,2,propietario de la vivienda y el terreno
6591,Pampeana,2,propietario de la vivienda y el terreno
6592,Pampeana,5,propietario de la vivienda y el terreno
6593,Pampeana,4,inquilino o arrendatario
6594,Pampeana,3,propietario de la vivienda solamente
6595,Gran Buenos Aires,3,propietario de la vivienda y el terreno
6596,Gran Buenos Aires,2,propietario de la vivienda y el terreno
6597,Gran Buenos Aires,3,propietario de la vivienda y el terreno
6598,Gran Buenos Aires,4,propietario de la vivienda y el terreno
6599,Gran Buenos Aires,4,propietario de la vivienda y el terreno
6600,Gran Buenos Aires,5,propietario de la vivienda y el terreno
6601,Gran Buenos Aires,6,propietario de la vivienda y el terreno
6602,Gran Buenos Aires,1,propietario de la vivienda y el terreno
6603,Gran Buenos Aires,2,inquilino o arrendatario
6604,Gran Buenos Aires,2,propietario de la vivienda y el terreno
6605,Gran Buenos Aires,1,propietario de la vivienda y el terreno
6606,Gran Buenos Aires,3,inquilino o arrendatario
6607,Gran Buenos Aires,2,propietario de la vivienda y el terreno
6608,Gran Buenos Aires,1,propietario de la vivienda y el terreno
6609,Pampeana,2,propietario de la vivienda y el terreno
6610,Pampeana,2,inquilino o arrendatario
6611,Pampeana,2,propietario de la vivienda y el terreno
6612,Pampeana,3,propietario de la vivienda y el terreno
6613,Patagonia,4,propietario de la vivienda y el terreno
6614,Pampeana,2,propietario de la vivienda y el terreno
6615,Noroeste,3,"ocupante gratuito, con permiso"
6616,Noroeste,4,propietario de la vivienda y el terreno
6617,Patagonia,2,propietario de la vivienda y el terreno
6618,Patagonia,3,propietario de la vivienda y el terreno
6619,Pampeana,2,propietario de la vivienda y el terreno
6620,Pampeana,4,propietario de la vivienda y el terreno
6621,Pampeana,6,propietario de la vivienda y el terreno
6622,Noreste,3,propietario de la vivienda y el terreno
6623,Pampeana,1,inquilino o arrendatario
6624,Pampeana,2,propietario de la vivienda solamente
6625,Pampeana,5,propietario de la vivienda y el terreno
6626,Pampeana,5,propietario de la vivienda y el terreno
6627,Gran Buenos Aires,1,inquilino o arrendatario
6628,Gran Buenos Aires,3,propietario de la vivienda y el terreno
6629,Pampeana,4,propietario de la vivienda y el terreno
6630,Pampeana,1,inquilino o arrendatario
6631,Noroeste,2,propietario de la vivienda y el terreno
6632,Noroeste,3,propietario de la vivienda y el terreno
6633,Noroeste,4,propietario de la vivienda y el terreno
6634,Pampeana,1,propietario de la vivienda y el terreno
6635,Pampeana,3,propietario de la vivienda y el terreno
6636,Pampeana,2,propietario de la vivienda y el terreno
6637,Pampeana,5,inquilino o arrendatario
6638,Gran Buenos Aires,2,inquilino o arrendatario
6639,Gran Buenos Aires,2,propietario de la vivienda y el terreno
6640,Gran Buenos Aires,3,propietario de la vivienda solamente
6641,Pampeana,3,propietario de la vivienda y el terreno
6642,Pampeana,2,propietario de la vivienda y el terreno
6643,Noroeste,4,propietario de la vivienda y el terreno
6644,Pampeana,5,propietario de la vivienda y el terreno
6645,Pampeana,1,propietario de la vivienda y el terreno
6646,Noroeste,3,propietario de la vivienda y el terreno
6647,Noroeste,4,propietario de la vivienda y el terreno
6648,Patagonia,3,propietario de la vivienda y el terreno
6649,Patagonia,3,inquilino o arrendatario
6650,Patagonia,2,inquilino o arrendatario
6651,Patagonia,1,propietario de la vivienda y el terreno
6652,Gran Buenos Aires,5,inquilino o arrendatario
6653,Noroeste,1,inquilino o arrendatario
6654,Noroeste,4,"ocupante gratuito, con permiso"
6655,Pampeana,2,propietario de la vivienda y el terreno
6656,Pampeana,4,propietario de la vivienda y el terreno
6657,Pampeana,3,propietario de la vivienda y el terreno
6658,Pampeana,2,propietario de la vivienda y el terreno
6659,Pampeana,1,inquilino o arrendatario
6660,Pampeana,4,propietario de la vivienda y el terreno
6661,Gran Buenos Aires,1,propietario de la vivienda y el terreno
6662,Gran Buenos Aires,1,propietario de la vivienda y el terreno
6663,Gran Buenos Aires,5,propietario de la vivienda y el terreno
6664,Gran Buenos Aires,5,propietario de la vivienda y el terreno
6665,Pampeana,2,propietario de la vivienda y el terreno
6666,Pampeana,4,propietario de la vivienda solamente
6667,Gran Buenos Aires,3,propietario de la vivienda y el terreno
6668,Gran Buenos Aires,3,propietario de la vivienda solamente
6669,Gran Buenos Aires,1,propietario de la vivienda y el terreno
6670,Gran Buenos Aires,4,ocupante por pago de impuestos o expensas
6671,Gran Buenos Aires,2,inquilino o arrendatario
6672,Pampeana,2,en sucesión
6673,Pampeana,1,inquilino o arrendatario
6674,Pampeana,1,inquilino o arrendatario
6675,Pampeana,6,propietario de la vivienda y el terreno
6676,Pampeana,2,inquilino o arrendatario
6677,Pampeana,4,inquilino o arrendatario
6678,Noreste,1,inquilino o arrendatario
6679,Noreste,4,propietario de la vivienda y el terreno
6680,Noreste,3,propietario de la vivienda y el terreno
6681,Noreste,5,propietario de la vivienda y el terreno
6682,Pampeana,3,propietario de la vivienda y el terreno
6683,Pampeana,2,propietario de la vivienda y el terreno
6684,Pampeana,2,propietario de la vivienda y el terreno
6685,Pampeana,1,propietario de la vivienda y el terreno
6686,Gran Buenos Aires,2,propietario de la vivienda y el terreno
6687,Gran Buenos Aires,2,propietario de la vivienda y el terreno
6688,Gran Buenos Aires,2,propietario de la vivienda y el terreno
6689,Noroeste,3,propietario de la vivienda y el terreno
6690,Noroeste,2,inquilino o arrendatario
6691,Noreste,1,propietario de la vivienda y el terreno
6692,Noreste,5,propietario de la vivienda y el terreno
6693,Noreste,2,propietario de la vivienda y el terreno
6694,Noreste,4,inquilino o arrendatario
6695,Noreste,2,propietario de la vivienda y el terreno
6696,Patagonia,4,propietario de la vivienda y el terreno
6697,Patagonia,3,ocupante por pago de impuestos o expensas
6698,Patagonia,1,propietario de la vivienda y el terreno
6699,Patagonia,3,propietario de la vivienda y el terreno
6700,Noroeste,3,propietario de la vivienda y el terreno
6701,Noroeste,2,propietario de la vivienda y el terreno
6702,Pampeana,2,inquilino o arrendatario
6703,Noroeste,4,en sucesión
6704,Noroeste,3,propietario de la vivienda y el terreno
6705,Noroeste,4,propietario de la vivienda y el terreno
6706,Pampeana,5,propietario de la vivienda y el terreno
6707,Patagonia,4,inquilino o arrendatario
6708,Patagonia,4,inquilino o arrendatario
6709,Cuyo,6,propietario de la vivienda y el terreno
6710,Pampeana,3,"ocupante de hecho, sin permiso"
6711,Patagonia,3,inquilino o arrendatario
6712,Noroeste,4,propietario de la vivienda y el terreno
6713,Noroeste,4,"ocupante gratuito, con permiso"
6714,Noroeste,4,propietario de la vivienda y el terreno
6715,Noroeste,4,propietario de la vivienda y el terreno
6716,Noroeste,3,propietario de la vivienda y el terreno
6717,Noroeste,4,propietario de la vivienda y el terreno
6718,Noroeste,5,propietario de la vivienda y el terreno
6719,Noroeste,2,propietario de la vivienda y el terreno
6720,Pampeana,2,propietario de la vivienda y el terreno
6721,Pampeana,3,propietario de la vivienda y el terreno
6722,Noreste,2,propietario de la vivienda y el terreno
6723,Noreste,3,inquilino o arrendatario
6724,Noreste,1,propietario de la vivienda y el terreno
6725,Pampeana,2,propietario de la vivienda y el terreno
6726,Pampeana,8,propietario de la vivienda y el terreno
6727,Pampeana,1,propietario de la vivienda y el terreno
6728,Noreste,2,propietario de la vivienda y el terreno
6729,Noreste,2,propietario de la vivienda y el terreno
6730,Noreste,4,propietario de la vivienda y el terreno
6731,Gran Buenos Aires,4,propietario de la vivienda y el terreno
6732,Noroeste,3,propietario de la vivienda y el terreno
6733,Noroeste,2,propietario de la vivienda y el terreno
6734,Noroeste,2,inquilino o arrendatario
6735,Noroeste,4,propietario de la vivienda y el terreno
6736,Noroeste,2,"ocupante gratuito, con permiso"
6737,Noroeste,2,propietario de la vivienda y el terreno
6738,Noroeste,8,propietario de la vivienda y el terreno
6739,Noroeste,2,propietario de la vivienda y el terreno
6740,Cuyo,2,propietario de la vivienda y el terreno
6741,Cuyo,4,"ocupante gratuito, con permiso"
6742,Pampeana,4,propietario de la vivienda y el terreno
6743,Pampeana,5,propietario de la vivienda y el terreno
6744,Pampeana,1,inquilino o arrendatario
6745,Pampeana,5,propietario de la vivienda y el terreno
6746,Pampeana,2,propietario de la vivienda y el terreno
6747,Pampeana,2,propietario de la vivienda y el terreno
6748,Pampeana,2,propietario de la vivienda y el terreno
6749,Pampeana,2,propietario de la vivienda solamente
6750,Pampeana,3,inquilino o arrendatario
6751,Pampeana,3,propietario de la vivienda y el terreno
6752,Pampeana,1,propietario de la vivienda y el terreno
6753,Pampeana,4,propietario de la vivienda y el terreno
6754,Gran Buenos Aires,2,propietario de la vivienda y el terreno
6755,Pampeana,3,propietario de la vivienda y el terreno
6756,Pampeana,9,propietario de la vivienda y el terreno
6757,Pampeana,2,propietario de la vivienda y el terreno
6758,Pampeana,6,propietario de la vivienda y el terreno
6759,Pampeana,1,propietario de la vivienda y el terreno
6760,Cuyo,2,propietario de la vivienda y el terreno
6761,Cuyo,3,inquilino o arrendatario
6762,Cuyo,4,inquilino o arrendatario
6763,Patagonia,1,propietario de la vivienda y el terreno
6764,Patagonia,3,inquilino o arrendatario
6765,Noroeste,4,propietario de la vivienda y el terreno
6766,Noroeste,5,propietario de la vivienda y el terreno
6767,Noroeste,4,propietario de la vivienda y el terreno
6768,Noroeste,4,propietario de la vivienda y el terreno
6769,Noroeste,4,propietario de la vivienda y el terreno
6770,Patagonia,3,propietario de la vivienda y el terreno
6771,Patagonia,1,propietario de la vivienda y el terreno
6772,Patagonia,2,inquilino o arrendatario
6773,Patagonia,3,inquilino o arrendatario
6774,Gran Buenos Aires,3,propietario de la vivienda y el terreno
6775,Gran Buenos Aires,2,propietario de la vivienda solamente
6776,Pampeana,3,propietario de la vivienda y el terreno
6777,Pampeana,1,propietario de la vivienda y el terreno
6778,Noroeste,2,ocupante por pago de impuestos o expensas
6779,Noroeste,5,propietario de la vivienda y el terreno
6780,Noroeste,6,propietario de la vivienda y el terreno
6781,Pampeana,7,propietario de la vivienda y el terreno
6782,Pampeana,4,propietario de la vivienda y el terreno
6783,Pampeana,6,propietario de la vivienda y el terreno
6784,Pampeana,5,inquilino o arrendatario
6785,Pampeana,8,inquilino o arrendatario
6786,Pampeana,4,propietario de la vivienda y el terreno
6787,Pampeana,1,propietario de la vivienda y el terreno
6788,Pampeana,2,propietario de la vivienda y el terreno
6789,Pampeana,1,ocupante por pago de impuestos o expensas
6790,Pampeana,1,propietario de la vivienda y el terreno
6791,Pampeana,3,propietario de la vivienda y el terreno
6792,Pampeana,1,"ocupante gratuito, con permiso"
6793,Pampeana,2,"ocupante gratuito, con permiso"
6794,Pampeana,4,"ocupante gratuito, con permiso"
6795,Pampeana,4,propietario de la vivienda y el terreno
6796,Pampeana,2,propietario de la vivienda solamente
6797,Pampeana,2,propietario de la vivienda y el terreno
6798,Gran Buenos Aires,5,propietario de la vivienda y el terreno
6799,Pampeana,4,propietario de la vivienda y el terreno
6800,Pampeana,1,"ocupante gratuito, con permiso"
6801,Pampeana,1,"ocupante gratuito, con permiso"
6802,Pampeana,4,propietario de la vivienda y el terreno
6803,Gran Buenos Aires,2,propietario de la vivienda y el terreno
6804,Gran Buenos Aires,10,propietario de la vivienda y el terreno
6805,Gran Buenos Aires,2,propietario de la vivienda y el terreno
6806,Gran Buenos Aires,2,inquilino o arrendatario
6807,Gran Buenos Aires,2,propietario de la vivienda y el terreno
6808,Gran Buenos Aires,2,inquilino o arrendatario
6809,Noroeste,7,propietario de la vivienda y el terreno
6810,Noroeste,2,propietario de la vivienda y el terreno
6811,Noroeste,3,inquilino o arrendatario
6812,Pampeana,4,propietario de la vivienda y el terreno
6813,Pampeana,3,propietario de la vivienda y el terreno
6814,Pampeana,2,propietario de la vivienda solamente
6815,Pampeana,4,inquilino o arrendatario
6816,Pampeana,4,inquilino o arrendatario
6817,Pampeana,3,propietario de la vivienda y el terreno
6818,Pampeana,3,propietario de la vivienda y el terreno
6819,Pampeana,2,propietario de la vivienda y el terreno
6820,Patagonia,4,propietario de la vivienda y el terreno
6821,Patagonia,3,"ocupante gratuito, con permiso"
6822,Patagonia,3,propietario de la vivienda y el terreno
6823,Patagonia,2,inquilino o arrendatario
6824,Patagonia,4,propietario de la vivienda y el terreno
6825,Gran Buenos Aires,3,propietario de la vivienda y el terreno
6826,Noroeste,3,propietario de la vivienda y el terreno
6827,Noroeste,4,propietario de la vivienda y el terreno
6828,Pampeana,2,propietario de la vivienda y el terreno
6829,Pampeana,4,inquilino o arrendatario
6830,Noroeste,4,propietario de la vivienda y el terreno
6831,Noroeste,1,propietario de la vivienda y el terreno
6832,Noroeste,2,propietario de la vivienda y el terreno
6833,Noroeste,6,propietario de la vivienda y el terreno
6834,Noroeste,2,propietario de la vivienda y el terreno
6835,Noroeste,7,propietario de la vivienda y el terreno
6836,Noreste,1,propietario de la vivienda y el terreno
6837,Noreste,1,propietario de la vivienda y el terreno
6838,Patagonia,3,inquilino o arrendatario
6839,Patagonia,1,propietario de la vivienda y el terreno
6840,Cuyo,2,propietario de la vivienda y el terreno
6841,Cuyo,1,propietario de la vivienda y el terreno
6842,Cuyo,1,inquilino o arrendatario
6843,Cuyo,3,inquilino o arrendatario
6844,Cuyo,2,propietario de la vivienda y el terreno
6845,Cuyo,6,propietario de la vivienda y el terreno
6846,Noreste,5,propietario de la vivienda y el terreno
6847,Noreste,2,propietario de la vivienda solamente
6848,Noreste,3,propietario de la vivienda y el terreno
6849,Noreste,3,inquilino o arrendatario
6850,Gran Buenos Aires,2,propietario de la vivienda y el terreno
6851,Gran Buenos Aires,3,propietario de la vivienda y el terreno
6852,Gran Buenos Aires,1,propietario de la vivienda y el terreno
6853,Pampeana,3,propietario de la vivienda y el terreno
6854,Pampeana,4,propietario de la vivienda y el terreno
6855,Pampeana,4,propietario de la vivienda y el terreno
6856,Pampeana,7,propietario de la vivienda y el terreno
6857,Gran Buenos Aires,4,"ocupante gratuito, con permiso"
6858,Gran Buenos Aires,4,propietario de la vivienda y el terreno
6859,Gran Buenos Aires,3,propietario de la vivienda y el terreno
6860,Gran Buenos Aires,6,propietario de la vivienda y el terreno
6861,Gran Buenos Aires,8,propietario de la vivienda y el terreno
6862,Gran Buenos Aires,3,inquilino o arrendatario
6863,Gran Buenos Aires,2,propietario de la vivienda y el terreno
6864,Gran Buenos Aires,4,inquilino o arrendatario
6865,Gran Buenos Aires,2,propietario de la vivienda y el terreno
6866,Gran Buenos Aires,2,propietario de la vivienda y el terreno
6867,Pampeana,2,inquilino o arrendatario
6868,Pampeana,2,propietario de la vivienda y el terreno
6869,Pampeana,2,propietario de la vivienda y el terreno
6870,Pampeana,1,inquilino o arrendatario
6871,Pampeana,1,propietario de la vivienda y el terreno
6872,Cuyo,6,propietario de la vivienda solamente
6873,Cuyo,6,propietario de la vivienda y el terreno
6874,Cuyo,1,propietario de la vivienda y el terreno
6875,Cuyo,3,"ocupante gratuito, con permiso"
6876,Cuyo,5,propietario de la vivienda y el terreno
6877,Cuyo,3,propietario de la vivienda y el terreno
6878,Noroeste,1,propietario de la vivienda y el terreno
6879,Noroeste,6,propietario de la vivienda y el terreno
6880,Noroeste,1,en sucesión
6881,Noroeste,6,propietario de la vivienda y el terreno
6882,Pampeana,1,propietario de la vivienda y el terreno
6883,Pampeana,3,propietario de la vivienda y el terreno
6884,Pampeana,3,propietario de la vivienda y el terreno
6885,Pampeana,1,propietario de la vivienda y el terreno
6886,Pampeana,5,propietario de la vivienda y el terreno
6887,Pampeana,2,propietario de la vivienda y el terreno
6888,Pampeana,2,inquilino o arrendatario
6889,Pampeana,3,inquilino o arrendatario
6890,Pampeana,5,propietario de la vivienda y el terreno
6891,Noroeste,2,propietario de la vivienda y el terreno
6892,Gran Buenos Aires,2,propietario de la vivienda y el terreno
6893,Gran Buenos Aires,2,propietario de la vivienda y el terreno
6894,Gran Buenos Aires,1,propietario de la vivienda y el terreno
6895,Gran Buenos Aires,3,propietario de la vivienda solamente
6896,Noroeste,8,propietario de la vivienda y el terreno
6897,Noroeste,2,propietario de la vivienda y el terreno
6898,Noroeste,1,propietario de la vivienda y el terreno
6899,Noroeste,7,propietario de la vivienda y el terreno
6900,Noroeste,3,propietario de la vivienda solamente
6901,Noroeste,1,propietario de la vivienda solamente
6902,Noroeste,3,propietario de la vivienda y el terreno
6903,Noroeste,2,propietario de la vivienda y el terreno
6904,Pampeana,3,propietario de la vivienda y el terreno
6905,Pampeana,1,propietario de la vivienda y el terreno
6906,Pampeana,1,propietario de la vivienda y el terreno
6907,Pampeana,4,propietario de la vivienda y el terreno
6908,Pampeana,3,inquilino o arrendatario
6909,Noroeste,7,propietario de la vivienda y el terreno
6910,Noroeste,1,propietario de la vivienda y el terreno
6911,Noroeste,2,propietario de la vivienda y el terreno
6912,Pampeana,2,inquilino o arrendatario
6913,Pampeana,4,propietario de la vivienda y el terreno
6914,Pampeana,2,inquilino o arrendatario
6915,Pampeana,2,propietario de la vivienda y el terreno
6916,Pampeana,2,inquilino o arrendatario
6917,Pampeana,3,propietario de la vivienda y el terreno
6918,Pampeana,2,propietario de la vivienda y el terreno
6919,Pampeana,3,propietario de la vivienda y el terreno
6920,Pampeana,1,propietario de la vivienda y el terreno
6921,Pampeana,1,propietario de la vivienda y el terreno
6922,Noroeste,3,propietario de la vivienda y el terreno
6923,Noroeste,2,propietario de la vivienda y el terreno
6924,Noroeste,4,propietario de la vivienda y el terreno
6925,Noroeste,8,propietario de la vivienda y el terreno
6926,Noreste,4,propietario de la vivienda y el terreno
6927,Noreste,1,propietario de la vivienda y el terreno
6928,Noreste,4,propietario de la vivienda solamente
6929,Noreste,2,propietario de la vivienda y el terreno
6930,Noroeste,2,propietario de la vivienda y el terreno
6931,Gran Buenos Aires,2,propietario de la vivienda y el terreno
6932,Gran Buenos Aires,1,propietario de la vivienda y el terreno
6933,Gran Buenos Aires,2,propietario de la vivienda y el terreno
6934,Cuyo,4,propietario de la vivienda y el terreno
6935,Cuyo,3,propietario de la vivienda y el terreno
6936,Cuyo,4,ocupante en relación de dependencia
6937,Cuyo,3,en sucesión
6938,Cuyo,4,propietario de la vivienda y el terreno
6939,Noroeste,1,inquilino o arrendatario
6940,Noreste,3,propietario de la vivienda y el terreno
6941,Noroeste,2,propietario de la vivienda y el terreno
6942,Noroeste,1,propietario de la vivienda y el terreno
6943,Noroeste,4,propietario de la vivienda y el terreno
6944,Patagonia,2,inquilino o arrendatario
6945,Pampeana,3,propietario de la vivienda solamente
6946,Gran Buenos Aires,1,propietario de la vivienda y el terreno
6947,Pampeana,2,propietario de la vivienda y el terreno
6948,Gran Buenos Aires,4,ocupante por pago de impuestos o expensas
6949,Gran Buenos Aires,2,propietario de la vivienda y el terreno
6950,Gran Buenos Aires,4,propietario de la vivienda y el terreno
6951,Gran Buenos Aires,2,propietario de la vivienda y el terreno
6952,Gran Buenos Aires,1,inquilino o arrendatario
6953,Gran Buenos Aires,1,"ocupante gratuito, con permiso"
6954,Gran Buenos Aires,2,propietario de la vivienda y el terreno
6955,Gran Buenos Aires,2,propietario de la vivienda y el terreno
6956,Gran Buenos Aires,2,propietario de la vivienda y el terreno
6957,Gran Buenos Aires,3,propietario de la vivienda y el terreno
6958,Gran Buenos Aires,3,propietario de la vivienda y el terreno
6959,Gran Buenos Aires,3,propietario de la vivienda solamente
6960,Gran Buenos Aires,4,propietario de la vivienda y el terreno
6961,Gran Buenos Aires,1,propietario de la vivienda solamente
6962,Gran Buenos Aires,6,propietario de la vivienda y el terreno
6963,Pampeana,2,inquilino o arrendatario
6964,Pampeana,1,propietario de la vivienda y el terreno
6965,Pampeana,1,propietario de la vivienda y el terreno
6966,Pampeana,2,propietario de la vivienda y el terreno
6967,Pampeana,5,propietario de la vivienda y el terreno
6968,Gran Buenos Aires,2,"ocupante gratuito, con permiso"
6969,Gran Buenos Aires,1,inquilino o arrendatario
6970,Noreste,4,propietario de la vivienda y el terreno
6971,Noreste,1,propietario de la vivienda solamente
6972,Noreste,3,propietario de la vivienda y el terreno
6973,Noreste,1,inquilino o arrendatario
6974,Noreste,4,propietario de la vivienda solamente
6975,Noroeste,2,propietario de la vivienda y el terreno
6976,Gran Buenos Aires,1,propietario de la vivienda y el terreno
6977,Gran Buenos Aires,2,inquilino o arrendatario
6978,Gran Buenos Aires,1,inquilino o arrendatario
6979,Patagonia,3,"ocupante gratuito, con permiso"
6980,Patagonia,3,inquilino o arrendatario
6981,Patagonia,2,propietario de la vivienda y el terreno
6982,Patagonia,1,propietario de la vivienda y el terreno
6983,Pampeana,1,propietario de la vivienda y el terreno
6984,Pampeana,1,propietario de la vivienda solamente
6985,Pampeana,6,propietario de la vivienda y el terreno
6986,Pampeana,2,inquilino o arrendatario
6987,Pampeana,4,propietario de la vivienda y el terreno
6988,Cuyo,2,propietario de la vivienda y el terreno
6989,Noreste,2,propietario de la vivienda solamente
6990,Noreste,1,inquilino o arrendatario
6991,Noreste,6,"ocupante gratuito, con permiso"
6992,Pampeana,4,propietario de la vivienda y el terreno
6993,Pampeana,4,propietario de la vivienda y el terreno
6994,Patagonia,1,"ocupante gratuito, con permiso"
6995,Patagonia,4,propietario de la vivienda y el terreno
6996,Patagonia,3,propietario de la vivienda y el terreno
6997,Patagonia,4,propietario de la vivienda y el terreno
6998,Patagonia,1,inquilino o arrendatario
6999,Patagonia,2,propietario de la vivienda y el terreno
7000,Patagonia,4,propietario de la vivienda y el terreno
7001,Patagonia,2,propietario de la vivienda y el terreno
7002,Patagonia,5,propietario de la vivienda y el terreno
7003,Patagonia,2,inquilino o arrendatario
7004,Pampeana,2,propietario de la vivienda y el terreno
7005,Noroeste,4,propietario de la vivienda solamente
7006,Noroeste,3,en sucesión
7007,Noroeste,2,inquilino o arrendatario
7008,Noroeste,2,propietario de la vivienda y el terreno
7009,Pampeana,1,propietario de la vivienda y el terreno
7010,Gran Buenos Aires,2,propietario de la vivienda y el terreno
7011,Gran Buenos Aires,2,propietario de la vivienda y el terreno
7012,Gran Buenos Aires,4,inquilino o arrendatario
7013,Gran Buenos Aires,6,en sucesión
7014,Noreste,3,propietario de la vivienda y el terreno
7015,Pampeana,3,inquilino o arrendatario
7016,Pampeana,2,propietario de la vivienda y el terreno
7017,Pampeana,1,inquilino o arrendatario
7018,Pampeana,1,propietario de la vivienda y el terreno
7019,Pampeana,2,propietario de la vivienda y el terreno
7020,Gran Buenos Aires,2,en sucesión
7021,Gran Buenos Aires,1,propietario de la vivienda solamente
7022,Gran Buenos Aires,3,inquilino o arrendatario
7023,Gran Buenos Aires,3,propietario de la vivienda y el terreno
7024,Pampeana,2,propietario de la vivienda y el terreno
7025,Pampeana,4,inquilino o arrendatario
7026,Pampeana,3,propietario de la vivienda y el terreno
7027,Pampeana,2,propietario de la vivienda y el terreno
7028,Pampeana,7,propietario de la vivienda y el terreno
7029,Pampeana,7,propietario de la vivienda y el terreno
7030,Gran Buenos Aires,1,propietario de la vivienda y el terreno
7031,Gran Buenos Aires,4,propietario de la vivienda y el terreno
7032,Gran Buenos Aires,2,propietario de la vivienda y el terreno
7033,Noroeste,4,propietario de la vivienda y el terreno
7034,Noroeste,2,propietario de la vivienda y el terreno
7035,Noroeste,3,inquilino o arrendatario
7036,Noreste,1,inquilino o arrendatario
7037,Patagonia,1,propietario de la vivienda y el terreno
7038,Patagonia,2,inquilino o arrendatario
7039,Patagonia,2,propietario de la vivienda solamente
7040,Patagonia,2,inquilino o arrendatario
7041,Patagonia,2,propietario de la vivienda y el terreno
7042,Patagonia,3,"ocupante gratuito, con permiso"
7043,Patagonia,2,propietario de la vivienda y el terreno
7044,Patagonia,2,"ocupante gratuito, con permiso"
7045,Patagonia,2,propietario de la vivienda y el terreno
7046,Cuyo,8,propietario de la vivienda y el terreno
7047,Cuyo,2,inquilino o arrendatario
7048,Cuyo,2,inquilino o arrendatario
7049,Cuyo,4,propietario de la vivienda y el terreno
7050,Noroeste,1,inquilino o arrendatario
7051,Noroeste,4,propietario de la vivienda y el terreno
7052,Patagonia,4,propietario de la vivienda y el terreno
7053,Patagonia,1,propietario de la vivienda y el terreno
7054,Patagonia,1,inquilino o arrendatario
7055,Patagonia,3,inquilino o arrendatario
7056,Noroeste,4,propietario de la vivienda y el terreno
7057,Noroeste,2,propietario de la vivienda y el terreno
7058,Cuyo,2,propietario de la vivienda y el terreno
7059,Noroeste,2,propietario de la vivienda y el terreno
7060,Noroeste,2,inquilino o arrendatario
7061,Noroeste,4,propietario de la vivienda y el terreno
7062,Noroeste,8,propietario de la vivienda y el terreno
7063,Noroeste,5,propietario de la vivienda y el terreno
7064,Noroeste,2,propietario de la vivienda y el terreno
7065,Noroeste,6,propietario de la vivienda y el terreno
7066,Noroeste,9,propietario de la vivienda y el terreno
7067,Pampeana,4,propietario de la vivienda y el terreno
7068,Pampeana,1,inquilino o arrendatario
7069,Patagonia,3,propietario de la vivienda y el terreno
7070,Patagonia,4,propietario de la vivienda y el terreno
7071,Patagonia,3,propietario de la vivienda y el terreno
7072,Patagonia,3,inquilino o arrendatario
7073,Patagonia,1,ocupante por pago de impuestos o expensas
7074,Patagonia,1,
7075,Patagonia,1,propietario de la vivienda y el terreno
7076,Patagonia,2,propietario de la vivienda y el terreno
7077,Gran Buenos Aires,2,en sucesión
7078,Gran Buenos Aires,6,"ocupante gratuito, con permiso"
7079,Gran Buenos Aires,5,propietario de la vivienda y el terreno
7080,Gran Buenos Aires,5,propietario de la vivienda y el terreno
7081,Gran Buenos Aires,3,propietario de la vivienda y el terreno
7082,Gran Buenos Aires,1,propietario de la vivienda y el terreno
7083,Gran Buenos Aires,2,"ocupante gratuito, con permiso"
7084,Gran Buenos Aires,2,propietario de la vivienda y el terreno
7085,Gran Buenos Aires,2,inquilino o arrendatario
7086,Gran Buenos Aires,5,propietario de la vivienda y el terreno
7087,Noroeste,4,propietario de la vivienda y el terreno
7088,Noroeste,4,propietario de la vivienda y el terreno
7089,Noroeste,5,propietario de la vivienda y el terreno
7090,Gran Buenos Aires,4,propietario de la vivienda solamente
7091,Gran Buenos Aires,2,inquilino o arrendatario
7092,Gran Buenos Aires,2,propietario de la vivienda y el terreno
7093,Gran Buenos Aires,1,inquilino o arrendatario
7094,Gran Buenos Aires,2,propietario de la vivienda y el terreno
7095,Pampeana,2,inquilino o arrendatario
7096,Pampeana,1,inquilino o arrendatario
7097,Pampeana,1,inquilino o arrendatario
7098,Pampeana,4,propietario de la vivienda y el terreno
7099,Pampeana,2,propietario de la vivienda y el terreno
7100,Pampeana,3,"ocupante gratuito, con permiso"
7101,Pampeana,4,propietario de la vivienda y el terreno
7102,Pampeana,3,propietario de la vivienda solamente
7103,Noroeste,2,propietario de la vivienda y el terreno
7104,Noroeste,3,inquilino o arrendatario
7105,Noroeste,1,propietario de la vivienda y el terreno
7106,Cuyo,1,propietario de la vivienda solamente
7107,Pampeana,4,inquilino o arrendatario
7108,Pampeana,2,inquilino o arrendatario
7109,Pampeana,3,propietario de la vivienda y el terreno
7110,Pampeana,1,inquilino o arrendatario
7111,Pampeana,3,propietario de la vivienda y el terreno
7112,Pampeana,1,propietario de la vivienda y el terreno
7113,Pampeana,4,inquilino o arrendatario
7114,Pampeana,4,inquilino o arrendatario
7115,Pampeana,1,propietario de la vivienda y el terreno
7116,Pampeana,4,inquilino o arrendatario
7117,Pampeana,2,inquilino o arrendatario
7118,Pampeana,3,propietario de la vivienda y el terreno
7119,Pampeana,3,inquilino o arrendatario
7120,Pampeana,5,propietario de la vivienda y el terreno
7121,Patagonia,1,inquilino o arrendatario
7122,Patagonia,2,propietario de la vivienda y el terreno
7123,Patagonia,1,inquilino o arrendatario
7124,Patagonia,4,inquilino o arrendatario
7125,Patagonia,2,propietario de la vivienda y el terreno
7126,Patagonia,1,propietario de la vivienda y el terreno
7127,Patagonia,4,propietario de la vivienda y el terreno
7128,Patagonia,3,inquilino o arrendatario
7129,Patagonia,6,propietario de la vivienda y el terreno
7130,Patagonia,3,inquilino o arrendatario
7131,Gran Buenos Aires,1,propietario de la vivienda y el terreno
7132,Gran Buenos Aires,2,propietario de la vivienda y el terreno
7133,Gran Buenos Aires,3,propietario de la vivienda y el terreno
7134,Gran Buenos Aires,1,"ocupante gratuito, con permiso"
7135,Pampeana,2,ocupante por pago de impuestos o expensas
7136,Pampeana,5,propietario de la vivienda y el terreno
7137,Pampeana,4,en sucesión
7138,Pampeana,4,propietario de la vivienda y el terreno
7139,Patagonia,1,inquilino o arrendatario
7140,Patagonia,1,propietario de la vivienda y el terreno
7141,Patagonia,2,propietario de la vivienda y el terreno
7142,Patagonia,1,ocupante por pago de impuestos o expensas
7143,Patagonia,1,inquilino o arrendatario
7144,Patagonia,1,propietario de la vivienda y el terreno
7145,Patagonia,2,propietario de la vivienda y el terreno
7146,Gran Buenos Aires,4,propietario de la vivienda y el terreno
7147,Gran Buenos Aires,2,"ocupante gratuito, con permiso"
7148,Gran Buenos Aires,2,propietario de la vivienda y el terreno
7149,Gran Buenos Aires,3,propietario de la vivienda y el terreno
7150,Pampeana,4,inquilino o arrendatario
7151,Pampeana,1,propietario de la vivienda y el terreno
7152,Pampeana,2,propietario de la vivienda y el terreno
7153,Noreste,3,inquilino o arrendatario
7154,Noreste,7,propietario de la vivienda y el terreno
7155,Noroeste,3,inquilino o arrendatario
7156,Noroeste,5,propietario de la vivienda y el terreno
7157,Noroeste,3,propietario de la vivienda y el terreno
7158,Noroeste,3,propietario de la vivienda y el terreno
7159,Noroeste,5,propietario de la vivienda y el terreno
7160,Noroeste,5,propietario de la vivienda y el terreno
7161,Noroeste,2,propietario de la vivienda y el terreno
7162,Noroeste,5,propietario de la vivienda y el terreno
7163,Noroeste,3,"ocupante gratuito, con permiso"
7164,Noroeste,6,"ocupante gratuito, con permiso"
7165,Noroeste,2,propietario de la vivienda y el terreno
7166,Cuyo,3,propietario de la vivienda y el terreno
7167,Noroeste,6,propietario de la vivienda y el terreno
7168,Cuyo,2,propietario de la vivienda y el terreno
7169,Gran Buenos Aires,4,propietario de la vivienda y el terreno
7170,Gran Buenos Aires,2,inquilino o arrendatario
7171,Gran Buenos Aires,3,propietario de la vivienda y el terreno
7172,Gran Buenos Aires,3,propietario de la vivienda y el terreno
7173,Gran Buenos Aires,1,propietario de la vivienda y el terreno
7174,Pampeana,4,propietario de la vivienda y el terreno
7175,Cuyo,5,propietario de la vivienda y el terreno
7176,Cuyo,8,"ocupante gratuito, con permiso"
7177,Cuyo,1,propietario de la vivienda y el terreno
7178,Cuyo,2,"ocupante gratuito, con permiso"
7179,Cuyo,3,propietario de la vivienda y el terreno
7180,Cuyo,6,propietario de la vivienda y el terreno
7181,Cuyo,4,propietario de la vivienda y el terreno
7182,Cuyo,4,propietario de la vivienda y el terreno
7183,Cuyo,7,propietario de la vivienda y el terreno
7184,Cuyo,4,propietario de la vivienda y el terreno
7185,Noreste,2,ocupante por pago de impuestos o expensas
7186,Pampeana,1,inquilino o arrendatario
7187,Pampeana,2,propietario de la vivienda y el terreno
7188,Pampeana,1,inquilino o arrendatario
7189,Noroeste,1,propietario de la vivienda y el terreno
7190,Noroeste,4,propietario de la vivienda y el terreno
7191,Noroeste,5,propietario de la vivienda y el terreno
7192,Noroeste,6,propietario de la vivienda y el terreno
7193,Noroeste,5,propietario de la vivienda y el terreno
7194,Noroeste,4,propietario de la vivienda y el terreno
7195,Pampeana,4,propietario de la vivienda y el terreno
7196,Pampeana,2,propietario de la vivienda y el terreno
7197,Noroeste,1,propietario de la vivienda solamente
7198,Noroeste,1,propietario de la vivienda y el terreno
7199,Noroeste,3,propietario de la vivienda y el terreno
7200,Pampeana,1,inquilino o arrendatario
7201,Pampeana,3,inquilino o arrendatario
7202,Pampeana,1,inquilino o arrendatario
7203,Pampeana,4,propietario de la vivienda y el terreno
7204,Pampeana,3,propietario de la vivienda y el terreno
7205,Pampeana,2,propietario de la vivienda y el terreno
7206,Pampeana,5,propietario de la vivienda y el terreno
7207,Pampeana,1,propietario de la vivienda y el terreno
7208,Pampeana,2,propietario de la vivienda y el terreno
7209,Pampeana,4,propietario de la vivienda y el terreno
7210,Pampeana,5,propietario de la vivienda y el terreno
7211,Pampeana,2,propietario de la vivienda y el terreno
7212,Pampeana,2,propietario de la vivienda y el terreno
7213,Pampeana,1,en sucesión
7214,Pampeana,2,propietario de la vivienda y el terreno
7215,Noreste,1,otra situación
7216,Pampeana,2,propietario de la vivienda y el terreno
7217,Pampeana,2,propietario de la vivienda solamente
7218,Pampeana,3,propietario de la vivienda y el terreno
7219,Noroeste,1,propietario de la vivienda solamente
7220,Noroeste,6,propietario de la vivienda y el terreno
7221,Noroeste,4,propietario de la vivienda y el terreno
7222,Noroeste,2,propietario de la vivienda y el terreno
7223,Noroeste,1,inquilino o arrendatario
7224,Noroeste,3,propietario de la vivienda y el terreno
7225,Noroeste,7,propietario de la vivienda y el terreno
7226,Noroeste,4,"ocupante gratuito, con permiso"
7227,Cuyo,3,propietario de la vivienda y el terreno
7228,Cuyo,3,propietario de la vivienda y el terreno
7229,Cuyo,2,"ocupante gratuito, con permiso"
7230,Cuyo,5,propietario de la vivienda y el terreno
7231,Cuyo,1,propietario de la vivienda y el terreno
7232,Cuyo,4,propietario de la vivienda y el terreno
7233,Cuyo,2,propietario de la vivienda y el terreno
7234,Cuyo,4,propietario de la vivienda y el terreno
7235,Cuyo,5,propietario de la vivienda y el terreno
7236,Cuyo,4,inquilino o arrendatario
7237,Noreste,5,propietario de la vivienda y el terreno
7238,Noreste,2,propietario de la vivienda solamente
7239,Noreste,3,propietario de la vivienda y el terreno
7240,Noreste,3,propietario de la vivienda y el terreno
7241,Pampeana,1,inquilino o arrendatario
7242,Pampeana,3,propietario de la vivienda y el terreno
7243,Noreste,2,propietario de la vivienda y el terreno
7244,Noreste,5,propietario de la vivienda y el terreno
7245,Noreste,2,propietario de la vivienda y el terreno
7246,Noreste,1,propietario de la vivienda y el terreno
7247,Cuyo,1,propietario de la vivienda y el terreno
7248,Cuyo,1,propietario de la vivienda y el terreno
7249,Cuyo,4,propietario de la vivienda y el terreno
7250,Pampeana,6,propietario de la vivienda y el terreno
7251,Pampeana,3,propietario de la vivienda y el terreno
7252,Pampeana,2,propietario de la vivienda y el terreno
7253,Gran Buenos Aires,3,propietario de la vivienda y el terreno
7254,Gran Buenos Aires,3,ocupante en relación de dependencia
7255,Pampeana,1,propietario de la vivienda y el terreno
7256,Pampeana,1,inquilino o arrendatario
7257,Pampeana,1,inquilino o arrendatario
7258,Pampeana,1,propietario de la vivienda y el terreno
7259,Pampeana,1,propietario de la vivienda y el terreno
7260,Pampeana,1,propietario de la vivienda y el terreno
7261,Noroeste,4,propietario de la vivienda y el terreno
7262,Noroeste,1,inquilino o arrendatario
7263,Gran Buenos Aires,3,propietario de la vivienda y el terreno
7264,Gran Buenos Aires,4,propietario de la vivienda y el terreno
7265,Gran Buenos Aires,2,inquilino o arrendatario
7266,Gran Buenos Aires,3,propietario de la vivienda y el terreno
7267,Gran Buenos Aires,3,propietario de la vivienda y el terreno
7268,Pampeana,2,propietario de la vivienda y el terreno
7269,Pampeana,3,propietario de la vivienda y el terreno
7270,Pampeana,3,inquilino o arrendatario
7271,Pampeana,1,en sucesión
7272,Pampeana,1,propietario de la vivienda y el terreno
7273,Patagonia,1,propietario de la vivienda y el terreno
7274,Patagonia,1,propietario de la vivienda y el terreno
7275,Noreste,1,propietario de la vivienda y el terreno
7276,Noreste,2,propietario de la vivienda y el terreno
7277,Noreste,1,inquilino o arrendatario
7278,Patagonia,2,en sucesión
7279,Pampeana,2,propietario de la vivienda y el terreno
7280,Pampeana,2,inquilino o arrendatario
7281,Pampeana,4,en sucesión
7282,Pampeana,4,propietario de la vivienda y el terreno
7283,Pampeana,1,propietario de la vivienda solamente
7284,Pampeana,1,inquilino o arrendatario
7285,Pampeana,2,propietario de la vivienda y el terreno
7286,Pampeana,1,propietario de la vivienda y el terreno
7287,Pampeana,2,propietario de la vivienda y el terreno
7288,Gran Buenos Aires,3,inquilino o arrendatario
7289,Patagonia,3,inquilino o arrendatario
7290,Patagonia,3,propietario de la vivienda y el terreno
7291,Patagonia,1,inquilino o arrendatario
7292,Patagonia,6,propietario de la vivienda y el terreno
7293,Pampeana,3,propietario de la vivienda solamente
7294,Pampeana,1,inquilino o arrendatario
7295,Noreste,2,propietario de la vivienda y el terreno
7296,Noreste,2,propietario de la vivienda y el terreno
7297,Noreste,2,propietario de la vivienda y el terreno
7298,Pampeana,3,inquilino o arrendatario
7299,Pampeana,1,"ocupante gratuito, con permiso"
7300,Pampeana,3,propietario de la vivienda y el terreno
7301,Pampeana,6,propietario de la vivienda y el terreno
7302,Pampeana,3,propietario de la vivienda y el terreno
7303,Pampeana,3,propietario de la vivienda y el terreno
7304,Pampeana,6,propietario de la vivienda y el terreno
7305,Pampeana,5,inquilino o arrendatario
7306,Pampeana,1,inquilino o arrendatario
7307,Pampeana,2,propietario de la vivienda y el terreno
7308,Pampeana,2,inquilino o arrendatario
7309,Pampeana,4,propietario de la vivienda y el terreno
7310,Pampeana,4,propietario de la vivienda y el terreno
7311,Patagonia,4,propietario de la vivienda y el terreno
7312,Patagonia,5,propietario de la vivienda y el terreno
7313,Patagonia,3,propietario de la vivienda y el terreno
7314,Patagonia,3,inquilino o arrendatario
7315,Patagonia,2,inquilino o arrendatario
7316,Patagonia,1,propietario de la vivienda y el terreno
7317,Pampeana,3,propietario de la vivienda y el terreno
7318,Pampeana,2,propietario de la vivienda y el terreno
7319,Pampeana,1,inquilino o arrendatario
7320,Pampeana,1,inquilino o arrendatario
7321,Patagonia,1,propietario de la vivienda y el terreno
7322,Patagonia,2,inquilino o arrendatario
7323,Patagonia,5,propietario de la vivienda y el terreno
7324,Patagonia,2,propietario de la vivienda y el terreno
7325,Patagonia,3,inquilino o arrendatario
7326,Gran Buenos Aires,2,propietario de la vivienda y el terreno
7327,Pampeana,5,ocupante por pago de impuestos o expensas
7328,Pampeana,2,inquilino o arrendatario
7329,Pampeana,5,propietario de la vivienda solamente
7330,Patagonia,1,inquilino o arrendatario
7331,Cuyo,4,propietario de la vivienda y el terreno
7332,Cuyo,3,inquilino o arrendatario
7333,Cuyo,5,propietario de la vivienda y el terreno
7334,Pampeana,5,propietario de la vivienda y el terreno
7335,Noroeste,5,propietario de la vivienda y el terreno
7336,Noroeste,2,en sucesión
7337,Pampeana,2,propietario de la vivienda y el terreno
7338,Pampeana,2,propietario de la vivienda y el terreno
7339,Pampeana,2,propietario de la vivienda y el terreno
7340,Pampeana,2,propietario de la vivienda y el terreno
7341,Pampeana,3,propietario de la vivienda y el terreno
7342,Pampeana,2,propietario de la vivienda y el terreno
7343,Pampeana,2,propietario de la vivienda y el terreno
7344,Pampeana,2,inquilino o arrendatario
7345,Pampeana,4,"ocupante gratuito, con permiso"
7346,Pampeana,7,"ocupante de hecho, sin permiso"
7347,Pampeana,2,propietario de la vivienda y el terreno
7348,Pampeana,2,inquilino o arrendatario
7349,Pampeana,4,inquilino o arrendatario
7350,Pampeana,3,inquilino o arrendatario
7351,Pampeana,4,propietario de la vivienda y el terreno
7352,Pampeana,2,propietario de la vivienda y el terreno
7353,Pampeana,3,propietario de la vivienda solamente
7354,Pampeana,3,propietario de la vivienda y el terreno
7355,Pampeana,5,propietario de la vivienda y el terreno
7356,Pampeana,1,propietario de la vivienda y el terreno
7357,Pampeana,1,inquilino o arrendatario
7358,Pampeana,2,inquilino o arrendatario
7359,Pampeana,1,propietario de la vivienda y el terreno
7360,Pampeana,6,propietario de la vivienda y el terreno
7361,Pampeana,4,propietario de la vivienda y el terreno
7362,Patagonia,4,propietario de la vivienda y el terreno
7363,Patagonia,2,propietario de la vivienda y el terreno
7364,Patagonia,4,propietario de la vivienda y el terreno
7365,Pampeana,2,propietario de la vivienda y el terreno
7366,Pampeana,2,propietario de la vivienda y el terreno
7367,Pampeana,5,propietario de la vivienda y el terreno
7368,Pampeana,4,propietario de la vivienda y el terreno
7369,Pampeana,3,propietario de la vivienda y el terreno
7370,Pampeana,2,inquilino o arrendatario
7371,Pampeana,1,inquilino o arrendatario
7372,Pampeana,2,"ocupante gratuito, con permiso"
7373,Pampeana,3,propietario de la vivienda y el terreno
7374,Pampeana,2,propietario de la vivienda y el terreno
7375,Pampeana,6,propietario de la vivienda y el terreno
7376,Gran Buenos Aires,2,"ocupante gratuito, con permiso"
7377,Gran Buenos Aires,2,propietario de la vivienda solamente
7378,Gran Buenos Aires,5,propietario de la vivienda y el terreno
7379,Gran Buenos Aires,2,"ocupante gratuito, con permiso"
7380,Gran Buenos Aires,4,propietario de la vivienda y el terreno
7381,Noroeste,2,propietario de la vivienda y el terreno
7382,Pampeana,2,inquilino o arrendatario
7383,Pampeana,3,inquilino o arrendatario
7384,Pampeana,1,inquilino o arrendatario
7385,Pampeana,2,propietario de la vivienda y el terreno
7386,Gran Buenos Aires,4,propietario de la vivienda y el terreno
7387,Gran Buenos Aires,5,propietario de la vivienda y el terreno
7388,Gran Buenos Aires,3,propietario de la vivienda y el terreno
7389,Gran Buenos Aires,4,propietario de la vivienda y el terreno
7390,Gran Buenos Aires,1,propietario de la vivienda y el terreno
7391,Pampeana,1,propietario de la vivienda y el terreno
7392,Pampeana,1,inquilino o arrendatario
7393,Pampeana,3,inquilino o arrendatario
7394,Pampeana,1,propietario de la vivienda y el terreno
7395,Pampeana,4,propietario de la vivienda y el terreno
7396,Patagonia,4,inquilino o arrendatario
7397,Noreste,8,propietario de la vivienda y el terreno
7398,Noreste,1,"ocupante gratuito, con permiso"
7399,Noreste,6,propietario de la vivienda y el terreno
7400,Patagonia,2,propietario de la vivienda y el terreno
7401,Patagonia,4,propietario de la vivienda y el terreno
7402,Noreste,2,propietario de la vivienda y el terreno
7403,Noreste,3,propietario de la vivienda y el terreno
7404,Patagonia,4,inquilino o arrendatario
7405,Pampeana,2,inquilino o arrendatario
7406,Gran Buenos Aires,1,propietario de la vivienda y el terreno
7407,Gran Buenos Aires,2,propietario de la vivienda y el terreno
7408,Gran Buenos Aires,4,propietario de la vivienda solamente
7409,Gran Buenos Aires,2,propietario de la vivienda y el terreno
7410,Pampeana,6,propietario de la vivienda solamente
7411,Pampeana,1,"ocupante gratuito, con permiso"
7412,Pampeana,4,propietario de la vivienda solamente
7413,Pampeana,2,ocupante por pago de impuestos o expensas
7414,Pampeana,2,propietario de la vivienda y el terreno
7415,Pampeana,2,propietario de la vivienda y el terreno
7416,Cuyo,2,propietario de la vivienda y el terreno
7417,Noreste,2,propietario de la vivienda y el terreno
7418,Pampeana,4,propietario de la vivienda y el terreno
7419,Pampeana,3,propietario de la vivienda y el terreno
7420,Pampeana,2,"ocupante gratuito, con permiso"
7421,Pampeana,3,propietario de la vivienda y el terreno
7422,Noreste,2,propietario de la vivienda y el terreno
7423,Pampeana,3,ocupante por pago de impuestos o expensas
7424,Pampeana,3,inquilino o arrendatario
7425,Pampeana,4,inquilino o arrendatario
7426,Pampeana,4,"ocupante gratuito, con permiso"
7427,Pampeana,2,propietario de la vivienda y el terreno
7428,Pampeana,2,propietario de la vivienda y el terreno
7429,Pampeana,2,propietario de la vivienda y el terreno
7430,Pampeana,2,propietario de la vivienda y el terreno
7431,Pampeana,1,inquilino o arrendatario
7432,Pampeana,4,inquilino o arrendatario
7433,Noroeste,2,propietario de la vivienda y el terreno
7434,Noroeste,3,propietario de la vivienda y el terreno
7435,Noroeste,4,inquilino o arrendatario
7436,Pampeana,6,propietario de la vivienda y el terreno
7437,Pampeana,3,propietario de la vivienda y el terreno
7438,Pampeana,3,propietario de la vivienda y el terreno
7439,Cuyo,2,propietario de la vivienda y el terreno
7440,Cuyo,4,propietario de la vivienda y el terreno
7441,Cuyo,2,inquilino o arrendatario
7442,Cuyo,4,"ocupante gratuito, con permiso"
7443,Cuyo,2,propietario de la vivienda y el terreno
7444,Cuyo,2,propietario de la vivienda y el terreno
7445,Noreste,3,propietario de la vivienda y el terreno
7446,Noreste,3,propietario de la vivienda y el terreno
7447,Noroeste,6,propietario de la vivienda y el terreno
7448,Noroeste,5,ocupante por pago de impuestos o expensas
7449,Noroeste,3,inquilino o arrendatario
7450,Noroeste,1,inquilino o arrendatario
7451,Pampeana,2,ocupante por pago de impuestos o expensas
7452,Pampeana,4,propietario de la vivienda y el terreno
7453,Pampeana,1,inquilino o arrendatario
7454,Pampeana,6,propietario de la vivienda y el terreno
7455,Pampeana,3,inquilino o arrendatario
7456,Pampeana,1,inquilino o arrendatario
7457,Pampeana,4,propietario de la vivienda y el terreno
7458,Noroeste,4,propietario de la vivienda y el terreno
7459,Pampeana,2,propietario de la vivienda y el terreno
7460,Pampeana,1,propietario de la vivienda y el terreno
7461,Pampeana,3,propietario de la vivienda y el terreno
7462,Pampeana,2,inquilino o arrendatario
7463,Gran Buenos Aires,2,propietario de la vivienda y el terreno
7464,Gran Buenos Aires,6,propietario de la vivienda y el terreno
7465,Gran Buenos Aires,2,propietario de la vivienda y el terreno
7466,Gran Buenos Aires,4,propietario de la vivienda y el terreno
7467,Pampeana,2,propietario de la vivienda y el terreno
7468,Pampeana,1,propietario de la vivienda y el terreno
7469,Pampeana,2,propietario de la vivienda y el terreno
7470,Pampeana,2,propietario de la vivienda y el terreno
7471,Pampeana,3,propietario de la vivienda y el terreno
7472,Patagonia,1,propietario de la vivienda y el terreno
7473,Pampeana,2,inquilino o arrendatario
7474,Pampeana,1,inquilino o arrendatario
7475,Patagonia,6,propietario de la vivienda y el terreno
7476,Patagonia,1,propietario de la vivienda y el terreno
7477,Patagonia,2,inquilino o arrendatario
7478,Patagonia,3,inquilino o arrendatario
7479,Patagonia,1,inquilino o arrendatario
7480,Patagonia,1,propietario de la vivienda y el terreno
7481,Patagonia,4,propietario de la vivienda y el terreno
7482,Patagonia,3,propietario de la vivienda y el terreno
7483,Patagonia,4,propietario de la vivienda y el terreno
7484,Patagonia,1,propietario de la vivienda y el terreno
7485,Gran Buenos Aires,4,inquilino o arrendatario
7486,Gran Buenos Aires,1,propietario de la vivienda y el terreno
7487,Gran Buenos Aires,7,"ocupante gratuito, con permiso"
7488,Gran Buenos Aires,1,propietario de la vivienda y el terreno
7489,Gran Buenos Aires,3,propietario de la vivienda y el terreno
7490,Gran Buenos Aires,2,propietario de la vivienda y el terreno
7491,Gran Buenos Aires,2,propietario de la vivienda y el terreno
7492,Gran Buenos Aires,1,propietario de la vivienda y el terreno
7493,Gran Buenos Aires,4,"ocupante gratuito, con permiso"
7494,Gran Buenos Aires,2,propietario de la vivienda y el terreno
7495,Pampeana,4,inquilino o arrendatario
7496,Pampeana,2,propietario de la vivienda y el terreno
7497,Pampeana,4,ocupante por pago de impuestos o expensas
7498,Pampeana,4,propietario de la vivienda y el terreno
7499,Pampeana,1,"ocupante gratuito, con permiso"
7500,Pampeana,1,propietario de la vivienda solamente
7501,Pampeana,2,propietario de la vivienda y el terreno
7502,Pampeana,1,propietario de la vivienda y el terreno
7503,Pampeana,1,propietario de la vivienda y el terreno
7504,Pampeana,2,inquilino o arrendatario
7505,Gran Buenos Aires,1,inquilino o arrendatario
7506,Gran Buenos Aires,1,ocupante por pago de impuestos o expensas
7507,Gran Buenos Aires,3,inquilino o arrendatario
7508,Gran Buenos Aires,3,propietario de la vivienda solamente
7509,Noreste,3,inquilino o arrendatario
7510,Noreste,3,propietario de la vivienda solamente
7511,Noreste,2,propietario de la vivienda solamente
7512,Noroeste,2,propietario de la vivienda y el terreno
7513,Pampeana,2,propietario de la vivienda y el terreno
7514,Pampeana,2,propietario de la vivienda solamente
7515,Pampeana,3,propietario de la vivienda y el terreno
7516,Pampeana,2,propietario de la vivienda y el terreno
7517,Noreste,3,ocupante por pago de impuestos o expensas
7518,Noreste,3,propietario de la vivienda solamente
7519,Noreste,7,propietario de la vivienda y el terreno
7520,Noreste,2,"ocupante gratuito, con permiso"
7521,Noroeste,3,propietario de la vivienda y el terreno
7522,Noroeste,1,propietario de la vivienda y el terreno
7523,Noroeste,1,propietario de la vivienda y el terreno
7524,Pampeana,2,propietario de la vivienda y el terreno
7525,Pampeana,2,propietario de la vivienda y el terreno
7526,Pampeana,3,propietario de la vivienda y el terreno
7527,Pampeana,2,inquilino o arrendatario
7528,Pampeana,4,propietario de la vivienda y el terreno
7529,Pampeana,5,inquilino o arrendatario
7530,Noreste,1,propietario de la vivienda y el terreno
7531,Noreste,2,propietario de la vivienda y el terreno
7532,Noreste,6,propietario de la vivienda y el terreno
7533,Noreste,4,propietario de la vivienda y el terreno
7534,Noreste,4,propietario de la vivienda y el terreno
7535,Noreste,5,propietario de la vivienda y el terreno
7536,Gran Buenos Aires,3,en sucesión
7537,Gran Buenos Aires,3,propietario de la vivienda y el terreno
7538,Gran Buenos Aires,2,inquilino o arrendatario
7539,Pampeana,4,ocupante por pago de impuestos o expensas
7540,Pampeana,1,ocupante por pago de impuestos o expensas
7541,Noroeste,3,propietario de la vivienda solamente
7542,Noroeste,3,inquilino o arrendatario
7543,Noroeste,3,inquilino o arrendatario
7544,Noroeste,2,inquilino o arrendatario
7545,Noroeste,1,inquilino o arrendatario
7546,Noroeste,3,propietario de la vivienda y el terreno
7547,Noroeste,4,propietario de la vivienda solamente
7548,Gran Buenos Aires,3,propietario de la vivienda y el terreno
7549,Gran Buenos Aires,3,propietario de la vivienda y el terreno
7550,Gran Buenos Aires,5,en sucesión
7551,Cuyo,2,"ocupante gratuito, con permiso"
7552,Cuyo,1,propietario de la vivienda y el terreno
7553,Cuyo,4,inquilino o arrendatario
7554,Cuyo,5,"ocupante gratuito, con permiso"
7555,Noroeste,3,en sucesión
7556,Noroeste,4,propietario de la vivienda solamente
7557,Noroeste,4,propietario de la vivienda y el terreno
7558,Noroeste,5,propietario de la vivienda y el terreno
7559,Noroeste,6,propietario de la vivienda y el terreno
7560,Gran Buenos Aires,2,inquilino o arrendatario
7561,Pampeana,3,propietario de la vivienda y el terreno
7562,Gran Buenos Aires,1,propietario de la vivienda y el terreno
7563,Gran Buenos Aires,3,"ocupante gratuito, con permiso"
7564,Gran Buenos Aires,3,inquilino o arrendatario
7565,Gran Buenos Aires,2,propietario de la vivienda y el terreno
7566,Patagonia,5,propietario de la vivienda y el terreno
7567,Patagonia,1,inquilino o arrendatario
7568,Noroeste,4,inquilino o arrendatario
7569,Noroeste,3,inquilino o arrendatario
7570,Noroeste,4,inquilino o arrendatario
7571,Noroeste,3,propietario de la vivienda y el terreno
7572,Noroeste,1,inquilino o arrendatario
7573,Noroeste,1,propietario de la vivienda y el terreno
7574,Cuyo,2,inquilino o arrendatario
7575,Cuyo,4,"ocupante gratuito, con permiso"
7576,Cuyo,1,"ocupante gratuito, con permiso"
7577,Cuyo,2,"ocupante gratuito, con permiso"
7578,Cuyo,4,ocupante por pago de impuestos o expensas
7579,Cuyo,4,propietario de la vivienda y el terreno
7580,Cuyo,1,propietario de la vivienda y el terreno
7581,Cuyo,3,propietario de la vivienda y el terreno
7582,Cuyo,2,propietario de la vivienda y el terreno
7583,Noroeste,5,propietario de la vivienda y el terreno
7584,Noroeste,1,inquilino o arrendatario
7585,Cuyo,4,propietario de la vivienda y el terreno
7586,Cuyo,3,inquilino o arrendatario
7587,Cuyo,1,propietario de la vivienda y el terreno
7588,Pampeana,1,propietario de la vivienda y el terreno
7589,Pampeana,2,propietario de la vivienda y el terreno
7590,Pampeana,3,propietario de la vivienda y el terreno
7591,Pampeana,1,"ocupante gratuito, con permiso"
7592,Noroeste,6,propietario de la vivienda y el terreno
7593,Gran Buenos Aires,6,propietario de la vivienda y el terreno
7594,Gran Buenos Aires,4,inquilino o arrendatario
7595,Gran Buenos Aires,2,inquilino o arrendatario
7596,Pampeana,4,propietario de la vivienda y el terreno
7597,Pampeana,4,propietario de la vivienda solamente
7598,Pampeana,1,propietario de la vivienda y el terreno
7599,Pampeana,2,inquilino o arrendatario
7600,Pampeana,1,inquilino o arrendatario
7601,Pampeana,4,"ocupante gratuito, con permiso"
7602,Pampeana,3,inquilino o arrendatario
7603,Pampeana,4,inquilino o arrendatario
7604,Pampeana,4,"ocupante gratuito, con permiso"
7605,Pampeana,1,propietario de la vivienda y el terreno
7606,Pampeana,1,propietario de la vivienda y el terreno
7607,Pampeana,2,inquilino o arrendatario
7608,Pampeana,3,en sucesión
7609,Pampeana,12,propietario de la vivienda y el terreno
7610,Pampeana,2,propietario de la vivienda y el terreno
7611,Pampeana,2,propietario de la vivienda y el terreno
7612,Pampeana,1,propietario de la vivienda y el terreno
7613,Noroeste,3,propietario de la vivienda solamente
7614,Noroeste,1,propietario de la vivienda y el terreno
7615,Noroeste,6,propietario de la vivienda y el terreno
7616,Noroeste,2,ocupante por pago de impuestos o expensas
7617,Noroeste,2,propietario de la vivienda solamente
7618,Patagonia,1,propietario de la vivienda y el terreno
7619,Patagonia,4,inquilino o arrendatario
7620,Patagonia,2,en sucesión
7621,Gran Buenos Aires,1,propietario de la vivienda y el terreno
7622,Cuyo,6,inquilino o arrendatario
7623,Cuyo,1,propietario de la vivienda y el terreno
7624,Noroeste,7,"ocupante gratuito, con permiso"
7625,Noroeste,4,propietario de la vivienda y el terreno
7626,Patagonia,3,inquilino o arrendatario
7627,Patagonia,2,propietario de la vivienda y el terreno
7628,Patagonia,4,propietario de la vivienda y el terreno
7629,Patagonia,2,propietario de la vivienda y el terreno
7630,Pampeana,4,propietario de la vivienda y el terreno
7631,Pampeana,4,otra situación
7632,Pampeana,2,propietario de la vivienda y el terreno
7633,Pampeana,4,inquilino o arrendatario
7634,Pampeana,1,propietario de la vivienda y el terreno
7635,Pampeana,5,inquilino o arrendatario
7636,Pampeana,3,en sucesión
7637,Patagonia,5,inquilino o arrendatario
7638,Patagonia,4,propietario de la vivienda y el terreno
7639,Patagonia,4,"ocupante gratuito, con permiso"
7640,Noreste,3,propietario de la vivienda y el terreno
7641,Noreste,3,propietario de la vivienda y el terreno
7642,Noreste,3,propietario de la vivienda solamente
7643,Noreste,6,propietario de la vivienda solamente
7644,Noreste,2,en sucesión
7645,Noreste,2,propietario de la vivienda y el terreno
7646,Gran Buenos Aires,3,propietario de la vivienda y el terreno
7647,Gran Buenos Aires,2,propietario de la vivienda y el terreno
7648,Gran Buenos Aires,4,"ocupante gratuito, con permiso"
7649,Gran Buenos Aires,4,propietario de la vivienda y el terreno
7650,Gran Buenos Aires,1,propietario de la vivienda y el terreno
7651,Gran Buenos Aires,4,propietario de la vivienda y el terreno
7652,Gran Buenos Aires,2,en sucesión
7653,Gran Buenos Aires,5,"ocupante gratuito, con permiso"
7654,Gran Buenos Aires,3,propietario de la vivienda y el terreno
7655,Gran Buenos Aires,5,propietario de la vivienda y el terreno
7656,Noroeste,1,propietario de la vivienda y el terreno
7657,Noroeste,2,propietario de la vivienda y el terreno
7658,Noroeste,4,propietario de la vivienda y el terreno
7659,Noroeste,6,propietario de la vivienda y el terreno
7660,Noroeste,2,propietario de la vivienda y el terreno
7661,Noroeste,3,propietario de la vivienda y el terreno
7662,Noroeste,2,propietario de la vivienda y el terreno
7663,Noroeste,3,propietario de la vivienda y el terreno
7664,Noroeste,1,propietario de la vivienda y el terreno
7665,Noroeste,12,propietario de la vivienda y el terreno
7666,Noroeste,3,inquilino o arrendatario
7667,Noroeste,3,propietario de la vivienda y el terreno
7668,Pampeana,4,inquilino o arrendatario
7669,Noroeste,5,propietario de la vivienda y el terreno
7670,Gran Buenos Aires,1,propietario de la vivienda y el terreno
7671,Gran Buenos Aires,4,propietario de la vivienda y el terreno
7672,Gran Buenos Aires,3,propietario de la vivienda y el terreno
7673,Gran Buenos Aires,6,propietario de la vivienda y el terreno
7674,Noroeste,4,inquilino o arrendatario
7675,Noroeste,3,propietario de la vivienda y el terreno
7676,Noroeste,2,propietario de la vivienda y el terreno
7677,Noroeste,2,propietario de la vivienda y el terreno
7678,Noroeste,6,propietario de la vivienda solamente
7679,Noroeste,8,propietario de la vivienda y el terreno
7680,Patagonia,1,inquilino o arrendatario
7681,Patagonia,1,inquilino o arrendatario
7682,Patagonia,4,inquilino o arrendatario
7683,Patagonia,3,propietario de la vivienda y el terreno
7684,Cuyo,2,"ocupante gratuito, con permiso"
7685,Cuyo,2,inquilino o arrendatario
7686,Cuyo,1,propietario de la vivienda y el terreno
7687,Cuyo,1,propietario de la vivienda y el terreno
7688,Cuyo,4,propietario de la vivienda y el terreno
7689,Cuyo,5,propietario de la vivienda y el terreno
7690,Gran Buenos Aires,1,propietario de la vivienda y el terreno
7691,Gran Buenos Aires,3,propietario de la vivienda solamente
7692,Noroeste,2,propietario de la vivienda solamente
7693,Noroeste,1,propietario de la vivienda y el terreno
7694,Noroeste,4,inquilino o arrendatario
7695,Noroeste,3,propietario de la vivienda y el terreno
7696,Noroeste,3,propietario de la vivienda y el terreno
7697,Gran Buenos Aires,6,propietario de la vivienda y el terreno
7698,Gran Buenos Aires,5,propietario de la vivienda y el terreno
7699,Gran Buenos Aires,1,propietario de la vivienda y el terreno
7700,Gran Buenos Aires,2,en sucesión
7701,Gran Buenos Aires,5,propietario de la vivienda y el terreno
7702,Noreste,5,ocupante por pago de impuestos o expensas
7703,Noreste,3,"ocupante gratuito, con permiso"
7704,Noreste,1,propietario de la vivienda y el terreno
7705,Pampeana,1,propietario de la vivienda y el terreno
7706,Pampeana,3,propietario de la vivienda y el terreno
7707,Gran Buenos Aires,1,propietario de la vivienda y el terreno
7708,Gran Buenos Aires,5,inquilino o arrendatario
7709,Gran Buenos Aires,2,"ocupante gratuito, con permiso"
7710,Gran Buenos Aires,4,propietario de la vivienda y el terreno
7711,Pampeana,3,propietario de la vivienda y el terreno
7712,Gran Buenos Aires,3,propietario de la vivienda y el terreno
7713,Gran Buenos Aires,2,propietario de la vivienda y el terreno
7714,Gran Buenos Aires,4,propietario de la vivienda y el terreno
7715,Pampeana,1,inquilino o arrendatario
7716,Pampeana,2,inquilino o arrendatario
7717,Pampeana,2,propietario de la vivienda y el terreno
7718,Pampeana,4,inquilino o arrendatario
7719,Pampeana,6,propietario de la vivienda y el terreno
7720,Noroeste,1,propietario de la vivienda y el terreno
7721,Patagonia,1,propietario de la vivienda y el terreno
7722,Patagonia,3,propietario de la vivienda y el terreno
7723,Patagonia,1,inquilino o arrendatario
7724,Patagonia,1,propietario de la vivienda y el terreno
7725,Pampeana,2,propietario de la vivienda y el terreno
7726,Pampeana,4,propietario de la vivienda y el terreno
7727,Pampeana,2,inquilino o arrendatario
7728,Pampeana,2,inquilino o arrendatario
7729,Pampeana,2,inquilino o arrendatario
7730,Cuyo,7,propietario de la vivienda y el terreno
7731,Noroeste,3,propietario de la vivienda y el terreno
7732,Noroeste,2,propietario de la vivienda y el terreno
7733,Noroeste,5,propietario de la vivienda y el terreno
7734,Patagonia,5,inquilino o arrendatario
7735,Gran Buenos Aires,3,propietario de la vivienda y el terreno
7736,Gran Buenos Aires,2,propietario de la vivienda y el terreno
7737,Gran Buenos Aires,2,propietario de la vivienda y el terreno
7738,Gran Buenos Aires,5,propietario de la vivienda y el terreno
7739,Pampeana,2,propietario de la vivienda y el terreno
7740,Pampeana,1,propietario de la vivienda y el terreno
7741,Pampeana,2,propietario de la vivienda y el terreno
7742,Pampeana,7,propietario de la vivienda y el terreno
7743,Gran Buenos Aires,2,propietario de la vivienda y el terreno
7744,Pampeana,4,"ocupante gratuito, con permiso"
7745,Pampeana,7,propietario de la vivienda y el terreno
7746,Pampeana,5,"ocupante gratuito, con permiso"
7747,Pampeana,4,ocupante en relación de dependencia
7748,Pampeana,3,"ocupante gratuito, con permiso"
7749,Pampeana,6,"ocupante gratuito, con permiso"
7750,Pampeana,4,propietario de la vivienda y el terreno
7751,Pampeana,2,propietario de la vivienda y el terreno
7752,Pampeana,1,propietario de la vivienda y el terreno
7753,Patagonia,3,inquilino o arrendatario
7754,Noroeste,2,propietario de la vivienda y el terreno
7755,Noroeste,3,inquilino o arrendatario
7756,Noreste,1,propietario de la vivienda y el terreno
7757,Noreste,7,propietario de la vivienda y el terreno
7758,Patagonia,1,propietario de la vivienda y el terreno
7759,Pampeana,1,propietario de la vivienda y el terreno
7760,Noroeste,1,inquilino o arrendatario
7761,Noroeste,6,propietario de la vivienda y el terreno
7762,Noroeste,5,propietario de la vivienda y el terreno
7763,Cuyo,2,"ocupante gratuito, con permiso"
7764,Cuyo,2,propietario de la vivienda y el terreno
7765,Cuyo,5,propietario de la vivienda y el terreno
7766,Cuyo,2,propietario de la vivienda y el terreno
7767,Cuyo,1,inquilino o arrendatario
7768,Cuyo,3,propietario de la vivienda y el terreno
7769,Pampeana,2,propietario de la vivienda y el terreno
7770,Pampeana,1,propietario de la vivienda y el terreno
7771,Pampeana,1,propietario de la vivienda y el terreno
7772,Pampeana,1,propietario de la vivienda y el terreno
7773,Patagonia,3,inquilino o arrendatario
7774,Patagonia,4,propietario de la vivienda y el terreno
7775,Pampeana,4,inquilino o arrendatario
7776,Pampeana,1,"ocupante gratuito, con permiso"
7777,Noreste,4,propietario de la vivienda y el terreno
7778,Pampeana,3,inquilino o arrendatario
7779,Pampeana,2,inquilino o arrendatario
7780,Patagonia,2,inquilino o arrendatario
7781,Patagonia,1,propietario de la vivienda y el terreno
7782,Patagonia,1,propietario de la vivienda y el terreno
7783,Patagonia,1,propietario de la vivienda y el terreno
7784,Patagonia,2,propietario de la vivienda y el terreno
7785,Patagonia,2,propietario de la vivienda y el terreno
7786,Patagonia,3,propietario de la vivienda y el terreno
7787,Noroeste,1,ocupante por pago de impuestos o expensas
7788,Noroeste,6,propietario de la vivienda y el terreno
7789,Noroeste,1,propietario de la vivienda y el terreno
7790,Gran Buenos Aires,6,propietario de la vivienda y el terreno
7791,Gran Buenos Aires,2,propietario de la vivienda y el terreno
7792,Gran Buenos Aires,4,inquilino o arrendatario
7793,Gran Buenos Aires,2,propietario de la vivienda y el terreno
7794,Gran Buenos Aires,2,inquilino o arrendatario
7795,Gran Buenos Aires,2,propietario de la vivienda y el terreno
7796,Gran Buenos Aires,3,propietario de la vivienda y el terreno
7797,Gran Buenos Aires,4,propietario de la vivienda y el terreno
7798,Gran Buenos Aires,3,ocupante por pago de impuestos o expensas
7799,Gran Buenos Aires,3,propietario de la vivienda y el terreno
7800,Noreste,4,propietario de la vivienda y el terreno
7801,Noreste,5,propietario de la vivienda y el terreno
7802,Noreste,4,propietario de la vivienda y el terreno
7803,Noreste,2,propietario de la vivienda y el terreno
7804,Noreste,3,inquilino o arrendatario
7805,Noreste,5,propietario de la vivienda y el terreno
7806,Noreste,2,propietario de la vivienda y el terreno
7807,Gran Buenos Aires,1,"ocupante gratuito, con permiso"
7808,Gran Buenos Aires,3,inquilino o arrendatario
7809,Gran Buenos Aires,1,propietario de la vivienda y el terreno
7810,Gran Buenos Aires,1,inquilino o arrendatario
7811,Gran Buenos Aires,6,propietario de la vivienda solamente
7812,Gran Buenos Aires,3,propietario de la vivienda y el terreno
7813,Gran Buenos Aires,5,propietario de la vivienda y el terreno
7814,Gran Buenos Aires,5,propietario de la vivienda y el terreno
7815,Gran Buenos Aires,1,propietario de la vivienda y el terreno
7816,Gran Buenos Aires,5,inquilino o arrendatario
7817,Pampeana,4,propietario de la vivienda solamente
7818,Pampeana,2,propietario de la vivienda y el terreno
7819,Pampeana,4,propietario de la vivienda y el terreno
7820,Pampeana,3,propietario de la vivienda y el terreno
7821,Pampeana,2,inquilino o arrendatario
7822,Pampeana,3,propietario de la vivienda y el terreno
7823,Patagonia,3,propietario de la vivienda y el terreno
7824,Noroeste,4,propietario de la vivienda y el terreno
7825,Noroeste,4,propietario de la vivienda y el terreno
7826,Noroeste,1,propietario de la vivienda y el terreno
7827,Gran Buenos Aires,1,propietario de la vivienda y el terreno
7828,Gran Buenos Aires,2,propietario de la vivienda y el terreno
7829,Patagonia,1,inquilino o arrendatario
7830,Patagonia,2,propietario de la vivienda y el terreno
7831,Patagonia,4,propietario de la vivienda y el terreno
7832,Patagonia,1,"ocupante gratuito, con permiso"
7833,Pampeana,6,inquilino o arrendatario
7834,Pampeana,5,propietario de la vivienda y el terreno
7835,Pampeana,4,propietario de la vivienda y el terreno
7836,Cuyo,2,ocupante por pago de impuestos o expensas
7837,Cuyo,5,propietario de la vivienda y el terreno
7838,Cuyo,1,propietario de la vivienda y el terreno
7839,Cuyo,1,inquilino o arrendatario
7840,Cuyo,1,propietario de la vivienda y el terreno
7841,Cuyo,2,propietario de la vivienda y el terreno
7842,Cuyo,2,propietario de la vivienda y el terreno
7843,Noroeste,1,propietario de la vivienda solamente
7844,Noroeste,2,propietario de la vivienda y el terreno
7845,Noroeste,2,inquilino o arrendatario
7846,Noroeste,3,propietario de la vivienda y el terreno
7847,Noroeste,3,propietario de la vivienda y el terreno
7848,Patagonia,4,propietario de la vivienda y el terreno
7849,Patagonia,3,propietario de la vivienda y el terreno
7850,Patagonia,5,propietario de la vivienda y el terreno
7851,Patagonia,1,propietario de la vivienda y el terreno
7852,Noreste,10,propietario de la vivienda y el terreno
7853,Noreste,2,inquilino o arrendatario
7854,Patagonia,3,inquilino o arrendatario
7855,Patagonia,3,propietario de la vivienda y el terreno
7856,Patagonia,5,propietario de la vivienda y el terreno
7857,Patagonia,3,propietario de la vivienda y el terreno
7858,Noroeste,4,"ocupante gratuito, con permiso"
7859,Noroeste,2,propietario de la vivienda y el terreno
7860,Noroeste,2,propietario de la vivienda y el terreno
7861,Noroeste,3,propietario de la vivienda y el terreno
7862,Gran Buenos Aires,1,inquilino o arrendatario
7863,Gran Buenos Aires,2,propietario de la vivienda y el terreno
7864,Cuyo,1,propietario de la vivienda y el terreno
7865,Cuyo,3,propietario de la vivienda y el terreno
7866,Patagonia,2,inquilino o arrendatario
7867,Pampeana,2,propietario de la vivienda y el terreno
7868,Pampeana,2,propietario de la vivienda y el terreno
7869,Pampeana,2,propietario de la vivienda y el terreno
7870,Pampeana,4,propietario de la vivienda y el terreno
7871,Noroeste,3,propietario de la vivienda solamente
7872,Gran Buenos Aires,1,en sucesión
7873,Patagonia,3,inquilino o arrendatario
7874,Patagonia,4,propietario de la vivienda y el terreno
7875,Pampeana,3,inquilino o arrendatario
7876,Noroeste,1,propietario de la vivienda y el terreno
7877,Pampeana,3,propietario de la vivienda solamente
7878,Patagonia,2,propietario de la vivienda y el terreno
7879,Noroeste,2,propietario de la vivienda y el terreno
7880,Patagonia,3,propietario de la vivienda y el terreno
7881,Patagonia,2,propietario de la vivienda y el terreno
7882,Pampeana,1,propietario de la vivienda y el terreno
7883,Pampeana,2,propietario de la vivienda y el terreno
7884,Noroeste,8,propietario de la vivienda y el terreno
7885,Noroeste,2,propietario de la vivienda y el terreno
7886,Noreste,4,"ocupante gratuito, con permiso"
7887,Patagonia,2,inquilino o arrendatario
7888,Gran Buenos Aires,5,"ocupante gratuito, con permiso"
7889,Gran Buenos Aires,2,propietario de la vivienda y el terreno
7890,Gran Buenos Aires,3,propietario de la vivienda y el terreno
7891,Gran Buenos Aires,5,propietario de la vivienda y el terreno
7892,Gran Buenos Aires,5,inquilino o arrendatario
7893,Pampeana,2,propietario de la vivienda y el terreno
7894,Pampeana,3,inquilino o arrendatario
7895,Pampeana,3,"ocupante gratuito, con permiso"
7896,Pampeana,2,propietario de la vivienda y el terreno
7897,Pampeana,2,propietario de la vivienda y el terreno
7898,Pampeana,2,inquilino o arrendatario
7899,Pampeana,2,inquilino o arrendatario
7900,Pampeana,1,inquilino o arrendatario
7901,Pampeana,1,inquilino o arrendatario
7902,Pampeana,3,propietario de la vivienda y el terreno
7903,Gran Buenos Aires,3,propietario de la vivienda y el terreno
7904,Gran Buenos Aires,3,propietario de la vivienda y el terreno
7905,Gran Buenos Aires,2,propietario de la vivienda y el terreno
7906,Gran Buenos Aires,6,propietario de la vivienda y el terreno
7907,Gran Buenos Aires,1,"ocupante gratuito, con permiso"
7908,Gran Buenos Aires,5,propietario de la vivienda y el terreno
7909,Gran Buenos Aires,2,propietario de la vivienda y el terreno
7910,Cuyo,4,inquilino o arrendatario
7911,Pampeana,1,ocupante por pago de impuestos o expensas
7912,Pampeana,3,inquilino o arrendatario
7913,Pampeana,1,propietario de la vivienda y el terreno
7914,Pampeana,1,ocupante por pago de impuestos o expensas
7915,Pampeana,2,propietario de la vivienda y el terreno
7916,Pampeana,6,propietario de la vivienda y el terreno
7917,Pampeana,2,ocupante por pago de impuestos o expensas
7918,Pampeana,2,inquilino o arrendatario
7919,Pampeana,8,inquilino o arrendatario
7920,Pampeana,5,propietario de la vivienda y el terreno
7921,Patagonia,2,inquilino o arrendatario
7922,Patagonia,2,inquilino o arrendatario
7923,Patagonia,2,propietario de la vivienda y el terreno
7924,Patagonia,6,propietario de la vivienda y el terreno
7925,Patagonia,1,propietario de la vivienda y el terreno
7926,Patagonia,3,propietario de la vivienda solamente
7927,Patagonia,6,propietario de la vivienda solamente
7928,Patagonia,4,propietario de la vivienda y el terreno
7929,Patagonia,4,propietario de la vivienda y el terreno
7930,Patagonia,4,propietario de la vivienda y el terreno
7931,Pampeana,1,propietario de la vivienda y el terreno
7932,Noroeste,1,propietario de la vivienda y el terreno
7933,Pampeana,2,inquilino o arrendatario
7934,Pampeana,2,propietario de la vivienda y el terreno
7935,Pampeana,2,inquilino o arrendatario
7936,Pampeana,5,propietario de la vivienda y el terreno
7937,Cuyo,1,propietario de la vivienda y el terreno
7938,Cuyo,2,en sucesión
7939,Cuyo,3,en sucesión
7940,Noroeste,2,propietario de la vivienda y el terreno
7941,Noroeste,3,inquilino o arrendatario
7942,Noroeste,2,propietario de la vivienda y el terreno
7943,Noroeste,4,propietario de la vivienda y el terreno
7944,Cuyo,5,propietario de la vivienda y el terreno
7945,Cuyo,1,propietario de la vivienda y el terreno
7946,Cuyo,2,propietario de la vivienda y el terreno
7947,Cuyo,1,"ocupante gratuito, con permiso"
7948,Pampeana,4,propietario de la vivienda y el terreno
7949,Noreste,2,propietario de la vivienda y el terreno
7950,Cuyo,4,propietario de la vivienda y el terreno
7951,Pampeana,1,propietario de la vivienda y el terreno
7952,Pampeana,3,propietario de la vivienda y el terreno
7953,Pampeana,1,propietario de la vivienda y el terreno
7954,Noroeste,5,propietario de la vivienda y el terreno
7955,Noroeste,4,propietario de la vivienda y el terreno
7956,Noroeste,5,propietario de la vivienda y el terreno
7957,Patagonia,1,propietario de la vivienda y el terreno
7958,Cuyo,1,inquilino o arrendatario
7959,Cuyo,5,"ocupante gratuito, con permiso"
7960,Cuyo,5,propietario de la vivienda y el terreno
7961,Cuyo,4,propietario de la vivienda y el terreno
7962,Patagonia,2,propietario de la vivienda y el terreno
7963,Noreste,4,propietario de la vivienda y el terreno
7964,Pampeana,1,propietario de la vivienda y el terreno
7965,Pampeana,2,propietario de la vivienda y el terreno
7966,Pampeana,5,propietario de la vivienda y el terreno
7967,Pampeana,3,propietario de la vivienda y el terreno
7968,Pampeana,1,"ocupante gratuito, con permiso"
7969,Pampeana,3,"ocupante gratuito, con permiso"
7970,Pampeana,5,propietario de la vivienda y el terreno
7971,Pampeana,4,propietario de la vivienda y el terreno
7972,Pampeana,1,inquilino o arrendatario
7973,Patagonia,3,propietario de la vivienda y el terreno
7974,Patagonia,6,propietario de la vivienda y el terreno
7975,Noreste,3,propietario de la vivienda solamente
7976,Noreste,1,propietario de la vivienda y el terreno
7977,Noreste,2,propietario de la vivienda y el terreno
7978,Noroeste,1,inquilino o arrendatario
7979,Noroeste,1,propietario de la vivienda y el terreno
7980,Noroeste,1,inquilino o arrendatario
7981,Noroeste,1,inquilino o arrendatario
7982,Noreste,3,propietario de la vivienda solamente
7983,Noroeste,5,propietario de la vivienda y el terreno
7984,Cuyo,2,"ocupante gratuito, con permiso"
7985,Cuyo,2,propietario de la vivienda y el terreno
7986,Cuyo,3,inquilino o arrendatario
7987,Cuyo,4,"ocupante gratuito, con permiso"
7988,Cuyo,1,propietario de la vivienda y el terreno
7989,Noreste,4,propietario de la vivienda y el terreno
7990,Pampeana,4,en sucesión
7991,Gran Buenos Aires,1,propietario de la vivienda y el terreno
7992,Gran Buenos Aires,1,ocupante por pago de impuestos o expensas
7993,Noroeste,5,propietario de la vivienda y el terreno
7994,Noroeste,8,propietario de la vivienda y el terreno
7995,Noroeste,4,"ocupante gratuito, con permiso"
7996,Noroeste,2,propietario de la vivienda y el terreno
7997,Noroeste,3,propietario de la vivienda y el terreno
7998,Noroeste,4,propietario de la vivienda y el terreno
7999,Noroeste,7,propietario de la vivienda y el terreno
8000,Noroeste,4,propietario de la vivienda solamente
8001,Noroeste,4,propietario de la vivienda y el terreno
8002,Noroeste,4,propietario de la vivienda y el terreno
8003,Pampeana,4,propietario de la vivienda y el terreno
8004,Gran Buenos Aires,3,propietario de la vivienda y el terreno
8005,Gran Buenos Aires,2,propietario de la vivienda y el terreno
8006,Gran Buenos Aires,2,propietario de la vivienda y el terreno
8007,Gran Buenos Aires,3,propietario de la vivienda y el terreno
8008,Gran Buenos Aires,2,propietario de la vivienda y el terreno
8009,Gran Buenos Aires,3,propietario de la vivienda y el terreno
8010,Gran Buenos Aires,1,propietario de la vivienda y el terreno
8011,Gran Buenos Aires,3,propietario de la vivienda y el terreno
8012,Pampeana,4,propietario de la vivienda y el terreno
8013,Gran Buenos Aires,1,propietario de la vivienda y el terreno
8014,Gran Buenos Aires,4,inquilino o arrendatario
8015,Gran Buenos Aires,2,propietario de la vivienda solamente
8016,Gran Buenos Aires,1,propietario de la vivienda y el terreno
8017,Gran Buenos Aires,2,"ocupante gratuito, con permiso"
8018,Gran Buenos Aires,1,propietario de la vivienda solamente
8019,Gran Buenos Aires,1,propietario de la vivienda y el terreno
8020,Gran Buenos Aires,3,propietario de la vivienda y el terreno
8021,Gran Buenos Aires,1,propietario de la vivienda y el terreno
8022,Gran Buenos Aires,4,propietario de la vivienda y el terreno
8023,Gran Buenos Aires,4,propietario de la vivienda y el terreno
8024,Pampeana,5,"ocupante gratuito, con permiso"
8025,Pampeana,3,propietario de la vivienda y el terreno
8026,Noroeste,6,propietario de la vivienda y el terreno
8027,Noroeste,3,propietario de la vivienda y el terreno
8028,Pampeana,1,"ocupante gratuito, con permiso"
8029,Pampeana,3,"ocupante gratuito, con permiso"
8030,Pampeana,3,inquilino o arrendatario
8031,Pampeana,6,propietario de la vivienda y el terreno
8032,Pampeana,2,propietario de la vivienda y el terreno
8033,Pampeana,4,en sucesión
8034,Noroeste,6,propietario de la vivienda y el terreno
8035,Cuyo,2,inquilino o arrendatario
8036,Cuyo,3,propietario de la vivienda y el terreno
8037,Cuyo,1,propietario de la vivienda y el terreno
8038,Pampeana,1,inquilino o arrendatario
8039,Pampeana,2,propietario de la vivienda y el terreno
8040,Pampeana,2,propietario de la vivienda y el terreno
8041,Pampeana,4,inquilino o arrendatario
8042,Pampeana,3,ocupante por pago de impuestos o expensas
8043,Noreste,5,propietario de la vivienda y el terreno
8044,Noreste,2,inquilino o arrendatario
8045,Noreste,4,propietario de la vivienda solamente
8046,Noreste,1,inquilino o arrendatario
8047,Noreste,1,inquilino o arrendatario
8048,Patagonia,1,propietario de la vivienda y el terreno
8049,Patagonia,4,inquilino o arrendatario
8050,Patagonia,2,"ocupante gratuito, con permiso"
8051,Noroeste,1,propietario de la vivienda y el terreno
8052,Gran Buenos Aires,4,"ocupante gratuito, con permiso"
8053,Noroeste,4,inquilino o arrendatario
8054,Noroeste,2,propietario de la vivienda y el terreno
8055,Cuyo,1,propietario de la vivienda y el terreno
8056,Cuyo,7,propietario de la vivienda y el terreno
8057,Pampeana,2,propietario de la vivienda y el terreno
8058,Pampeana,4,propietario de la vivienda y el terreno
8059,Pampeana,2,"ocupante gratuito, con permiso"
8060,Pampeana,1,propietario de la vivienda y el terreno
8061,Pampeana,3,propietario de la vivienda y el terreno
8062,Pampeana,3,propietario de la vivienda y el terreno
8063,Pampeana,1,propietario de la vivienda y el terreno
8064,Pampeana,3,propietario de la vivienda solamente
8065,Patagonia,1,inquilino o arrendatario
8066,Patagonia,2,propietario de la vivienda y el terreno
8067,Cuyo,4,propietario de la vivienda y el terreno
8068,Cuyo,2,inquilino o arrendatario
8069,Cuyo,1,propietario de la vivienda y el terreno
8070,Cuyo,4,"ocupante gratuito, con permiso"
8071,Cuyo,3,propietario de la vivienda y el terreno
8072,Cuyo,1,propietario de la vivienda y el terreno
8073,Cuyo,3,inquilino o arrendatario
8074,Cuyo,3,propietario de la vivienda y el terreno
8075,Noroeste,3,propietario de la vivienda y el terreno
8076,Cuyo,3,"ocupante gratuito, con permiso"
8077,Cuyo,4,propietario de la vivienda y el terreno
8078,Cuyo,8,propietario de la vivienda solamente
8079,Cuyo,3,propietario de la vivienda y el terreno
8080,Cuyo,4,inquilino o arrendatario
8081,Cuyo,4,propietario de la vivienda y el terreno
8082,Noroeste,5,propietario de la vivienda y el terreno
8083,Noroeste,6,propietario de la vivienda y el terreno
8084,Noroeste,6,propietario de la vivienda y el terreno
8085,Noroeste,5,propietario de la vivienda y el terreno
8086,Noroeste,3,propietario de la vivienda y el terreno
8087,Noroeste,4,propietario de la vivienda y el terreno
8088,Noroeste,6,propietario de la vivienda y el terreno
8089,Noroeste,1,propietario de la vivienda y el terreno
8090,Noroeste,4,propietario de la vivienda y el terreno
8091,Noreste,1,"ocupante gratuito, con permiso"
8092,Patagonia,3,inquilino o arrendatario
8093,Patagonia,4,propietario de la vivienda y el terreno
8094,Patagonia,2,propietario de la vivienda y el terreno
8095,Cuyo,4,propietario de la vivienda y el terreno
8096,Noroeste,3,"ocupante gratuito, con permiso"
8097,Noroeste,2,inquilino o arrendatario
8098,Noroeste,1,propietario de la vivienda solamente
8099,Noroeste,2,inquilino o arrendatario
8100,Pampeana,1,propietario de la vivienda y el terreno
8101,Pampeana,5,propietario de la vivienda y el terreno
8102,Pampeana,1,propietario de la vivienda y el terreno
8103,Pampeana,1,propietario de la vivienda y el terreno
8104,Pampeana,6,propietario de la vivienda y el terreno
8105,Pampeana,4,propietario de la vivienda y el terreno
8106,Cuyo,3,inquilino o arrendatario
8107,Cuyo,2,propietario de la vivienda y el terreno
8108,Cuyo,3,propietario de la vivienda y el terreno
8109,Cuyo,1,propietario de la vivienda y el terreno
8110,Noroeste,2,propietario de la vivienda y el terreno
8111,Cuyo,1,propietario de la vivienda y el terreno
8112,Cuyo,4,inquilino o arrendatario
8113,Cuyo,1,propietario de la vivienda y el terreno
8114,Gran Buenos Aires,3,propietario de la vivienda y el terreno
8115,Gran Buenos Aires,2,"ocupante gratuito, con permiso"
8116,Gran Buenos Aires,7,propietario de la vivienda y el terreno
8117,Gran Buenos Aires,3,propietario de la vivienda y el terreno
8118,Gran Buenos Aires,3,propietario de la vivienda y el terreno
8119,Gran Buenos Aires,2,propietario de la vivienda y el terreno
8120,Gran Buenos Aires,4,"ocupante gratuito, con permiso"
8121,Gran Buenos Aires,4,propietario de la vivienda y el terreno
8122,Gran Buenos Aires,2,propietario de la vivienda y el terreno
8123,Gran Buenos Aires,2,propietario de la vivienda y el terreno
8124,Gran Buenos Aires,1,inquilino o arrendatario
8125,Gran Buenos Aires,4,propietario de la vivienda y el terreno
8126,Gran Buenos Aires,2,propietario de la vivienda y el terreno
8127,Gran Buenos Aires,4,propietario de la vivienda y el terreno
8128,Gran Buenos Aires,2,propietario de la vivienda y el terreno
8129,Gran Buenos Aires,2,propietario de la vivienda y el terreno
8130,Gran Buenos Aires,2,propietario de la vivienda y el terreno
8131,Gran Buenos Aires,3,propietario de la vivienda y el terreno
8132,Gran Buenos Aires,1,propietario de la vivienda y el terreno
8133,Gran Buenos Aires,3,inquilino o arrendatario
8134,Gran Buenos Aires,4,propietario de la vivienda solamente
8135,Gran Buenos Aires,3,inquilino o arrendatario
8136,Gran Buenos Aires,3,propietario de la vivienda y el terreno
8137,Cuyo,2,inquilino o arrendatario
8138,Cuyo,4,inquilino o arrendatario
8139,Cuyo,2,propietario de la vivienda y el terreno
8140,Cuyo,3,propietario de la vivienda y el terreno
8141,Cuyo,2,inquilino o arrendatario
8142,Cuyo,2,propietario de la vivienda y el terreno
8143,Noreste,2,propietario de la vivienda solamente
8144,Noroeste,3,propietario de la vivienda y el terreno
8145,Patagonia,3,propietario de la vivienda y el terreno
8146,Patagonia,7,propietario de la vivienda y el terreno
8147,Patagonia,2,inquilino o arrendatario
8148,Patagonia,4,propietario de la vivienda y el terreno
8149,Patagonia,1,propietario de la vivienda y el terreno
8150,Patagonia,3,inquilino o arrendatario
8151,Patagonia,2,inquilino o arrendatario
8152,Patagonia,2,propietario de la vivienda solamente
8153,Pampeana,1,propietario de la vivienda y el terreno
8154,Patagonia,2,propietario de la vivienda y el terreno
8155,Patagonia,1,propietario de la vivienda y el terreno
8156,Pampeana,2,"ocupante gratuito, con permiso"
8157,Pampeana,1,propietario de la vivienda y el terreno
8158,Pampeana,2,inquilino o arrendatario
8159,Cuyo,2,propietario de la vivienda y el terreno
8160,Cuyo,6,propietario de la vivienda y el terreno
8161,Cuyo,5,inquilino o arrendatario
8162,Cuyo,4,inquilino o arrendatario
8163,Cuyo,2,propietario de la vivienda y el terreno
8164,Noreste,4,propietario de la vivienda y el terreno
8165,Patagonia,2,propietario de la vivienda y el terreno
8166,Patagonia,1,inquilino o arrendatario
8167,Patagonia,3,propietario de la vivienda y el terreno
8168,Patagonia,1,propietario de la vivienda y el terreno
8169,Patagonia,1,inquilino o arrendatario
8170,Patagonia,1,ocupante por pago de impuestos o expensas
8171,Patagonia,4,propietario de la vivienda y el terreno
8172,Patagonia,1,inquilino o arrendatario
8173,Patagonia,1,propietario de la vivienda y el terreno
8174,Pampeana,5,propietario de la vivienda solamente
8175,Pampeana,3,propietario de la vivienda y el terreno
8176,Pampeana,5,propietario de la vivienda y el terreno
8177,Pampeana,4,propietario de la vivienda y el terreno
8178,Pampeana,4,propietario de la vivienda y el terreno
8179,Pampeana,2,propietario de la vivienda y el terreno
8180,Patagonia,2,propietario de la vivienda y el terreno
8181,Noroeste,5,propietario de la vivienda y el terreno
8182,Pampeana,1,inquilino o arrendatario
8183,Pampeana,1,inquilino o arrendatario
8184,Patagonia,1,propietario de la vivienda y el terreno
8185,Patagonia,1,propietario de la vivienda y el terreno
8186,Patagonia,3,propietario de la vivienda y el terreno
8187,Noroeste,1,propietario de la vivienda y el terreno
8188,Noroeste,3,propietario de la vivienda solamente
8189,Noroeste,2,
8190,Noreste,5,propietario de la vivienda y el terreno
8191,Noreste,6,en sucesión
8192,Noroeste,5,propietario de la vivienda y el terreno
8193,Patagonia,2,propietario de la vivienda y el terreno
8194,Pampeana,1,inquilino o arrendatario
8195,Pampeana,1,ocupante en relación de dependencia
8196,Pampeana,2,propietario de la vivienda y el terreno
8197,Pampeana,2,inquilino o arrendatario
8198,Pampeana,1,propietario de la vivienda y el terreno
8199,Pampeana,4,propietario de la vivienda solamente
8200,Gran Buenos Aires,2,propietario de la vivienda solamente
8201,Gran Buenos Aires,1,inquilino o arrendatario
8202,Noroeste,4,propietario de la vivienda y el terreno
8203,Pampeana,6,propietario de la vivienda y el terreno
8204,Pampeana,1,propietario de la vivienda y el terreno
8205,Pampeana,4,propietario de la vivienda y el terreno
8206,Pampeana,4,inquilino o arrendatario
8207,Pampeana,1,propietario de la vivienda y el terreno
8208,Pampeana,2,propietario de la vivienda y el terreno
8209,Pampeana,1,inquilino o arrendatario
8210,Pampeana,5,propietario de la vivienda y el terreno
8211,Pampeana,2,"ocupante gratuito, con permiso"
8212,Noroeste,2,propietario de la vivienda y el terreno
8213,Noroeste,4,propietario de la vivienda y el terreno
8214,Noroeste,1,propietario de la vivienda y el terreno
8215,Noroeste,2,propietario de la vivienda y el terreno
8216,Noroeste,9,propietario de la vivienda y el terreno
8217,Noroeste,4,propietario de la vivienda y el terreno
8218,Noroeste,2,inquilino o arrendatario
8219,Noroeste,2,inquilino o arrendatario
8220,Pampeana,2,"ocupante gratuito, con permiso"
8221,Pampeana,5,propietario de la vivienda y el terreno
8222,Pampeana,2,propietario de la vivienda y el terreno
8223,Pampeana,2,inquilino o arrendatario
8224,Pampeana,1,propietario de la vivienda y el terreno
8225,Noreste,3,propietario de la vivienda y el terreno
8226,Noreste,1,propietario de la vivienda y el terreno
8227,Noreste,1,propietario de la vivienda solamente
8228,Noreste,2,propietario de la vivienda y el terreno
8229,Noreste,4,propietario de la vivienda y el terreno
8230,Noreste,1,propietario de la vivienda y el terreno
8231,Noreste,7,ocupante por pago de impuestos o expensas
8232,Noreste,2,propietario de la vivienda y el terreno
8233,Pampeana,2,propietario de la vivienda solamente
8234,Pampeana,2,inquilino o arrendatario
8235,Pampeana,2,propietario de la vivienda y el terreno
8236,Pampeana,2,inquilino o arrendatario
8237,Pampeana,2,inquilino o arrendatario
8238,Pampeana,3,propietario de la vivienda solamente
8239,Pampeana,2,propietario de la vivienda y el terreno
8240,Pampeana,2,propietario de la vivienda y el terreno
8241,Pampeana,3,inquilino o arrendatario
8242,Noroeste,2,propietario de la vivienda y el terreno
8243,Gran Buenos Aires,1,propietario de la vivienda solamente
8244,Gran Buenos Aires,5,inquilino o arrendatario
8245,Pampeana,8,propietario de la vivienda y el terreno
8246,Pampeana,1,propietario de la vivienda y el terreno
8247,Noroeste,1,propietario de la vivienda y el terreno
8248,Cuyo,5,propietario de la vivienda y el terreno
8249,Cuyo,1,propietario de la vivienda y el terreno
8250,Cuyo,3,inquilino o arrendatario
8251,Cuyo,4,propietario de la vivienda y el terreno
8252,Cuyo,2,inquilino o arrendatario
8253,Cuyo,5,"ocupante gratuito, con permiso"
8254,Cuyo,4,propietario de la vivienda y el terreno
8255,Cuyo,3,propietario de la vivienda y el terreno
8256,Cuyo,2,propietario de la vivienda y el terreno
8257,Noroeste,1,inquilino o arrendatario
8258,Noroeste,3,inquilino o arrendatario
8259,Noroeste,2,propietario de la vivienda y el terreno
8260,Noroeste,1,propietario de la vivienda y el terreno
8261,Noroeste,3,propietario de la vivienda y el terreno
8262,Pampeana,3,propietario de la vivienda y el terreno
8263,Noreste,2,propietario de la vivienda y el terreno
8264,Noreste,1,propietario de la vivienda y el terreno
8265,Noreste,4,inquilino o arrendatario
8266,Cuyo,3,propietario de la vivienda y el terreno
8267,Cuyo,2,propietario de la vivienda y el terreno
8268,Cuyo,2,inquilino o arrendatario
8269,Cuyo,2,propietario de la vivienda y el terreno
8270,Cuyo,4,"ocupante gratuito, con permiso"
8271,Cuyo,2,propietario de la vivienda y el terreno
8272,Noreste,3,propietario de la vivienda solamente
8273,Noreste,3,propietario de la vivienda y el terreno
8274,Noreste,5,propietario de la vivienda y el terreno
8275,Noreste,3,propietario de la vivienda y el terreno
8276,Patagonia,1,inquilino o arrendatario
8277,Patagonia,2,propietario de la vivienda y el terreno
8278,Patagonia,3,propietario de la vivienda y el terreno
8279,Patagonia,1,inquilino o arrendatario
8280,Patagonia,4,propietario de la vivienda y el terreno
8281,Patagonia,1,propietario de la vivienda y el terreno
8282,Pampeana,2,propietario de la vivienda solamente
8283,Pampeana,3,propietario de la vivienda y el terreno
8284,Pampeana,4,propietario de la vivienda y el terreno
8285,Pampeana,1,propietario de la vivienda y el terreno
8286,Noroeste,4,propietario de la vivienda y el terreno
8287,Noroeste,5,inquilino o arrendatario
8288,Noroeste,2,propietario de la vivienda y el terreno
8289,Noroeste,3,inquilino o arrendatario
8290,Noroeste,1,inquilino o arrendatario
8291,Noreste,3,propietario de la vivienda solamente
8292,Noreste,4,propietario de la vivienda y el terreno
8293,Noreste,2,propietario de la vivienda y el terreno
8294,Noreste,2,inquilino o arrendatario
8295,Pampeana,1,inquilino o arrendatario
8296,Pampeana,1,inquilino o arrendatario
8297,Gran Buenos Aires,1,propietario de la vivienda y el terreno
8298,Gran Buenos Aires,3,inquilino o arrendatario
8299,Gran Buenos Aires,3,propietario de la vivienda y el terreno
8300,Gran Buenos Aires,4,propietario de la vivienda solamente
8301,Pampeana,3,ocupante por pago de impuestos o expensas
8302,Pampeana,4,inquilino o arrendatario
8303,Pampeana,1,inquilino o arrendatario
8304,Pampeana,2,inquilino o arrendatario
8305,Pampeana,4,propietario de la vivienda y el terreno
8306,Patagonia,4,propietario de la vivienda y el terreno
8307,Patagonia,1,inquilino o arrendatario
8308,Patagonia,1,inquilino o arrendatario
8309,Patagonia,2,propietario de la vivienda y el terreno
8310,Patagonia,3,inquilino o arrendatario
8311,Patagonia,4,inquilino o arrendatario
8312,Patagonia,2,inquilino o arrendatario
8313,Cuyo,2,propietario de la vivienda y el terreno
8314,Cuyo,4,propietario de la vivienda y el terreno
8315,Patagonia,1,propietario de la vivienda y el terreno
8316,Patagonia,3,inquilino o arrendatario
8317,Patagonia,4,"ocupante gratuito, con permiso"
8318,Patagonia,2,propietario de la vivienda y el terreno
8319,Pampeana,3,"ocupante gratuito, con permiso"
8320,Pampeana,3,propietario de la vivienda y el terreno
8321,Noreste,2,inquilino o arrendatario
8322,Noroeste,1,ocupante por pago de impuestos o expensas
8323,Pampeana,3,propietario de la vivienda y el terreno
8324,Pampeana,1,propietario de la vivienda y el terreno
8325,Noroeste,1,propietario de la vivienda y el terreno
8326,Noroeste,3,inquilino o arrendatario
8327,Noroeste,8,"ocupante gratuito, con permiso"
8328,Cuyo,5,inquilino o arrendatario
8329,Cuyo,2,inquilino o arrendatario
8330,Cuyo,1,en sucesión
8331,Cuyo,4,propietario de la vivienda y el terreno
8332,Cuyo,4,propietario de la vivienda y el terreno
8333,Cuyo,5,propietario de la vivienda y el terreno
8334,Cuyo,5,"ocupante gratuito, con permiso"
8335,Noreste,1,propietario de la vivienda y el terreno
8336,Noreste,4,propietario de la vivienda y el terreno
8337,Noreste,1,propietario de la vivienda y el terreno
8338,Noreste,3,propietario de la vivienda y el terreno
8339,Noreste,2,propietario de la vivienda y el terreno
8340,Noreste,2,inquilino o arrendatario
8341,Noreste,1,propietario de la vivienda solamente
8342,Noreste,3,en sucesión
8343,Noreste,4,propietario de la vivienda y el terreno
8344,Patagonia,2,inquilino o arrendatario
8345,Gran Buenos Aires,5,propietario de la vivienda y el terreno
8346,Gran Buenos Aires,1,inquilino o arrendatario
8347,Gran Buenos Aires,4,propietario de la vivienda y el terreno
8348,Gran Buenos Aires,4,inquilino o arrendatario
8349,Gran Buenos Aires,3,"ocupante gratuito, con permiso"
8350,Gran Buenos Aires,4,propietario de la vivienda y el terreno
8351,Gran Buenos Aires,3,propietario de la vivienda y el terreno
8352,Gran Buenos Aires,5,inquilino o arrendatario
8353,Gran Buenos Aires,1,inquilino o arrendatario
8354,Pampeana,1,propietario de la vivienda solamente
8355,Gran Buenos Aires,3,propietario de la vivienda y el terreno
8356,Gran Buenos Aires,3,propietario de la vivienda y el terreno
8357,Pampeana,2,inquilino o arrendatario
8358,Pampeana,2,propietario de la vivienda y el terreno
8359,Pampeana,3,inquilino o arrendatario
8360,Pampeana,1,propietario de la vivienda y el terreno
8361,Pampeana,1,propietario de la vivienda y el terreno
8362,Noroeste,4,inquilino o arrendatario
8363,Noroeste,6,"ocupante gratuito, con permiso"
8364,Noroeste,2,otra situación
8365,Noroeste,3,propietario de la vivienda y el terreno
8366,Noroeste,1,propietario de la vivienda y el terreno
8367,Noroeste,13,propietario de la vivienda y el terreno
8368,Noroeste,1,inquilino o arrendatario
8369,Noroeste,4,propietario de la vivienda y el terreno
8370,Noroeste,4,propietario de la vivienda y el terreno
8371,Noroeste,2,inquilino o arrendatario
8372,Gran Buenos Aires,1,propietario de la vivienda y el terreno
8373,Gran Buenos Aires,1,"ocupante gratuito, con permiso"
8374,Gran Buenos Aires,5,propietario de la vivienda y el terreno
8375,Pampeana,5,inquilino o arrendatario
8376,Pampeana,1,propietario de la vivienda y el terreno
8377,Pampeana,5,propietario de la vivienda y el terreno
8378,Cuyo,1,propietario de la vivienda y el terreno
8379,Patagonia,3,ocupante por pago de impuestos o expensas
8380,Patagonia,3,propietario de la vivienda y el terreno
8381,Patagonia,3,ocupante por pago de impuestos o expensas
8382,Patagonia,2,propietario de la vivienda y el terreno
8383,Cuyo,1,"ocupante gratuito, con permiso"
8384,Gran Buenos Aires,2,propietario de la vivienda y el terreno
8385,Gran Buenos Aires,2,propietario de la vivienda y el terreno
8386,Gran Buenos Aires,7,propietario de la vivienda y el terreno
8387,Gran Buenos Aires,2,inquilino o arrendatario
8388,Gran Buenos Aires,5,propietario de la vivienda solamente
8389,Gran Buenos Aires,1,propietario de la vivienda y el terreno
8390,Pampeana,4,propietario de la vivienda y el terreno
8391,Pampeana,3,propietario de la vivienda solamente
8392,Noroeste,2,inquilino o arrendatario
8393,Noroeste,1,inquilino o arrendatario
8394,Noroeste,6,propietario de la vivienda y el terreno
8395,Noroeste,3,propietario de la vivienda y el terreno
8396,Noroeste,8,en sucesión
8397,Patagonia,2,propietario de la vivienda y el terreno
8398,Patagonia,2,inquilino o arrendatario
8399,Noroeste,5,ocupante por pago de impuestos o expensas
8400,Cuyo,4,propietario de la vivienda y el terreno
8401,Noroeste,6,propietario de la vivienda y el terreno
8402,Noroeste,5,ocupante por pago de impuestos o expensas
8403,Noroeste,7,propietario de la vivienda y el terreno
8404,Noroeste,6,propietario de la vivienda y el terreno
8405,Noroeste,2,ocupante por pago de impuestos o expensas
8406,Noroeste,1,propietario de la vivienda y el terreno
8407,Noroeste,3,propietario de la vivienda y el terreno
8408,Noreste,3,propietario de la vivienda y el terreno
8409,Noreste,2,propietario de la vivienda y el terreno
8410,Pampeana,2,propietario de la vivienda y el terreno
8411,Pampeana,1,"ocupante gratuito, con permiso"
8412,Pampeana,4,propietario de la vivienda y el terreno
8413,Pampeana,1,inquilino o arrendatario
8414,Pampeana,4,en sucesión
8415,Pampeana,5,"ocupante gratuito, con permiso"
8416,Pampeana,2,inquilino o arrendatario
8417,Pampeana,2,en sucesión
8418,Pampeana,1,propietario de la vivienda y el terreno
8419,Pampeana,2,propietario de la vivienda y el terreno
8420,Gran Buenos Aires,2,propietario de la vivienda y el terreno
8421,Gran Buenos Aires,2,"ocupante gratuito, con permiso"
8422,Gran Buenos Aires,3,propietario de la vivienda y el terreno
8423,Pampeana,3,propietario de la vivienda y el terreno
8424,Pampeana,2,propietario de la vivienda y el terreno
8425,Pampeana,2,propietario de la vivienda y el terreno
8426,Pampeana,1,propietario de la vivienda y el terreno
8427,Pampeana,2,propietario de la vivienda y el terreno
8428,Pampeana,4,propietario de la vivienda y el terreno
8429,Pampeana,1,"ocupante gratuito, con permiso"
8430,Gran Buenos Aires,7,inquilino o arrendatario
8431,Gran Buenos Aires,2,propietario de la vivienda y el terreno
8432,Gran Buenos Aires,2,propietario de la vivienda y el terreno
8433,Gran Buenos Aires,1,inquilino o arrendatario
8434,Gran Buenos Aires,2,inquilino o arrendatario
8435,Gran Buenos Aires,2,propietario de la vivienda y el terreno
8436,Gran Buenos Aires,2,ocupante por pago de impuestos o expensas
8437,Gran Buenos Aires,1,inquilino o arrendatario
8438,Gran Buenos Aires,4,propietario de la vivienda y el terreno
8439,Gran Buenos Aires,4,propietario de la vivienda y el terreno
8440,Noreste,1,propietario de la vivienda y el terreno
8441,Noreste,3,inquilino o arrendatario
8442,Pampeana,2,propietario de la vivienda y el terreno
8443,Pampeana,2,propietario de la vivienda y el terreno
8444,Pampeana,2,inquilino o arrendatario
8445,Pampeana,3,propietario de la vivienda y el terreno
8446,Pampeana,1,propietario de la vivienda y el terreno
8447,Gran Buenos Aires,3,"ocupante gratuito, con permiso"
8448,Gran Buenos Aires,1,propietario de la vivienda y el terreno
8449,Pampeana,2,inquilino o arrendatario
8450,Gran Buenos Aires,4,propietario de la vivienda solamente
8451,Gran Buenos Aires,7,inquilino o arrendatario
8452,Gran Buenos Aires,1,propietario de la vivienda y el terreno
8453,Gran Buenos Aires,1,propietario de la vivienda y el terreno
8454,Gran Buenos Aires,2,propietario de la vivienda y el terreno
8455,Gran Buenos Aires,4,inquilino o arrendatario
8456,Gran Buenos Aires,2,propietario de la vivienda y el terreno
8457,Gran Buenos Aires,4,propietario de la vivienda y el terreno
8458,Gran Buenos Aires,2,propietario de la vivienda y el terreno
8459,Pampeana,2,propietario de la vivienda y el terreno
8460,Noroeste,5,propietario de la vivienda y el terreno
8461,Noroeste,3,inquilino o arrendatario
8462,Noroeste,5,propietario de la vivienda y el terreno
8463,Noroeste,4,propietario de la vivienda y el terreno
8464,Noroeste,8,propietario de la vivienda y el terreno
8465,Noroeste,7,propietario de la vivienda y el terreno
8466,Noroeste,7,propietario de la vivienda y el terreno
8467,Cuyo,3,"ocupante gratuito, con permiso"
8468,Cuyo,3,ocupante en relación de dependencia
8469,Pampeana,3,propietario de la vivienda solamente
8470,Pampeana,3,propietario de la vivienda y el terreno
8471,Pampeana,3,propietario de la vivienda y el terreno
8472,Pampeana,1,propietario de la vivienda y el terreno
8473,Pampeana,7,inquilino o arrendatario
8474,Pampeana,1,propietario de la vivienda y el terreno
8475,Pampeana,1,ocupante en relación de dependencia
8476,Pampeana,2,propietario de la vivienda y el terreno
8477,Pampeana,6,propietario de la vivienda y el terreno
8478,Pampeana,2,propietario de la vivienda solamente
8479,Pampeana,1,ocupante por pago de impuestos o expensas
8480,Pampeana,5,propietario de la vivienda y el terreno
8481,Pampeana,2,propietario de la vivienda y el terreno
8482,Pampeana,3,inquilino o arrendatario
8483,Gran Buenos Aires,1,propietario de la vivienda y el terreno
8484,Noreste,3,propietario de la vivienda y el terreno
8485,Noreste,2,propietario de la vivienda y el terreno
8486,Noreste,7,propietario de la vivienda solamente
8487,Noreste,4,propietario de la vivienda y el terreno
8488,Noreste,3,propietario de la vivienda y el terreno
8489,Noroeste,3,inquilino o arrendatario
8490,Pampeana,7,propietario de la vivienda y el terreno
8491,Pampeana,6,propietario de la vivienda y el terreno
8492,Pampeana,4,propietario de la vivienda y el terreno
8493,Pampeana,5,propietario de la vivienda solamente
8494,Patagonia,1,inquilino o arrendatario
8495,Patagonia,1,inquilino o arrendatario
8496,Patagonia,2,propietario de la vivienda y el terreno
8497,Cuyo,5,inquilino o arrendatario
8498,Noroeste,6,propietario de la vivienda y el terreno
8499,Patagonia,4,inquilino o arrendatario
8500,Patagonia,2,propietario de la vivienda y el terreno
8501,Patagonia,1,propietario de la vivienda y el terreno
8502,Patagonia,2,propietario de la vivienda y el terreno
8503,Patagonia,3,propietario de la vivienda y el terreno
8504,Noroeste,2,inquilino o arrendatario
8505,Noroeste,3,propietario de la vivienda y el terreno
8506,Noroeste,4,propietario de la vivienda solamente
8507,Noroeste,5,propietario de la vivienda y el terreno
8508,Noroeste,3,propietario de la vivienda y el terreno
8509,Noroeste,1,propietario de la vivienda y el terreno
8510,Noroeste,2,inquilino o arrendatario
8511,Patagonia,2,inquilino o arrendatario
8512,Pampeana,5,propietario de la vivienda y el terreno
8513,Pampeana,1,propietario de la vivienda y el terreno
8514,Pampeana,3,propietario de la vivienda y el terreno
8515,Pampeana,4,propietario de la vivienda y el terreno
8516,Pampeana,3,inquilino o arrendatario
8517,Pampeana,2,propietario de la vivienda y el terreno
8518,Patagonia,3,propietario de la vivienda y el terreno
8519,Pampeana,1,propietario de la vivienda y el terreno
8520,Noroeste,4,inquilino o arrendatario
8521,Pampeana,2,propietario de la vivienda y el terreno
8522,Patagonia,3,"ocupante gratuito, con permiso"
8523,Patagonia,3,propietario de la vivienda y el terreno
8524,Patagonia,4,propietario de la vivienda y el terreno
8525,Patagonia,3,propietario de la vivienda y el terreno
8526,Patagonia,2,propietario de la vivienda y el terreno
8527,Patagonia,2,propietario de la vivienda y el terreno
8528,Pampeana,3,propietario de la vivienda y el terreno
8529,Noroeste,6,propietario de la vivienda y el terreno
8530,Noroeste,2,propietario de la vivienda y el terreno
8531,Pampeana,2,propietario de la vivienda y el terreno
8532,Cuyo,4,inquilino o arrendatario
8533,Noroeste,4,propietario de la vivienda y el terreno
8534,Noroeste,7,propietario de la vivienda y el terreno
8535,Noroeste,3,propietario de la vivienda y el terreno
8536,Cuyo,4,propietario de la vivienda y el terreno
8537,Cuyo,3,propietario de la vivienda y el terreno
8538,Cuyo,4,inquilino o arrendatario
8539,Cuyo,1,"ocupante gratuito, con permiso"
8540,Cuyo,1,"ocupante gratuito, con permiso"
8541,Cuyo,2,inquilino o arrendatario
8542,Cuyo,2,propietario de la vivienda y el terreno
8543,Noroeste,3,propietario de la vivienda y el terreno
8544,Noroeste,4,propietario de la vivienda y el terreno
8545,Noroeste,3,propietario de la vivienda y el terreno
8546,Noroeste,4,propietario de la vivienda y el terreno
8547,Cuyo,1,propietario de la vivienda y el terreno
8548,Cuyo,4,propietario de la vivienda y el terreno
8549,Pampeana,4,propietario de la vivienda y el terreno
8550,Noroeste,4,"ocupante gratuito, con permiso"
8551,Noroeste,6,"ocupante gratuito, con permiso"
8552,Noreste,5,propietario de la vivienda y el terreno
8553,Cuyo,1,propietario de la vivienda y el terreno
8554,Cuyo,3,propietario de la vivienda y el terreno
8555,Gran Buenos Aires,3,propietario de la vivienda y el terreno
8556,Gran Buenos Aires,2,propietario de la vivienda y el terreno
8557,Gran Buenos Aires,1,propietario de la vivienda y el terreno
8558,Gran Buenos Aires,2,inquilino o arrendatario
8559,Gran Buenos Aires,2,propietario de la vivienda y el terreno
8560,Gran Buenos Aires,2,en sucesión
8561,Gran Buenos Aires,2,propietario de la vivienda y el terreno
8562,Gran Buenos Aires,5,"ocupante gratuito, con permiso"
8563,Pampeana,3,inquilino o arrendatario
8564,Pampeana,4,propietario de la vivienda y el terreno
8565,Pampeana,5,propietario de la vivienda y el terreno
8566,Pampeana,4,propietario de la vivienda y el terreno
8567,Pampeana,4,propietario de la vivienda y el terreno
8568,Pampeana,5,propietario de la vivienda y el terreno
8569,Pampeana,4,"ocupante gratuito, con permiso"
8570,Pampeana,3,propietario de la vivienda y el terreno
8571,Pampeana,4,propietario de la vivienda y el terreno
8572,Noreste,1,propietario de la vivienda y el terreno
8573,Noreste,2,propietario de la vivienda y el terreno
8574,Noreste,3,propietario de la vivienda y el terreno
8575,Cuyo,2,inquilino o arrendatario
8576,Cuyo,3,propietario de la vivienda y el terreno
8577,Pampeana,4,propietario de la vivienda y el terreno
8578,Pampeana,1,propietario de la vivienda y el terreno
8579,Patagonia,2,inquilino o arrendatario
8580,Patagonia,3,propietario de la vivienda y el terreno
8581,Patagonia,2,propietario de la vivienda y el terreno
8582,Patagonia,4,propietario de la vivienda y el terreno
8583,Patagonia,3,inquilino o arrendatario
8584,Patagonia,5,propietario de la vivienda y el terreno
8585,Cuyo,3,propietario de la vivienda y el terreno
8586,Noreste,3,propietario de la vivienda y el terreno
8587,Noroeste,5,propietario de la vivienda y el terreno
8588,Noroeste,1,inquilino o arrendatario
8589,Noroeste,1,propietario de la vivienda y el terreno
8590,Noroeste,2,propietario de la vivienda y el terreno
8591,Pampeana,2,propietario de la vivienda y el terreno
8592,Pampeana,3,propietario de la vivienda y el terreno
8593,Pampeana,4,propietario de la vivienda y el terreno
8594,Gran Buenos Aires,3,propietario de la vivienda y el terreno
8595,Gran Buenos Aires,3,propietario de la vivienda y el terreno
8596,Patagonia,1,inquilino o arrendatario
8597,Pampeana,1,inquilino o arrendatario
8598,Pampeana,2,propietario de la vivienda y el terreno
8599,Pampeana,3,propietario de la vivienda y el terreno
8600,Pampeana,3,propietario de la vivienda y el terreno
8601,Pampeana,2,propietario de la vivienda y el terreno
8602,Pampeana,7,propietario de la vivienda y el terreno
8603,Pampeana,3,propietario de la vivienda y el terreno
8604,Pampeana,3,propietario de la vivienda y el terreno
8605,Pampeana,5,propietario de la vivienda y el terreno
8606,Pampeana,5,propietario de la vivienda y el terreno
8607,Pampeana,4,propietario de la vivienda y el terreno
8608,Noroeste,1,propietario de la vivienda solamente
8609,Noroeste,4,inquilino o arrendatario
8610,Noroeste,4,propietario de la vivienda y el terreno
8611,Noroeste,3,propietario de la vivienda y el terreno
8612,Noroeste,3,propietario de la vivienda y el terreno
8613,Noroeste,3,propietario de la vivienda y el terreno
8614,Cuyo,1,propietario de la vivienda solamente
8615,Cuyo,1,inquilino o arrendatario
8616,Noreste,5,propietario de la vivienda y el terreno
8617,Noreste,3,propietario de la vivienda y el terreno
8618,Noreste,3,propietario de la vivienda y el terreno
8619,Noreste,2,propietario de la vivienda y el terreno
8620,Noreste,2,propietario de la vivienda y el terreno
8621,Noreste,1,propietario de la vivienda y el terreno
8622,Noreste,9,propietario de la vivienda y el terreno
8623,Noreste,3,propietario de la vivienda y el terreno
8624,Noreste,1,propietario de la vivienda y el terreno
8625,Noroeste,3,"ocupante gratuito, con permiso"
8626,Pampeana,4,propietario de la vivienda y el terreno
8627,Pampeana,1,propietario de la vivienda y el terreno
8628,Pampeana,2,propietario de la vivienda y el terreno
8629,Pampeana,5,propietario de la vivienda y el terreno
8630,Pampeana,3,propietario de la vivienda y el terreno
8631,Patagonia,6,propietario de la vivienda y el terreno
8632,Patagonia,2,inquilino o arrendatario
8633,Patagonia,2,"ocupante gratuito, con permiso"
8634,Pampeana,2,ocupante por pago de impuestos o expensas
8635,Pampeana,8,propietario de la vivienda y el terreno
8636,Noroeste,5,propietario de la vivienda y el terreno
8637,Noroeste,3,propietario de la vivienda y el terreno
8638,Noroeste,4,propietario de la vivienda y el terreno
8639,Noroeste,4,propietario de la vivienda y el terreno
8640,Noroeste,3,propietario de la vivienda y el terreno
8641,Noroeste,4,propietario de la vivienda y el terreno
8642,Noroeste,2,propietario de la vivienda y el terreno
8643,Pampeana,2,propietario de la vivienda y el terreno
8644,Pampeana,1,inquilino o arrendatario
8645,Pampeana,2,inquilino o arrendatario
8646,Noroeste,4,propietario de la vivienda y el terreno
8647,Gran Buenos Aires,1,propietario de la vivienda y el terreno
8648,Gran Buenos Aires,4,propietario de la vivienda y el terreno
8649,Gran Buenos Aires,1,inquilino o arrendatario
8650,Gran Buenos Aires,4,propietario de la vivienda y el terreno
8651,Gran Buenos Aires,3,inquilino o arrendatario
8652,Gran Buenos Aires,3,"ocupante gratuito, con permiso"
8653,Gran Buenos Aires,3,propietario de la vivienda y el terreno
8654,Gran Buenos Aires,4,propietario de la vivienda y el terreno
8655,Gran Buenos Aires,3,inquilino o arrendatario
8656,Gran Buenos Aires,5,propietario de la vivienda y el terreno
8657,Gran Buenos Aires,3,propietario de la vivienda solamente
8658,Gran Buenos Aires,1,propietario de la vivienda y el terreno
8659,Gran Buenos Aires,4,propietario de la vivienda y el terreno
8660,Gran Buenos Aires,3,propietario de la vivienda y el terreno
8661,Gran Buenos Aires,1,propietario de la vivienda y el terreno
8662,Pampeana,1,propietario de la vivienda y el terreno
8663,Pampeana,2,inquilino o arrendatario
8664,Pampeana,6,propietario de la vivienda y el terreno
8665,Pampeana,1,inquilino o arrendatario
8666,Pampeana,2,inquilino o arrendatario
8667,Pampeana,2,propietario de la vivienda y el terreno
8668,Noroeste,3,"ocupante gratuito, con permiso"
8669,Pampeana,4,propietario de la vivienda y el terreno
8670,Pampeana,2,"ocupante gratuito, con permiso"
8671,Pampeana,2,propietario de la vivienda y el terreno
8672,Pampeana,5,inquilino o arrendatario
8673,Pampeana,3,inquilino o arrendatario
8674,Gran Buenos Aires,3,"ocupante gratuito, con permiso"
8675,Gran Buenos Aires,5,propietario de la vivienda y el terreno
8676,Gran Buenos Aires,4,"ocupante gratuito, con permiso"
8677,Gran Buenos Aires,1,"ocupante gratuito, con permiso"
8678,Gran Buenos Aires,2,propietario de la vivienda y el terreno
8679,Gran Buenos Aires,1,inquilino o arrendatario
8680,Gran Buenos Aires,1,propietario de la vivienda y el terreno
8681,Gran Buenos Aires,1,propietario de la vivienda y el terreno
8682,Gran Buenos Aires,3,propietario de la vivienda y el terreno
8683,Gran Buenos Aires,2,inquilino o arrendatario
8684,Pampeana,1,propietario de la vivienda y el terreno
8685,Pampeana,2,propietario de la vivienda y el terreno
8686,Pampeana,4,inquilino o arrendatario
8687,Pampeana,4,propietario de la vivienda y el terreno
8688,Pampeana,1,propietario de la vivienda y el terreno
8689,Pampeana,3,inquilino o arrendatario
8690,Pampeana,1,inquilino o arrendatario
8691,Noroeste,3,propietario de la vivienda y el terreno
8692,Noroeste,4,propietario de la vivienda y el terreno
8693,Pampeana,8,propietario de la vivienda y el terreno
8694,Pampeana,1,propietario de la vivienda y el terreno
8695,Pampeana,1,propietario de la vivienda y el terreno
8696,Pampeana,4,propietario de la vivienda y el terreno
8697,Pampeana,2,propietario de la vivienda y el terreno
8698,Pampeana,5,propietario de la vivienda y el terreno
8699,Pampeana,5,propietario de la vivienda y el terreno
8700,Pampeana,2,en sucesión
8701,Pampeana,2,propietario de la vivienda y el terreno
8702,Cuyo,5,propietario de la vivienda y el terreno
8703,Noroeste,2,propietario de la vivienda y el terreno
8704,Noroeste,3,inquilino o arrendatario
8705,Noroeste,2,propietario de la vivienda y el terreno
8706,Noroeste,2,propietario de la vivienda y el terreno
8707,Noroeste,3,propietario de la vivienda y el terreno
8708,Noroeste,3,propietario de la vivienda solamente
8709,Noroeste,2,propietario de la vivienda solamente
8710,Noroeste,4,propietario de la vivienda solamente
8711,Noroeste,4,propietario de la vivienda y el terreno
8712,Noroeste,2,inquilino o arrendatario
8713,Noreste,4,propietario de la vivienda solamente
8714,Noreste,3,propietario de la vivienda y el terreno
8715,Noreste,5,propietario de la vivienda y el terreno
8716,Noroeste,2,"ocupante gratuito, con permiso"
8717,Noroeste,4,propietario de la vivienda y el terreno
8718,Pampeana,3,propietario de la vivienda y el terreno
8719,Pampeana,4,propietario de la vivienda y el terreno
8720,Pampeana,1,inquilino o arrendatario
8721,Pampeana,3,propietario de la vivienda y el terreno
8722,Pampeana,2,inquilino o arrendatario
8723,Noroeste,6,propietario de la vivienda y el terreno
8724,Noroeste,3,ocupante por pago de impuestos o expensas
8725,Noroeste,4,propietario de la vivienda y el terreno
8726,Noroeste,3,propietario de la vivienda y el terreno
8727,Pampeana,3,inquilino o arrendatario
8728,Pampeana,2,propietario de la vivienda solamente
8729,Pampeana,3,propietario de la vivienda y el terreno
8730,Pampeana,2,propietario de la vivienda y el terreno
8731,Pampeana,2,en sucesión
8732,Pampeana,5,propietario de la vivienda y el terreno
8733,Pampeana,2,"ocupante gratuito, con permiso"
8734,Pampeana,2,propietario de la vivienda y el terreno
8735,Noroeste,4,propietario de la vivienda y el terreno
8736,Noroeste,2,inquilino o arrendatario
8737,Noroeste,2,propietario de la vivienda y el terreno
8738,Noreste,2,inquilino o arrendatario
8739,Noreste,1,propietario de la vivienda solamente
8740,Noreste,1,propietario de la vivienda y el terreno
8741,Noreste,1,inquilino o arrendatario
8742,Noreste,3,propietario de la vivienda y el terreno
8743,Noreste,1,propietario de la vivienda y el terreno
8744,Cuyo,1,propietario de la vivienda y el terreno
8745,Cuyo,2,propietario de la vivienda y el terreno
8746,Cuyo,5,propietario de la vivienda y el terreno
8747,Cuyo,1,inquilino o arrendatario
8748,Patagonia,2,inquilino o arrendatario
8749,Patagonia,4,propietario de la vivienda y el terreno
8750,Noroeste,2,ocupante por pago de impuestos o expensas
8751,Noroeste,8,propietario de la vivienda y el terreno
8752,Noroeste,4,propietario de la vivienda y el terreno
8753,Noroeste,1,propietario de la vivienda y el terreno
8754,Patagonia,1,propietario de la vivienda solamente
8755,Patagonia,1,propietario de la vivienda y el terreno
8756,Patagonia,3,propietario de la vivienda y el terreno
8757,Cuyo,2,propietario de la vivienda y el terreno
8758,Cuyo,2,"ocupante gratuito, con permiso"
8759,Cuyo,3,propietario de la vivienda y el terreno
8760,Cuyo,2,propietario de la vivienda y el terreno
8761,Cuyo,3,propietario de la vivienda y el terreno
8762,Patagonia,4,en sucesión
8763,Pampeana,6,propietario de la vivienda y el terreno
8764,Pampeana,1,propietario de la vivienda y el terreno
8765,Pampeana,3,inquilino o arrendatario
8766,Patagonia,3,propietario de la vivienda y el terreno
8767,Patagonia,1,propietario de la vivienda y el terreno
8768,Patagonia,2,inquilino o arrendatario
8769,Patagonia,4,"ocupante gratuito, con permiso"
8770,Patagonia,3,propietario de la vivienda solamente
8771,Patagonia,2,propietario de la vivienda y el terreno
8772,Pampeana,4,propietario de la vivienda solamente
8773,Pampeana,1,propietario de la vivienda y el terreno
8774,Pampeana,2,propietario de la vivienda y el terreno
8775,Pampeana,3,propietario de la vivienda y el terreno
8776,Noroeste,5,propietario de la vivienda y el terreno
8777,Noroeste,5,propietario de la vivienda y el terreno
8778,Noroeste,4,propietario de la vivienda y el terreno
8779,Cuyo,1,propietario de la vivienda y el terreno
8780,Cuyo,4,inquilino o arrendatario
8781,Pampeana,2,ocupante en relación de dependencia
8782,Pampeana,2,inquilino o arrendatario
8783,Patagonia,1,"ocupante de hecho, sin permiso"
8784,Patagonia,2,"ocupante gratuito, con permiso"
8785,Patagonia,6,propietario de la vivienda y el terreno
8786,Patagonia,3,propietario de la vivienda y el terreno
8787,Patagonia,2,propietario de la vivienda y el terreno
8788,Patagonia,1,inquilino o arrendatario
8789,Noroeste,2,propietario de la vivienda y el terreno
8790,Noroeste,3,propietario de la vivienda y el terreno
8791,Pampeana,1,inquilino o arrendatario
8792,Pampeana,3,propietario de la vivienda y el terreno
8793,Pampeana,4,"ocupante gratuito, con permiso"
8794,Pampeana,6,en sucesión
8795,Pampeana,2,propietario de la vivienda y el terreno
8796,Cuyo,1,inquilino o arrendatario
8797,Noroeste,2,propietario de la vivienda y el terreno
8798,Pampeana,2,propietario de la vivienda y el terreno
8799,Noroeste,4,propietario de la vivienda y el terreno
8800,Pampeana,2,propietario de la vivienda y el terreno
8801,Cuyo,2,propietario de la vivienda y el terreno
8802,Cuyo,6,propietario de la vivienda y el terreno
8803,Cuyo,3,propietario de la vivienda y el terreno
8804,Cuyo,2,inquilino o arrendatario
8805,Cuyo,3,inquilino o arrendatario
8806,Cuyo,3,propietario de la vivienda y el terreno
8807,Pampeana,5,propietario de la vivienda y el terreno
8808,Pampeana,2,propietario de la vivienda y el terreno
8809,Pampeana,2,propietario de la vivienda y el terreno
8810,Pampeana,1,propietario de la vivienda y el terreno
8811,Noreste,3,propietario de la vivienda y el terreno
8812,Noreste,2,propietario de la vivienda y el terreno
8813,Noreste,3,propietario de la vivienda y el terreno
8814,Noreste,4,propietario de la vivienda y el terreno
8815,Noreste,2,propietario de la vivienda y el terreno
8816,Pampeana,4,propietario de la vivienda y el terreno
8817,Noroeste,2,propietario de la vivienda y el terreno
8818,Noroeste,2,propietario de la vivienda y el terreno
8819,Noroeste,2,propietario de la vivienda y el terreno
8820,Noroeste,5,propietario de la vivienda y el terreno
8821,Noroeste,1,ocupante por pago de impuestos o expensas
8822,Noroeste,8,propietario de la vivienda y el terreno
8823,Pampeana,3,propietario de la vivienda y el terreno
8824,Pampeana,4,"ocupante gratuito, con permiso"
8825,Pampeana,3,inquilino o arrendatario
8826,Pampeana,1,propietario de la vivienda y el terreno
8827,Pampeana,2,propietario de la vivienda y el terreno
8828,Noroeste,3,propietario de la vivienda y el terreno
8829,Noroeste,3,propietario de la vivienda y el terreno
8830,Noroeste,4,propietario de la vivienda y el terreno
8831,Noroeste,7,propietario de la vivienda y el terreno
8832,Noroeste,4,propietario de la vivienda y el terreno
8833,Gran Buenos Aires,1,propietario de la vivienda y el terreno
8834,Gran Buenos Aires,2,propietario de la vivienda solamente
8835,Gran Buenos Aires,7,propietario de la vivienda y el terreno
8836,Noroeste,2,propietario de la vivienda y el terreno
8837,Pampeana,3,propietario de la vivienda y el terreno
8838,Pampeana,2,"ocupante gratuito, con permiso"
8839,Pampeana,4,propietario de la vivienda y el terreno
8840,Pampeana,4,propietario de la vivienda y el terreno
8841,Gran Buenos Aires,2,propietario de la vivienda y el terreno
8842,Gran Buenos Aires,2,"ocupante de hecho, sin permiso"
8843,Pampeana,6,propietario de la vivienda y el terreno
8844,Pampeana,1,propietario de la vivienda y el terreno
8845,Pampeana,1,inquilino o arrendatario
8846,Noroeste,2,propietario de la vivienda y el terreno
8847,Noroeste,1,propietario de la vivienda y el terreno
8848,Noroeste,4,propietario de la vivienda y el terreno
8849,Pampeana,1,propietario de la vivienda y el terreno
8850,Pampeana,7,propietario de la vivienda y el terreno
8851,Pampeana,3,propietario de la vivienda y el terreno
8852,Pampeana,1,inquilino o arrendatario
8853,Pampeana,3,propietario de la vivienda y el terreno
8854,Pampeana,1,propietario de la vivienda y el terreno
8855,Noroeste,1,propietario de la vivienda y el terreno
8856,Patagonia,3,inquilino o arrendatario
8857,Patagonia,1,"ocupante gratuito, con permiso"
8858,Patagonia,2,propietario de la vivienda y el terreno
8859,Cuyo,1,propietario de la vivienda y el terreno
8860,Pampeana,1,propietario de la vivienda y el terreno
8861,Gran Buenos Aires,2,inquilino o arrendatario
8862,Gran Buenos Aires,2,propietario de la vivienda y el terreno
8863,Gran Buenos Aires,2,"ocupante gratuito, con permiso"
8864,Gran Buenos Aires,2,propietario de la vivienda y el terreno
8865,Gran Buenos Aires,4,propietario de la vivienda y el terreno
8866,Gran Buenos Aires,3,propietario de la vivienda y el terreno
8867,Gran Buenos Aires,1,propietario de la vivienda y el terreno
8868,Cuyo,1,propietario de la vivienda y el terreno
8869,Noreste,6,propietario de la vivienda y el terreno
8870,Gran Buenos Aires,2,inquilino o arrendatario
8871,Gran Buenos Aires,2,inquilino o arrendatario
8872,Gran Buenos Aires,5,propietario de la vivienda y el terreno
8873,Gran Buenos Aires,1,inquilino o arrendatario
8874,Pampeana,4,propietario de la vivienda y el terreno
8875,Pampeana,4,propietario de la vivienda y el terreno
8876,Noroeste,3,propietario de la vivienda y el terreno
8877,Pampeana,3,propietario de la vivienda y el terreno
8878,Pampeana,2,propietario de la vivienda y el terreno
8879,Pampeana,3,propietario de la vivienda y el terreno
8880,Pampeana,1,ocupante por pago de impuestos o expensas
8881,Pampeana,1,"ocupante gratuito, con permiso"
8882,Pampeana,3,propietario de la vivienda y el terreno
8883,Gran Buenos Aires,4,inquilino o arrendatario
8884,Gran Buenos Aires,3,propietario de la vivienda y el terreno
8885,Pampeana,3,propietario de la vivienda y el terreno
8886,Pampeana,1,propietario de la vivienda y el terreno
8887,Pampeana,3,propietario de la vivienda y el terreno
8888,Pampeana,3,inquilino o arrendatario
8889,Pampeana,3,ocupante por pago de impuestos o expensas
8890,Pampeana,2,inquilino o arrendatario
8891,Pampeana,3,propietario de la vivienda solamente
8892,Pampeana,3,propietario de la vivienda y el terreno
8893,Gran Buenos Aires,2,propietario de la vivienda y el terreno
8894,Gran Buenos Aires,2,propietario de la vivienda y el terreno
8895,Gran Buenos Aires,3,inquilino o arrendatario
8896,Noreste,2,propietario de la vivienda y el terreno
8897,Noreste,4,propietario de la vivienda y el terreno
8898,Noroeste,3,propietario de la vivienda y el terreno
8899,Noroeste,3,inquilino o arrendatario
8900,Noroeste,2,propietario de la vivienda y el terreno
8901,Cuyo,6,propietario de la vivienda y el terreno
8902,Cuyo,2,en sucesión
8903,Noroeste,2,propietario de la vivienda y el terreno
8904,Pampeana,1,propietario de la vivienda y el terreno
8905,Pampeana,4,propietario de la vivienda y el terreno
8906,Pampeana,2,"ocupante gratuito, con permiso"
8907,Pampeana,3,propietario de la vivienda y el terreno
8908,Pampeana,2,propietario de la vivienda y el terreno
8909,Pampeana,1,otra situación
8910,Pampeana,3,"ocupante gratuito, con permiso"
8911,Pampeana,5,propietario de la vivienda y el terreno
8912,Pampeana,2,inquilino o arrendatario
8913,Pampeana,4,propietario de la vivienda solamente
8914,Pampeana,2,"ocupante gratuito, con permiso"
8915,Pampeana,2,propietario de la vivienda y el terreno
8916,Pampeana,5,propietario de la vivienda y el terreno
8917,Pampeana,1,propietario de la vivienda y el terreno
8918,Pampeana,3,propietario de la vivienda y el terreno
8919,Pampeana,2,inquilino o arrendatario
8920,Pampeana,3,inquilino o arrendatario
8921,Gran Buenos Aires,1,propietario de la vivienda y el terreno
8922,Pampeana,1,propietario de la vivienda y el terreno
8923,Pampeana,1,propietario de la vivienda y el terreno
8924,Pampeana,2,"ocupante gratuito, con permiso"
8925,Pampeana,1,propietario de la vivienda y el terreno
8926,Pampeana,2,propietario de la vivienda y el terreno
8927,Pampeana,5,inquilino o arrendatario
8928,Pampeana,4,propietario de la vivienda y el terreno
8929,Pampeana,6,propietario de la vivienda y el terreno
8930,Patagonia,2,propietario de la vivienda y el terreno
8931,Cuyo,4,"ocupante gratuito, con permiso"
8932,Cuyo,1,propietario de la vivienda y el terreno
8933,Cuyo,1,"ocupante gratuito, con permiso"
8934,Cuyo,2,propietario de la vivienda y el terreno
8935,Cuyo,4,propietario de la vivienda y el terreno
8936,Cuyo,3,inquilino o arrendatario
8937,Cuyo,2,propietario de la vivienda y el terreno
8938,Cuyo,2,inquilino o arrendatario
8939,Cuyo,1,"ocupante gratuito, con permiso"
8940,Cuyo,2,propietario de la vivienda y el terreno
8941,Noreste,6,propietario de la vivienda y el terreno
8942,Pampeana,1,propietario de la vivienda y el terreno
8943,Pampeana,6,propietario de la vivienda y el terreno
8944,Pampeana,4,inquilino o arrendatario
8945,Pampeana,5,"ocupante de hecho, sin permiso"
8946,Pampeana,1,en sucesión
8947,Pampeana,6,propietario de la vivienda y el terreno
8948,Pampeana,2,propietario de la vivienda y el terreno
8949,Noreste,1,propietario de la vivienda solamente
8950,Noreste,1,propietario de la vivienda y el terreno
8951,Noreste,4,"ocupante gratuito, con permiso"
8952,Noroeste,3,"ocupante gratuito, con permiso"
8953,Noroeste,5,propietario de la vivienda y el terreno
8954,Noroeste,6,propietario de la vivienda y el terreno
8955,Noroeste,4,propietario de la vivienda y el terreno
8956,Gran Buenos Aires,3,propietario de la vivienda solamente
8957,Gran Buenos Aires,2,propietario de la vivienda y el terreno
8958,Gran Buenos Aires,3,propietario de la vivienda y el terreno
8959,Gran Buenos Aires,2,propietario de la vivienda y el terreno
8960,Gran Buenos Aires,5,propietario de la vivienda y el terreno
8961,Noroeste,1,propietario de la vivienda y el terreno
8962,Pampeana,2,propietario de la vivienda y el terreno
8963,Pampeana,1,inquilino o arrendatario
8964,Pampeana,3,propietario de la vivienda y el terreno
8965,Cuyo,4,propietario de la vivienda y el terreno
8966,Noroeste,4,propietario de la vivienda y el terreno
8967,Noroeste,4,propietario de la vivienda y el terreno
8968,Noroeste,4,propietario de la vivienda y el terreno
8969,Noroeste,2,propietario de la vivienda y el terreno
8970,Noroeste,3,propietario de la vivienda y el terreno
8971,Noroeste,1,inquilino o arrendatario
8972,Noroeste,3,propietario de la vivienda y el terreno
8973,Pampeana,1,inquilino o arrendatario
8974,Pampeana,2,inquilino o arrendatario
8975,Noroeste,1,propietario de la vivienda y el terreno
8976,Noroeste,3,propietario de la vivienda y el terreno
8977,Noroeste,2,propietario de la vivienda y el terreno
8978,Noroeste,1,propietario de la vivienda y el terreno
8979,Noroeste,3,inquilino o arrendatario
8980,Noroeste,1,inquilino o arrendatario
8981,Cuyo,1,propietario de la vivienda y el terreno
8982,Cuyo,3,propietario de la vivienda y el terreno
8983,Cuyo,2,propietario de la vivienda y el terreno
8984,Cuyo,1,propietario de la vivienda y el terreno
8985,Cuyo,2,propietario de la vivienda y el terreno
8986,Patagonia,2,propietario de la vivienda y el terreno
8987,Patagonia,2,propietario de la vivienda y el terreno
8988,Patagonia,1,inquilino o arrendatario
8989,Patagonia,1,propietario de la vivienda y el terreno
8990,Patagonia,2,propietario de la vivienda y el terreno
8991,Patagonia,3,propietario de la vivienda y el terreno
8992,Patagonia,1,propietario de la vivienda y el terreno
8993,Patagonia,3,inquilino o arrendatario
8994,Patagonia,1,propietario de la vivienda y el terreno
8995,Noroeste,2,propietario de la vivienda y el terreno
8996,Noroeste,4,propietario de la vivienda y el terreno
8997,Noroeste,3,propietario de la vivienda y el terreno
8998,Noroeste,6,propietario de la vivienda y el terreno
8999,Noroeste,4,propietario de la vivienda y el terreno
9000,Noroeste,3,propietario de la vivienda y el terreno
9001,Patagonia,4,propietario de la vivienda solamente
9002,Patagonia,4,propietario de la vivienda y el terreno
9003,Gran Buenos Aires,2,propietario de la vivienda y el terreno
9004,Gran Buenos Aires,4,propietario de la vivienda y el terreno
9005,Noreste,2,propietario de la vivienda solamente
9006,Pampeana,4,inquilino o arrendatario
9007,Patagonia,2,ocupante por pago de impuestos o expensas
9008,Noroeste,1,inquilino o arrendatario
9009,Cuyo,3,propietario de la vivienda y el terreno
9010,Cuyo,1,inquilino o arrendatario
9011,Cuyo,8,propietario de la vivienda y el terreno
9012,Cuyo,4,propietario de la vivienda y el terreno
9013,Cuyo,3,propietario de la vivienda y el terreno
9014,Cuyo,4,inquilino o arrendatario
9015,Noreste,4,propietario de la vivienda y el terreno
9016,Noreste,2,propietario de la vivienda y el terreno
9017,Patagonia,4,propietario de la vivienda y el terreno
9018,Patagonia,1,propietario de la vivienda y el terreno
9019,Patagonia,1,propietario de la vivienda y el terreno
9020,Cuyo,3,propietario de la vivienda y el terreno
9021,Cuyo,2,inquilino o arrendatario
9022,Cuyo,1,inquilino o arrendatario
9023,Cuyo,1,propietario de la vivienda y el terreno
9024,Cuyo,3,propietario de la vivienda y el terreno
9025,Noroeste,3,propietario de la vivienda y el terreno
9026,Noroeste,6,propietario de la vivienda y el terreno
9027,Noroeste,3,"ocupante gratuito, con permiso"
9028,Noroeste,2,propietario de la vivienda y el terreno
9029,Noroeste,2,propietario de la vivienda y el terreno
9030,Noroeste,1,inquilino o arrendatario
9031,Patagonia,5,propietario de la vivienda y el terreno
9032,Patagonia,2,propietario de la vivienda y el terreno
9033,Patagonia,1,propietario de la vivienda y el terreno
9034,Patagonia,1,propietario de la vivienda y el terreno
9035,Patagonia,3,propietario de la vivienda y el terreno
9036,Noroeste,4,propietario de la vivienda y el terreno
9037,Noroeste,2,propietario de la vivienda y el terreno
9038,Noroeste,6,propietario de la vivienda y el terreno
9039,Noroeste,3,propietario de la vivienda y el terreno
9040,Noroeste,3,propietario de la vivienda y el terreno
9041,Pampeana,1,inquilino o arrendatario
9042,Pampeana,3,propietario de la vivienda y el terreno
9043,Pampeana,3,propietario de la vivienda y el terreno
9044,Pampeana,3,propietario de la vivienda y el terreno
9045,Pampeana,2,propietario de la vivienda y el terreno
9046,Pampeana,2,propietario de la vivienda y el terreno
9047,Pampeana,1,inquilino o arrendatario
9048,Pampeana,1,inquilino o arrendatario
9049,Cuyo,3,propietario de la vivienda y el terreno
9050,Cuyo,3,propietario de la vivienda y el terreno
9051,Cuyo,3,propietario de la vivienda y el terreno
9052,Noroeste,6,propietario de la vivienda y el terreno
9053,Noroeste,2,propietario de la vivienda y el terreno
9054,Noroeste,2,propietario de la vivienda y el terreno
9055,Noroeste,1,inquilino o arrendatario
9056,Noreste,5,propietario de la vivienda y el terreno
9057,Noreste,3,"ocupante de hecho, sin permiso"
9058,Noreste,4,propietario de la vivienda y el terreno
9059,Patagonia,2,propietario de la vivienda y el terreno
9060,Pampeana,5,"ocupante gratuito, con permiso"
9061,Pampeana,1,propietario de la vivienda y el terreno
9062,Pampeana,1,propietario de la vivienda y el terreno
9063,Pampeana,6,propietario de la vivienda y el terreno
9064,Pampeana,3,propietario de la vivienda y el terreno
9065,Pampeana,1,propietario de la vivienda y el terreno
9066,Gran Buenos Aires,4,propietario de la vivienda y el terreno
9067,Gran Buenos Aires,1,propietario de la vivienda y el terreno
9068,Gran Buenos Aires,4,propietario de la vivienda y el terreno
9069,Pampeana,3,"ocupante gratuito, con permiso"
9070,Pampeana,2,propietario de la vivienda y el terreno
9071,Pampeana,3,"ocupante gratuito, con permiso"
9072,Pampeana,1,propietario de la vivienda y el terreno
9073,Pampeana,7,propietario de la vivienda y el terreno
9074,Gran Buenos Aires,5,inquilino o arrendatario
9075,Pampeana,4,propietario de la vivienda y el terreno
9076,Pampeana,2,propietario de la vivienda y el terreno
9077,Pampeana,1,en sucesión
9078,Pampeana,1,inquilino o arrendatario
9079,Pampeana,2,inquilino o arrendatario
9080,Pampeana,1,propietario de la vivienda y el terreno
9081,Pampeana,4,propietario de la vivienda y el terreno
9082,Pampeana,2,propietario de la vivienda y el terreno
9083,Pampeana,3,propietario de la vivienda y el terreno
9084,Noreste,1,inquilino o arrendatario
9085,Noreste,1,propietario de la vivienda y el terreno
9086,Noreste,7,propietario de la vivienda y el terreno
9087,Noreste,2,propietario de la vivienda y el terreno
9088,Noreste,5,propietario de la vivienda y el terreno
9089,Noreste,4,propietario de la vivienda solamente
9090,Noreste,4,propietario de la vivienda y el terreno
9091,Noreste,2,propietario de la vivienda y el terreno
9092,Pampeana,1,propietario de la vivienda y el terreno
9093,Pampeana,2,propietario de la vivienda y el terreno
9094,Pampeana,3,"ocupante de hecho, sin permiso"
9095,Pampeana,5,propietario de la vivienda y el terreno
9096,Pampeana,3,propietario de la vivienda y el terreno
9097,Pampeana,1,propietario de la vivienda y el terreno
9098,Gran Buenos Aires,1,ocupante en relación de dependencia
9099,Gran Buenos Aires,3,propietario de la vivienda y el terreno
9100,Pampeana,2,propietario de la vivienda y el terreno
9101,Pampeana,2,propietario de la vivienda y el terreno
9102,Pampeana,2,propietario de la vivienda y el terreno
9103,Pampeana,1,inquilino o arrendatario
9104,Pampeana,2,propietario de la vivienda y el terreno
9105,Pampeana,1,propietario de la vivienda y el terreno
9106,Pampeana,3,propietario de la vivienda y el terreno
9107,Pampeana,5,inquilino o arrendatario
9108,Pampeana,2,inquilino o arrendatario
9109,Pampeana,2,propietario de la vivienda y el terreno
9110,Patagonia,3,propietario de la vivienda y el terreno
9111,Patagonia,2,propietario de la vivienda y el terreno
9112,Patagonia,4,propietario de la vivienda y el terreno
9113,Patagonia,1,inquilino o arrendatario
9114,Patagonia,3,propietario de la vivienda y el terreno
9115,Patagonia,2,propietario de la vivienda y el terreno
9116,Patagonia,2,propietario de la vivienda y el terreno
9117,Patagonia,4,propietario de la vivienda y el terreno
9118,Patagonia,1,propietario de la vivienda y el terreno
9119,Patagonia,4,"ocupante gratuito, con permiso"
9120,Noroeste,6,propietario de la vivienda solamente
9121,Pampeana,1,inquilino o arrendatario
9122,Noreste,5,propietario de la vivienda y el terreno
9123,Noreste,1,"ocupante gratuito, con permiso"
9124,Pampeana,3,inquilino o arrendatario
9125,Pampeana,2,propietario de la vivienda y el terreno
9126,Pampeana,1,propietario de la vivienda y el terreno
9127,Pampeana,2,propietario de la vivienda y el terreno
9128,Pampeana,1,propietario de la vivienda y el terreno
9129,Pampeana,2,"ocupante gratuito, con permiso"
9130,Pampeana,2,propietario de la vivienda y el terreno
9131,Pampeana,3,propietario de la vivienda y el terreno
9132,Pampeana,4,ocupante por pago de impuestos o expensas
9133,Pampeana,1,propietario de la vivienda y el terreno
9134,Noroeste,3,propietario de la vivienda y el terreno
9135,Noroeste,3,propietario de la vivienda y el terreno
9136,Noroeste,3,propietario de la vivienda y el terreno
9137,Noroeste,4,propietario de la vivienda y el terreno
9138,Noroeste,3,propietario de la vivienda y el terreno
9139,Noroeste,5,ocupante por pago de impuestos o expensas
9140,Noroeste,1,propietario de la vivienda y el terreno
9141,Noroeste,4,propietario de la vivienda y el terreno
9142,Patagonia,3,propietario de la vivienda y el terreno
9143,Noreste,6,propietario de la vivienda y el terreno
9144,Noreste,2,inquilino o arrendatario
9145,Noreste,6,propietario de la vivienda y el terreno
9146,Noreste,4,propietario de la vivienda y el terreno
9147,Noreste,3,inquilino o arrendatario
9148,Noroeste,4,propietario de la vivienda y el terreno
9149,Pampeana,2,inquilino o arrendatario
9150,Pampeana,2,propietario de la vivienda y el terreno
9151,Noroeste,4,propietario de la vivienda y el terreno
9152,Noroeste,8,propietario de la vivienda y el terreno
9153,Noroeste,3,propietario de la vivienda y el terreno
9154,Noroeste,2,propietario de la vivienda y el terreno
9155,Noroeste,4,en sucesión
9156,Noroeste,2,propietario de la vivienda y el terreno
9157,Noroeste,3,propietario de la vivienda y el terreno
9158,Noroeste,8,propietario de la vivienda y el terreno
9159,Noroeste,4,propietario de la vivienda y el terreno
9160,Noroeste,3,propietario de la vivienda y el terreno
9161,Gran Buenos Aires,2,propietario de la vivienda y el terreno
9162,Gran Buenos Aires,3,inquilino o arrendatario
9163,Gran Buenos Aires,6,inquilino o arrendatario
9164,Gran Buenos Aires,3,propietario de la vivienda solamente
9165,Pampeana,2,propietario de la vivienda y el terreno
9166,Pampeana,3,inquilino o arrendatario
9167,Gran Buenos Aires,2,propietario de la vivienda solamente
9168,Gran Buenos Aires,2,"ocupante gratuito, con permiso"
9169,Gran Buenos Aires,4,"ocupante gratuito, con permiso"
9170,Gran Buenos Aires,1,"ocupante gratuito, con permiso"
9171,Gran Buenos Aires,5,propietario de la vivienda y el terreno
9172,Gran Buenos Aires,3,inquilino o arrendatario
9173,Gran Buenos Aires,1,propietario de la vivienda y el terreno
9174,Gran Buenos Aires,3,propietario de la vivienda y el terreno
9175,Gran Buenos Aires,1,"ocupante gratuito, con permiso"
9176,Pampeana,2,propietario de la vivienda y el terreno
9177,Gran Buenos Aires,4,propietario de la vivienda y el terreno
9178,Gran Buenos Aires,5,"ocupante gratuito, con permiso"
9179,Gran Buenos Aires,2,propietario de la vivienda y el terreno
9180,Gran Buenos Aires,3,propietario de la vivienda y el terreno
9181,Gran Buenos Aires,1,en sucesión
9182,Gran Buenos Aires,4,ocupante por pago de impuestos o expensas
9183,Gran Buenos Aires,2,propietario de la vivienda y el terreno
9184,Gran Buenos Aires,3,inquilino o arrendatario
9185,Gran Buenos Aires,2,inquilino o arrendatario
9186,Gran Buenos Aires,2,inquilino o arrendatario
9187,Noreste,3,propietario de la vivienda y el terreno
9188,Noreste,3,propietario de la vivienda y el terreno
9189,Noreste,3,propietario de la vivienda y el terreno
9190,Noreste,3,propietario de la vivienda y el terreno
9191,Noreste,2,propietario de la vivienda y el terreno
9192,Pampeana,5,propietario de la vivienda y el terreno
9193,Pampeana,4,propietario de la vivienda y el terreno
9194,Pampeana,2,propietario de la vivienda y el terreno
9195,Pampeana,3,propietario de la vivienda y el terreno
9196,Pampeana,2,inquilino o arrendatario
9197,Pampeana,2,propietario de la vivienda y el terreno
9198,Pampeana,1,inquilino o arrendatario
9199,Pampeana,5,propietario de la vivienda y el terreno
9200,Pampeana,3,propietario de la vivienda y el terreno
9201,Cuyo,4,propietario de la vivienda y el terreno
9202,Cuyo,3,propietario de la vivienda y el terreno
9203,Cuyo,2,propietario de la vivienda y el terreno
9204,Cuyo,1,propietario de la vivienda y el terreno
9205,Cuyo,3,"ocupante gratuito, con permiso"
9206,Noroeste,8,propietario de la vivienda y el terreno
9207,Patagonia,3,propietario de la vivienda y el terreno
9208,Patagonia,3,propietario de la vivienda solamente
9209,Patagonia,2,propietario de la vivienda y el terreno
9210,Noreste,1,"ocupante gratuito, con permiso"
9211,Noreste,2,propietario de la vivienda y el terreno
9212,Noreste,4,propietario de la vivienda solamente
9213,Noreste,4,propietario de la vivienda y el terreno
9214,Noreste,3,propietario de la vivienda y el terreno
9215,Patagonia,3,propietario de la vivienda y el terreno
9216,Patagonia,6,propietario de la vivienda y el terreno
9217,Patagonia,2,propietario de la vivienda y el terreno
9218,Patagonia,1,propietario de la vivienda y el terreno
9219,Cuyo,1,"ocupante gratuito, con permiso"
9220,Cuyo,2,propietario de la vivienda y el terreno
9221,Cuyo,2,propietario de la vivienda y el terreno
9222,Noroeste,5,propietario de la vivienda y el terreno
9223,Patagonia,2,inquilino o arrendatario
9224,Patagonia,3,inquilino o arrendatario
9225,Pampeana,1,propietario de la vivienda y el terreno
9226,Noroeste,1,"ocupante gratuito, con permiso"
9227,Noroeste,2,propietario de la vivienda y el terreno
9228,Pampeana,1,propietario de la vivienda y el terreno
9229,Pampeana,4,propietario de la vivienda y el terreno
9230,Pampeana,5,propietario de la vivienda y el terreno
9231,Pampeana,5,propietario de la vivienda y el terreno
9232,Noreste,3,propietario de la vivienda y el terreno
9233,Patagonia,4,inquilino o arrendatario
9234,Patagonia,1,inquilino o arrendatario
9235,Patagonia,4,inquilino o arrendatario
9236,Patagonia,1,propietario de la vivienda y el terreno
9237,Patagonia,3,en sucesión
9238,Noroeste,1,propietario de la vivienda y el terreno
9239,Noroeste,1,inquilino o arrendatario
9240,Noroeste,2,ocupante por pago de impuestos o expensas
9241,Noroeste,5,inquilino o arrendatario
9242,Pampeana,5,propietario de la vivienda y el terreno
9243,Pampeana,1,propietario de la vivienda y el terreno
9244,Pampeana,2,"ocupante gratuito, con permiso"
9245,Noroeste,1,ocupante por pago de impuestos o expensas
9246,Noroeste,1,inquilino o arrendatario
9247,Noroeste,2,"ocupante gratuito, con permiso"
9248,Noroeste,1,propietario de la vivienda y el terreno
9249,Noroeste,6,propietario de la vivienda y el terreno
9250,Noreste,6,propietario de la vivienda y el terreno
9251,Noreste,6,propietario de la vivienda y el terreno
9252,Noreste,3,propietario de la vivienda y el terreno
9253,Noreste,5,ocupante por pago de impuestos o expensas
9254,Noreste,3,propietario de la vivienda y el terreno
9255,Noreste,4,propietario de la vivienda y el terreno
9256,Noreste,1,inquilino o arrendatario
9257,Noreste,3,propietario de la vivienda y el terreno
9258,Noreste,2,propietario de la vivienda y el terreno
9259,Pampeana,2,propietario de la vivienda y el terreno
9260,Pampeana,4,propietario de la vivienda y el terreno
9261,Pampeana,2,propietario de la vivienda solamente
9262,Patagonia,4,propietario de la vivienda y el terreno
9263,Patagonia,2,propietario de la vivienda y el terreno
9264,Patagonia,7,propietario de la vivienda y el terreno
9265,Patagonia,2,inquilino o arrendatario
9266,Patagonia,3,propietario de la vivienda y el terreno
9267,Cuyo,5,propietario de la vivienda y el terreno
9268,Cuyo,2,inquilino o arrendatario
9269,Cuyo,2,"ocupante gratuito, con permiso"
9270,Cuyo,3,propietario de la vivienda y el terreno
9271,Patagonia,4,propietario de la vivienda y el terreno
9272,Patagonia,1,propietario de la vivienda y el terreno
9273,Patagonia,2,propietario de la vivienda y el terreno
9274,Pampeana,3,propietario de la vivienda y el terreno
9275,Patagonia,4,propietario de la vivienda y el terreno
9276,Patagonia,3,propietario de la vivienda y el terreno
9277,Patagonia,2,propietario de la vivienda y el terreno
9278,Patagonia,1,propietario de la vivienda y el terreno
9279,Patagonia,1,"ocupante gratuito, con permiso"
9280,Patagonia,2,ocupante por pago de impuestos o expensas
9281,Pampeana,1,propietario de la vivienda y el terreno
9282,Pampeana,3,propietario de la vivienda y el terreno
9283,Pampeana,2,propietario de la vivienda y el terreno
9284,Pampeana,5,propietario de la vivienda y el terreno
9285,Cuyo,3,propietario de la vivienda y el terreno
9286,Noroeste,5,propietario de la vivienda y el terreno
9287,Noroeste,7,propietario de la vivienda y el terreno
9288,Patagonia,8,inquilino o arrendatario
9289,Pampeana,2,propietario de la vivienda y el terreno
9290,Pampeana,5,propietario de la vivienda y el terreno
9291,Pampeana,4,propietario de la vivienda y el terreno
9292,Pampeana,4,propietario de la vivienda y el terreno
9293,Pampeana,2,propietario de la vivienda y el terreno
9294,Pampeana,1,inquilino o arrendatario
9295,Pampeana,3,propietario de la vivienda y el terreno
9296,Pampeana,2,inquilino o arrendatario
9297,Pampeana,4,propietario de la vivienda y el terreno
9298,Gran Buenos Aires,2,propietario de la vivienda y el terreno
9299,Noroeste,1,ocupante por pago de impuestos o expensas
9300,Noroeste,4,propietario de la vivienda y el terreno
9301,Pampeana,5,propietario de la vivienda y el terreno
9302,Pampeana,1,inquilino o arrendatario
9303,Noreste,2,propietario de la vivienda y el terreno
9304,Noreste,2,propietario de la vivienda y el terreno
9305,Pampeana,2,inquilino o arrendatario
9306,Pampeana,1,propietario de la vivienda y el terreno
9307,Pampeana,2,propietario de la vivienda y el terreno
9308,Pampeana,3,inquilino o arrendatario
9309,Patagonia,1,inquilino o arrendatario
9310,Patagonia,6,propietario de la vivienda y el terreno
9311,Patagonia,2,propietario de la vivienda y el terreno
9312,Pampeana,3,propietario de la vivienda y el terreno
9313,Pampeana,4,propietario de la vivienda y el terreno
9314,Noroeste,4,propietario de la vivienda y el terreno
9315,Noroeste,2,propietario de la vivienda y el terreno
9316,Patagonia,4,propietario de la vivienda y el terreno
9317,Patagonia,4,en sucesión
9318,Patagonia,2,propietario de la vivienda y el terreno
9319,Patagonia,6,inquilino o arrendatario
9320,Patagonia,5,propietario de la vivienda y el terreno
9321,Patagonia,1,propietario de la vivienda y el terreno
9322,Gran Buenos Aires,1,"ocupante gratuito, con permiso"
9323,Gran Buenos Aires,3,propietario de la vivienda y el terreno
9324,Gran Buenos Aires,4,propietario de la vivienda y el terreno
9325,Gran Buenos Aires,1,propietario de la vivienda y el terreno
9326,Gran Buenos Aires,3,propietario de la vivienda y el terreno
9327,Gran Buenos Aires,2,propietario de la vivienda y el terreno
9328,Gran Buenos Aires,2,propietario de la vivienda y el terreno
9329,Gran Buenos Aires,2,propietario de la vivienda y el terreno
9330,Gran Buenos Aires,2,propietario de la vivienda y el terreno
9331,Gran Buenos Aires,1,propietario de la vivienda y el terreno
9332,Pampeana,1,propietario de la vivienda y el terreno
9333,Pampeana,3,propietario de la vivienda y el terreno
9334,Pampeana,3,propietario de la vivienda y el terreno
9335,Patagonia,1,inquilino o arrendatario
9336,Patagonia,2,propietario de la vivienda y el terreno
9337,Patagonia,2,propietario de la vivienda y el terreno
9338,Pampeana,2,"ocupante gratuito, con permiso"
9339,Pampeana,1,propietario de la vivienda y el terreno
9340,Pampeana,4,propietario de la vivienda y el terreno
9341,Patagonia,1,inquilino o arrendatario
9342,Patagonia,4,propietario de la vivienda y el terreno
9343,Patagonia,2,inquilino o arrendatario
9344,Patagonia,3,propietario de la vivienda y el terreno
9345,Patagonia,4,propietario de la vivienda y el terreno
9346,Patagonia,4,propietario de la vivienda y el terreno
9347,Gran Buenos Aires,4,propietario de la vivienda solamente
9348,Gran Buenos Aires,3,"ocupante gratuito, con permiso"
9349,Gran Buenos Aires,5,propietario de la vivienda y el terreno
9350,Gran Buenos Aires,4,propietario de la vivienda y el terreno
9351,Gran Buenos Aires,5,propietario de la vivienda solamente
9352,Gran Buenos Aires,2,propietario de la vivienda y el terreno
9353,Gran Buenos Aires,1,propietario de la vivienda y el terreno
9354,Gran Buenos Aires,2,propietario de la vivienda y el terreno
9355,Noroeste,2,ocupante por pago de impuestos o expensas
9356,Noroeste,3,propietario de la vivienda y el terreno
9357,Patagonia,2,propietario de la vivienda y el terreno
9358,Patagonia,1,propietario de la vivienda y el terreno
9359,Patagonia,4,inquilino o arrendatario
9360,Patagonia,3,propietario de la vivienda y el terreno
9361,Patagonia,1,propietario de la vivienda y el terreno
9362,Patagonia,1,propietario de la vivienda y el terreno
9363,Patagonia,1,inquilino o arrendatario
9364,Gran Buenos Aires,1,inquilino o arrendatario
9365,Gran Buenos Aires,1,propietario de la vivienda y el terreno
9366,Gran Buenos Aires,2,inquilino o arrendatario
9367,Pampeana,2,propietario de la vivienda y el terreno
9368,Gran Buenos Aires,4,propietario de la vivienda y el terreno
9369,Gran Buenos Aires,1,propietario de la vivienda y el terreno
9370,Gran Buenos Aires,3,propietario de la vivienda y el terreno
9371,Gran Buenos Aires,3,propietario de la vivienda y el terreno
9372,Gran Buenos Aires,2,propietario de la vivienda y el terreno
9373,Pampeana,4,inquilino o arrendatario
9374,Gran Buenos Aires,4,propietario de la vivienda y el terreno
9375,Cuyo,1,propietario de la vivienda y el terreno
9376,Cuyo,5,propietario de la vivienda y el terreno
9377,Cuyo,4,propietario de la vivienda y el terreno
9378,Cuyo,6,propietario de la vivienda y el terreno
9379,Cuyo,1,"ocupante gratuito, con permiso"
9380,Cuyo,4,"ocupante gratuito, con permiso"
9381,Cuyo,3,propietario de la vivienda y el terreno
9382,Cuyo,7,ocupante por pago de impuestos o expensas
9383,Cuyo,4,propietario de la vivienda y el terreno
9384,Cuyo,3,propietario de la vivienda y el terreno
9385,Pampeana,2,propietario de la vivienda y el terreno
9386,Pampeana,5,propietario de la vivienda y el terreno
9387,Pampeana,2,propietario de la vivienda solamente
9388,Pampeana,4,propietario de la vivienda y el terreno
9389,Pampeana,4,propietario de la vivienda y el terreno
9390,Pampeana,2,propietario de la vivienda y el terreno
9391,Pampeana,1,propietario de la vivienda solamente
9392,Pampeana,6,propietario de la vivienda y el terreno
9393,Pampeana,7,propietario de la vivienda y el terreno
9394,Noreste,3,propietario de la vivienda y el terreno
9395,Noreste,1,inquilino o arrendatario
9396,Noreste,7,inquilino o arrendatario
9397,Cuyo,3,inquilino o arrendatario
9398,Cuyo,1,propietario de la vivienda y el terreno
9399,Cuyo,2,propietario de la vivienda y el terreno
9400,Cuyo,4,propietario de la vivienda y el terreno
9401,Cuyo,4,"ocupante gratuito, con permiso"
9402,Cuyo,4,propietario de la vivienda y el terreno
9403,Cuyo,3,inquilino o arrendatario
9404,Noroeste,1,inquilino o arrendatario
9405,Noroeste,3,propietario de la vivienda y el terreno
9406,Noreste,3,propietario de la vivienda y el terreno
9407,Noreste,1,inquilino o arrendatario
9408,Noreste,6,propietario de la vivienda solamente
9409,Patagonia,5,propietario de la vivienda y el terreno
9410,Patagonia,1,propietario de la vivienda y el terreno
9411,Patagonia,4,propietario de la vivienda y el terreno
9412,Patagonia,4,en sucesión
9413,Cuyo,4,propietario de la vivienda y el terreno
9414,Noroeste,2,propietario de la vivienda y el terreno
9415,Noroeste,2,propietario de la vivienda y el terreno
9416,Gran Buenos Aires,4,propietario de la vivienda y el terreno
9417,Gran Buenos Aires,3,inquilino o arrendatario
9418,Gran Buenos Aires,7,propietario de la vivienda y el terreno
9419,Gran Buenos Aires,4,propietario de la vivienda y el terreno
9420,Gran Buenos Aires,3,inquilino o arrendatario
9421,Noroeste,3,propietario de la vivienda y el terreno
9422,Noroeste,6,propietario de la vivienda y el terreno
9423,Gran Buenos Aires,6,propietario de la vivienda y el terreno
9424,Gran Buenos Aires,5,"ocupante gratuito, con permiso"
9425,Gran Buenos Aires,3,propietario de la vivienda y el terreno
9426,Gran Buenos Aires,5,propietario de la vivienda y el terreno
9427,Gran Buenos Aires,2,propietario de la vivienda y el terreno
9428,Gran Buenos Aires,4,propietario de la vivienda y el terreno
9429,Noroeste,4,propietario de la vivienda y el terreno
9430,Noroeste,2,propietario de la vivienda y el terreno
9431,Noroeste,3,propietario de la vivienda y el terreno
9432,Noroeste,5,propietario de la vivienda y el terreno
9433,Noroeste,1,propietario de la vivienda y el terreno
9434,Noroeste,4,propietario de la vivienda y el terreno
9435,Noreste,6,propietario de la vivienda y el terreno
9436,Noreste,6,propietario de la vivienda y el terreno
9437,Gran Buenos Aires,1,propietario de la vivienda y el terreno
9438,Gran Buenos Aires,4,propietario de la vivienda y el terreno
9439,Gran Buenos Aires,4,propietario de la vivienda y el terreno
9440,Gran Buenos Aires,7,propietario de la vivienda y el terreno
9441,Cuyo,2,propietario de la vivienda y el terreno
9442,Noreste,1,propietario de la vivienda solamente
9443,Noreste,4,inquilino o arrendatario
9444,Noreste,2,propietario de la vivienda y el terreno
9445,Noreste,1,propietario de la vivienda solamente
9446,Noreste,8,propietario de la vivienda y el terreno
9447,Pampeana,4,inquilino o arrendatario
9448,Pampeana,2,propietario de la vivienda solamente
9449,Pampeana,4,propietario de la vivienda y el terreno
9450,Noroeste,6,propietario de la vivienda y el terreno
9451,Pampeana,1,propietario de la vivienda solamente
9452,Pampeana,3,inquilino o arrendatario
9453,Pampeana,3,propietario de la vivienda y el terreno
9454,Noroeste,5,propietario de la vivienda y el terreno
9455,Noroeste,1,propietario de la vivienda y el terreno
9456,Noroeste,4,propietario de la vivienda y el terreno
9457,Noroeste,4,propietario de la vivienda y el terreno
9458,Pampeana,4,propietario de la vivienda y el terreno
9459,Pampeana,2,propietario de la vivienda y el terreno
9460,Pampeana,1,propietario de la vivienda y el terreno
9461,Pampeana,10,propietario de la vivienda y el terreno
9462,Pampeana,4,propietario de la vivienda y el terreno
9463,Pampeana,3,inquilino o arrendatario
9464,Pampeana,1,propietario de la vivienda y el terreno
9465,Pampeana,4,propietario de la vivienda y el terreno
9466,Pampeana,1,propietario de la vivienda y el terreno
9467,Pampeana,2,propietario de la vivienda y el terreno
9468,Patagonia,3,inquilino o arrendatario
9469,Noreste,3,"ocupante gratuito, con permiso"
9470,Noreste,1,propietario de la vivienda y el terreno
9471,Noreste,2,propietario de la vivienda y el terreno
9472,Noreste,1,propietario de la vivienda y el terreno
9473,Patagonia,3,propietario de la vivienda y el terreno
9474,Pampeana,3,propietario de la vivienda y el terreno
9475,Patagonia,1,propietario de la vivienda y el terreno
9476,Patagonia,1,propietario de la vivienda y el terreno
9477,Patagonia,4,inquilino o arrendatario
9478,Patagonia,4,inquilino o arrendatario
9479,Patagonia,5,propietario de la vivienda y el terreno
9480,Noroeste,7,propietario de la vivienda y el terreno
9481,Noroeste,3,propietario de la vivienda y el terreno
9482,Noroeste,1,"ocupante gratuito, con permiso"
9483,Noroeste,3,propietario de la vivienda y el terreno
9484,Pampeana,2,inquilino o arrendatario
9485,Pampeana,4,inquilino o arrendatario
9486,Pampeana,4,propietario de la vivienda y el terreno
9487,Pampeana,4,en sucesión
9488,Noroeste,1,inquilino o arrendatario
9489,Noroeste,4,propietario de la vivienda y el terreno
9490,Pampeana,4,propietario de la vivienda y el terreno
9491,Pampeana,6,propietario de la vivienda y el terreno
9492,Pampeana,1,propietario de la vivienda y el terreno
9493,Pampeana,2,propietario de la vivienda y el terreno
9494,Pampeana,4,propietario de la vivienda y el terreno
9495,Noroeste,9,propietario de la vivienda y el terreno
9496,Noroeste,2,propietario de la vivienda y el terreno
9497,Noroeste,2,propietario de la vivienda y el terreno
9498,Patagonia,4,inquilino o arrendatario
9499,Noroeste,1,propietario de la vivienda y el terreno
9500,Noroeste,3,propietario de la vivienda y el terreno
9501,Cuyo,1,propietario de la vivienda y el terreno
9502,Patagonia,4,"ocupante gratuito, con permiso"
9503,Patagonia,5,inquilino o arrendatario
9504,Noroeste,1,propietario de la vivienda y el terreno
9505,Noroeste,2,propietario de la vivienda solamente
9506,Gran Buenos Aires,2,propietario de la vivienda y el terreno
9507,Noreste,4,propietario de la vivienda solamente
9508,Noreste,2,propietario de la vivienda y el terreno
9509,Noreste,2,propietario de la vivienda y el terreno
9510,Noreste,2,propietario de la vivienda solamente
9511,Noroeste,1,propietario de la vivienda solamente
9512,Noroeste,2,propietario de la vivienda y el terreno
9513,Noroeste,2,propietario de la vivienda y el terreno
9514,Noroeste,3,propietario de la vivienda y el terreno
9515,Noroeste,3,ocupante por pago de impuestos o expensas
9516,Noroeste,3,propietario de la vivienda y el terreno
9517,Gran Buenos Aires,4,propietario de la vivienda y el terreno
9518,Gran Buenos Aires,2,inquilino o arrendatario
9519,Gran Buenos Aires,4,propietario de la vivienda y el terreno
9520,Gran Buenos Aires,3,propietario de la vivienda y el terreno
9521,Gran Buenos Aires,4,propietario de la vivienda y el terreno
9522,Gran Buenos Aires,2,propietario de la vivienda y el terreno
9523,Gran Buenos Aires,4,propietario de la vivienda y el terreno
9524,Gran Buenos Aires,1,propietario de la vivienda solamente
9525,Pampeana,3,propietario de la vivienda y el terreno
9526,Pampeana,2,"ocupante gratuito, con permiso"
9527,Pampeana,2,propietario de la vivienda y el terreno
9528,Pampeana,2,propietario de la vivienda y el terreno
9529,Pampeana,2,inquilino o arrendatario
9530,Pampeana,2,propietario de la vivienda y el terreno
9531,Pampeana,1,propietario de la vivienda y el terreno
9532,Pampeana,5,propietario de la vivienda y el terreno
9533,Pampeana,2,propietario de la vivienda y el terreno
9534,Pampeana,5,propietario de la vivienda y el terreno
9535,Pampeana,4,propietario de la vivienda y el terreno
9536,Pampeana,3,propietario de la vivienda y el terreno
9537,Gran Buenos Aires,2,propietario de la vivienda y el terreno
9538,Gran Buenos Aires,2,propietario de la vivienda y el terreno
9539,Patagonia,4,inquilino o arrendatario
9540,Patagonia,2,inquilino o arrendatario
9541,Patagonia,2,propietario de la vivienda y el terreno
9542,Gran Buenos Aires,3,propietario de la vivienda y el terreno
9543,Patagonia,2,ocupante por pago de impuestos o expensas
9544,Patagonia,3,ocupante por pago de impuestos o expensas
9545,Patagonia,1,propietario de la vivienda y el terreno
9546,Patagonia,3,propietario de la vivienda y el terreno
9547,Patagonia,2,propietario de la vivienda y el terreno
9548,Patagonia,5,inquilino o arrendatario
9549,Patagonia,3,"ocupante gratuito, con permiso"
9550,Patagonia,2,propietario de la vivienda y el terreno
9551,Patagonia,3,propietario de la vivienda y el terreno
9552,Patagonia,2,inquilino o arrendatario
9553,Pampeana,2,propietario de la vivienda y el terreno
9554,Pampeana,4,inquilino o arrendatario
9555,Noreste,4,propietario de la vivienda y el terreno
9556,Noreste,3,propietario de la vivienda y el terreno
9557,Noreste,3,"ocupante gratuito, con permiso"
9558,Noroeste,1,propietario de la vivienda y el terreno
9559,Cuyo,2,propietario de la vivienda y el terreno
9560,Cuyo,4,propietario de la vivienda y el terreno
9561,Pampeana,4,ocupante por pago de impuestos o expensas
9562,Pampeana,6,ocupante por pago de impuestos o expensas
9563,Pampeana,1,inquilino o arrendatario
9564,Pampeana,2,inquilino o arrendatario
9565,Pampeana,5,inquilino o arrendatario
9566,Pampeana,1,"ocupante gratuito, con permiso"
9567,Pampeana,4,propietario de la vivienda y el terreno
9568,Pampeana,1,inquilino o arrendatario
9569,Pampeana,6,propietario de la vivienda y el terreno
9570,Patagonia,3,inquilino o arrendatario
9571,Patagonia,3,inquilino o arrendatario
9572,Patagonia,2,propietario de la vivienda y el terreno
9573,Patagonia,1,ocupante por pago de impuestos o expensas
9574,Patagonia,7,propietario de la vivienda solamente
9575,Patagonia,2,ocupante por pago de impuestos o expensas
9576,Patagonia,3,inquilino o arrendatario
9577,Patagonia,3,propietario de la vivienda y el terreno
9578,Patagonia,3,inquilino o arrendatario
9579,Gran Buenos Aires,1,propietario de la vivienda solamente
9580,Pampeana,1,"ocupante gratuito, con permiso"
9581,Pampeana,2,propietario de la vivienda y el terreno
9582,Pampeana,5,propietario de la vivienda y el terreno
9583,Noroeste,2,propietario de la vivienda y el terreno
9584,Noroeste,7,propietario de la vivienda y el terreno
9585,Noroeste,3,propietario de la vivienda y el terreno
9586,Noroeste,3,propietario de la vivienda y el terreno
9587,Noroeste,2,propietario de la vivienda y el terreno
9588,Noroeste,3,propietario de la vivienda y el terreno
9589,Noroeste,2,propietario de la vivienda y el terreno
9590,Noroeste,5,propietario de la vivienda y el terreno
9591,Pampeana,3,propietario de la vivienda y el terreno
9592,Pampeana,4,propietario de la vivienda y el terreno
9593,Pampeana,1,inquilino o arrendatario
9594,Pampeana,2,propietario de la vivienda y el terreno
9595,Pampeana,4,inquilino o arrendatario
9596,Pampeana,1,propietario de la vivienda y el terreno
9597,Pampeana,1,propietario de la vivienda y el terreno
9598,Pampeana,3,propietario de la vivienda y el terreno
9599,Pampeana,2,en sucesión
9600,Cuyo,4,propietario de la vivienda y el terreno
9601,Noroeste,3,propietario de la vivienda y el terreno
9602,Noroeste,4,propietario de la vivienda y el terreno
9603,Noroeste,3,propietario de la vivienda y el terreno
9604,Noroeste,1,propietario de la vivienda y el terreno
9605,Pampeana,4,propietario de la vivienda y el terreno
9606,Pampeana,4,propietario de la vivienda y el terreno
9607,Pampeana,2,inquilino o arrendatario
9608,Pampeana,4,inquilino o arrendatario
9609,Pampeana,2,propietario de la vivienda y el terreno
9610,Pampeana,1,inquilino o arrendatario
9611,Pampeana,4,propietario de la vivienda y el terreno
9612,Pampeana,8,propietario de la vivienda solamente
9613,Pampeana,2,propietario de la vivienda y el terreno
9614,Pampeana,2,inquilino o arrendatario
9615,Pampeana,1,propietario de la vivienda y el terreno
9616,Pampeana,2,propietario de la vivienda y el terreno
9617,Pampeana,4,propietario de la vivienda y el terreno
9618,Pampeana,2,propietario de la vivienda y el terreno
9619,Pampeana,1,propietario de la vivienda y el terreno
9620,Pampeana,3,propietario de la vivienda y el terreno
9621,Pampeana,2,propietario de la vivienda y el terreno
9622,Pampeana,2,propietario de la vivienda y el terreno
9623,Pampeana,2,propietario de la vivienda y el terreno
9624,Pampeana,15,propietario de la vivienda y el terreno
9625,Pampeana,3,"ocupante gratuito, con permiso"
9626,Pampeana,2,propietario de la vivienda y el terreno
9627,Gran Buenos Aires,5,ocupante por pago de impuestos o expensas
9628,Gran Buenos Aires,1,propietario de la vivienda y el terreno
9629,Pampeana,6,propietario de la vivienda y el terreno
9630,Noroeste,4,propietario de la vivienda y el terreno
9631,Patagonia,3,inquilino o arrendatario
9632,Patagonia,1,propietario de la vivienda y el terreno
9633,Patagonia,4,propietario de la vivienda y el terreno
9634,Patagonia,6,inquilino o arrendatario
9635,Patagonia,1,propietario de la vivienda y el terreno
9636,Patagonia,1,inquilino o arrendatario
9637,Patagonia,2,propietario de la vivienda y el terreno
9638,Noreste,4,propietario de la vivienda y el terreno
9639,Noreste,2,propietario de la vivienda y el terreno
9640,Noreste,4,propietario de la vivienda y el terreno
9641,Noreste,5,propietario de la vivienda solamente
9642,Noreste,5,propietario de la vivienda y el terreno
9643,Noreste,4,propietario de la vivienda y el terreno
9644,Noreste,7,propietario de la vivienda y el terreno
9645,Noreste,7,propietario de la vivienda y el terreno
9646,Noreste,1,propietario de la vivienda y el terreno
9647,Noreste,2,propietario de la vivienda y el terreno
9648,Noreste,2,propietario de la vivienda y el terreno
9649,Noroeste,2,propietario de la vivienda y el terreno
9650,Noroeste,5,propietario de la vivienda y el terreno
9651,Noroeste,5,propietario de la vivienda y el terreno
9652,Gran Buenos Aires,1,inquilino o arrendatario
9653,Pampeana,1,inquilino o arrendatario
9654,Pampeana,2,inquilino o arrendatario
9655,Pampeana,4,ocupante por pago de impuestos o expensas
9656,Pampeana,2,propietario de la vivienda y el terreno
9657,Noreste,4,propietario de la vivienda y el terreno
9658,Patagonia,3,propietario de la vivienda y el terreno
9659,Patagonia,3,"ocupante gratuito, con permiso"
9660,Patagonia,3,"ocupante gratuito, con permiso"
9661,Patagonia,1,propietario de la vivienda y el terreno
9662,Noroeste,1,inquilino o arrendatario
9663,Noroeste,3,inquilino o arrendatario
9664,Noroeste,3,inquilino o arrendatario
9665,Noroeste,1,propietario de la vivienda y el terreno
9666,Noroeste,4,inquilino o arrendatario
9667,Noroeste,3,propietario de la vivienda y el terreno
9668,Cuyo,1,inquilino o arrendatario
9669,Cuyo,2,propietario de la vivienda y el terreno
9670,Cuyo,3,propietario de la vivienda y el terreno
9671,Noreste,1,propietario de la vivienda y el terreno
9672,Noreste,2,propietario de la vivienda y el terreno
9673,Noreste,1,propietario de la vivienda solamente
9674,Noreste,1,propietario de la vivienda y el terreno
9675,Noreste,2,propietario de la vivienda y el terreno
9676,Noroeste,5,propietario de la vivienda y el terreno
9677,Noroeste,1,propietario de la vivienda y el terreno
9678,Noroeste,1,inquilino o arrendatario
9679,Noroeste,1,inquilino o arrendatario
9680,Noroeste,2,inquilino o arrendatario
9681,Noroeste,1,inquilino o arrendatario
9682,Cuyo,4,propietario de la vivienda y el terreno
9683,Cuyo,2,"ocupante gratuito, con permiso"
9684,Cuyo,2,inquilino o arrendatario
9685,Cuyo,4,inquilino o arrendatario
9686,Noreste,1,inquilino o arrendatario
9687,Noreste,4,propietario de la vivienda y el terreno
9688,Noreste,5,propietario de la vivienda y el terreno
9689,Noreste,6,propietario de la vivienda y el terreno
9690,Noreste,1,propietario de la vivienda y el terreno
9691,Noreste,3,inquilino o arrendatario
9692,Patagonia,2,inquilino o arrendatario
9693,Pampeana,11,propietario de la vivienda y el terreno
9694,Pampeana,4,propietario de la vivienda y el terreno
9695,Pampeana,3,propietario de la vivienda y el terreno
9696,Pampeana,1,propietario de la vivienda y el terreno
9697,Pampeana,2,propietario de la vivienda y el terreno
9698,Pampeana,2,propietario de la vivienda y el terreno
9699,Pampeana,2,propietario de la vivienda y el terreno
9700,Pampeana,3,propietario de la vivienda y el terreno
9701,Gran Buenos Aires,2,propietario de la vivienda y el terreno
9702,Pampeana,3,inquilino o arrendatario
9703,Pampeana,3,propietario de la vivienda y el terreno
9704,Pampeana,1,inquilino o arrendatario
9705,Pampeana,1,propietario de la vivienda y el terreno
9706,Patagonia,4,inquilino o arrendatario
9707,Patagonia,3,inquilino o arrendatario
9708,Noroeste,2,ocupante por pago de impuestos o expensas
9709,Noroeste,3,inquilino o arrendatario
9710,Noroeste,3,propietario de la vivienda y el terreno
9711,Noroeste,3,propietario de la vivienda y el terreno
9712,Pampeana,1,propietario de la vivienda y el terreno
9713,Pampeana,4,"ocupante gratuito, con permiso"
9714,Pampeana,2,propietario de la vivienda y el terreno
9715,Noroeste,2,propietario de la vivienda y el terreno
9716,Noroeste,4,propietario de la vivienda y el terreno
9717,Noroeste,4,propietario de la vivienda y el terreno
9718,Noroeste,8,propietario de la vivienda y el terreno
9719,Cuyo,5,propietario de la vivienda y el terreno
9720,Cuyo,4,propietario de la vivienda y el terreno
9721,Cuyo,2,propietario de la vivienda y el terreno
9722,Cuyo,1,propietario de la vivienda y el terreno
9723,Cuyo,1,inquilino o arrendatario
9724,Noreste,3,propietario de la vivienda y el terreno
9725,Noreste,2,propietario de la vivienda y el terreno
9726,Noreste,4,propietario de la vivienda solamente
9727,Noreste,1,inquilino o arrendatario
9728,Noreste,3,propietario de la vivienda y el terreno
9729,Noroeste,4,propietario de la vivienda y el terreno
9730,Noroeste,1,propietario de la vivienda y el terreno
9731,Noroeste,2,inquilino o arrendatario
9732,Noroeste,1,propietario de la vivienda solamente
9733,Noroeste,4,propietario de la vivienda y el terreno
9734,Noroeste,4,propietario de la vivienda y el terreno
9735,Noroeste,4,propietario de la vivienda y el terreno
9736,Noroeste,5,inquilino o arrendatario
9737,Gran Buenos Aires,3,propietario de la vivienda y el terreno
9738,Gran Buenos Aires,4,propietario de la vivienda y el terreno
9739,Gran Buenos Aires,3,propietario de la vivienda y el terreno
9740,Gran Buenos Aires,1,"ocupante gratuito, con permiso"
9741,Gran Buenos Aires,2,inquilino o arrendatario
9742,Gran Buenos Aires,3,propietario de la vivienda y el terreno
9743,Pampeana,4,propietario de la vivienda y el terreno
9744,Pampeana,2,propietario de la vivienda y el terreno
9745,Gran Buenos Aires,3,propietario de la vivienda y el terreno
9746,Gran Buenos Aires,1,inquilino o arrendatario
9747,Gran Buenos Aires,2,propietario de la vivienda y el terreno
9748,Gran Buenos Aires,1,propietario de la vivienda y el terreno
9749,Gran Buenos Aires,1,propietario de la vivienda y el terreno
9750,Gran Buenos Aires,1,propietario de la vivienda solamente
9751,Gran Buenos Aires,1,propietario de la vivienda y el terreno
9752,Gran Buenos Aires,3,propietario de la vivienda y el terreno
9753,Gran Buenos Aires,3,propietario de la vivienda y el terreno
9754,Gran Buenos Aires,4,inquilino o arrendatario
9755,Pampeana,1,propietario de la vivienda y el terreno
9756,Pampeana,5,inquilino o arrendatario
9757,Pampeana,2,inquilino o arrendatario
9758,Pampeana,10,en sucesión
9759,Cuyo,2,"ocupante gratuito, con permiso"
9760,Pampeana,2,propietario de la vivienda y el terreno
9761,Noreste,6,propietario de la vivienda y el terreno
9762,Noreste,2,propietario de la vivienda solamente
9763,Noreste,4,propietario de la vivienda y el terreno
9764,Noreste,3,"ocupante gratuito, con permiso"
9765,Noreste,5,propietario de la vivienda y el terreno
9766,Noreste,5,propietario de la vivienda solamente
9767,Noreste,4,propietario de la vivienda y el terreno
9768,Noreste,4,propietario de la vivienda solamente
9769,Noreste,4,propietario de la vivienda y el terreno
9770,Noreste,4,propietario de la vivienda solamente
9771,Pampeana,3,inquilino o arrendatario
9772,Pampeana,1,inquilino o arrendatario
9773,Pampeana,1,inquilino o arrendatario
9774,Pampeana,2,propietario de la vivienda y el terreno
9775,Pampeana,3,"ocupante gratuito, con permiso"
9776,Pampeana,6,propietario de la vivienda y el terreno
9777,Pampeana,2,propietario de la vivienda y el terreno
9778,Pampeana,6,propietario de la vivienda y el terreno
9779,Pampeana,1,en sucesión
9780,Noroeste,2,propietario de la vivienda y el terreno
9781,Pampeana,3,propietario de la vivienda y el terreno
9782,Pampeana,3,propietario de la vivienda y el terreno
9783,Pampeana,4,propietario de la vivienda y el terreno
9784,Pampeana,4,"ocupante gratuito, con permiso"
9785,Pampeana,3,inquilino o arrendatario
9786,Pampeana,3,propietario de la vivienda y el terreno
9787,Patagonia,3,propietario de la vivienda y el terreno
9788,Gran Buenos Aires,4,inquilino o arrendatario
9789,Gran Buenos Aires,2,propietario de la vivienda y el terreno
9790,Gran Buenos Aires,2,propietario de la vivienda y el terreno
9791,Gran Buenos Aires,4,propietario de la vivienda y el terreno
9792,Gran Buenos Aires,4,propietario de la vivienda y el terreno
9793,Gran Buenos Aires,3,propietario de la vivienda y el terreno
9794,Gran Buenos Aires,3,propietario de la vivienda y el terreno
9795,Gran Buenos Aires,3,"ocupante gratuito, con permiso"
9796,Gran Buenos Aires,2,ocupante por pago de impuestos o expensas
9797,Pampeana,6,propietario de la vivienda y el terreno
9798,Noroeste,1,inquilino o arrendatario
9799,Noroeste,3,propietario de la vivienda y el terreno
9800,Noroeste,4,propietario de la vivienda y el terreno
9801,Noroeste,3,propietario de la vivienda y el terreno
9802,Noroeste,3,inquilino o arrendatario
9803,Gran Buenos Aires,2,propietario de la vivienda y el terreno
9804,Gran Buenos Aires,1,inquilino o arrendatario
9805,Gran Buenos Aires,2,inquilino o arrendatario
9806,Gran Buenos Aires,3,propietario de la vivienda y el terreno
9807,Pampeana,1,inquilino o arrendatario
9808,Pampeana,3,propietario de la vivienda y el terreno
9809,Gran Buenos Aires,2,propietario de la vivienda y el terreno
9810,Gran Buenos Aires,5,inquilino o arrendatario
9811,Gran Buenos Aires,2,propietario de la vivienda y el terreno
9812,Gran Buenos Aires,1,propietario de la vivienda y el terreno
9813,Noreste,2,propietario de la vivienda y el terreno
9814,Noreste,2,propietario de la vivienda y el terreno
9815,Noreste,5,propietario de la vivienda solamente
9816,Noreste,4,propietario de la vivienda y el terreno
9817,Noroeste,1,"ocupante gratuito, con permiso"
9818,Pampeana,4,propietario de la vivienda y el terreno
9819,Pampeana,1,propietario de la vivienda y el terreno
9820,Pampeana,5,propietario de la vivienda y el terreno
9821,Noreste,1,inquilino o arrendatario
9822,Pampeana,1,inquilino o arrendatario
9823,Pampeana,1,inquilino o arrendatario
9824,Pampeana,2,propietario de la vivienda y el terreno
9825,Noreste,2,propietario de la vivienda y el terreno
9826,Patagonia,1,inquilino o arrendatario
9827,Noreste,2,propietario de la vivienda solamente
9828,Cuyo,4,inquilino o arrendatario
9829,Cuyo,9,propietario de la vivienda y el terreno
9830,Cuyo,2,propietario de la vivienda y el terreno
9831,Cuyo,1,propietario de la vivienda y el terreno
9832,Cuyo,1,propietario de la vivienda y el terreno
9833,Cuyo,4,propietario de la vivienda y el terreno
9834,Cuyo,2,propietario de la vivienda y el terreno
9835,Noroeste,1,ocupante por pago de impuestos o expensas
9836,Noroeste,2,inquilino o arrendatario
9837,Pampeana,3,propietario de la vivienda solamente
9838,Patagonia,5,propietario de la vivienda y el terreno
9839,Patagonia,4,propietario de la vivienda y el terreno
9840,Pampeana,3,propietario de la vivienda y el terreno
9841,Patagonia,2,propietario de la vivienda y el terreno
9842,Patagonia,3,"ocupante gratuito, con permiso"
9843,Patagonia,1,propietario de la vivienda y el terreno
9844,Patagonia,3,propietario de la vivienda y el terreno
9845,Pampeana,5,propietario de la vivienda y el terreno
9846,Pampeana,4,propietario de la vivienda y el terreno
9847,Pampeana,2,propietario de la vivienda y el terreno
9848,Pampeana,4,propietario de la vivienda y el terreno
9849,Pampeana,3,propietario de la vivienda solamente
9850,Pampeana,3,propietario de la vivienda y el terreno
9851,Pampeana,2,propietario de la vivienda y el terreno
9852,Pampeana,5,ocupante por pago de impuestos o expensas
9853,Gran Buenos Aires,3,propietario de la vivienda solamente
9854,Gran Buenos Aires,4,propietario de la vivienda y el terreno
9855,Pampeana,1,propietario de la vivienda y el terreno
9856,Pampeana,4,propietario de la vivienda y el terreno
9857,Pampeana,4,propietario de la vivienda y el terreno
9858,Pampeana,1,propietario de la vivienda y el terreno
9859,Patagonia,2,inquilino o arrendatario
9860,Patagonia,1,inquilino o arrendatario
9861,Patagonia,3,propietario de la vivienda solamente
9862,Noreste,3,propietario de la vivienda y el terreno
9863,Noreste,2,inquilino o arrendatario
9864,Noroeste,4,propietario de la vivienda y el terreno
9865,Noroeste,1,propietario de la vivienda y el terreno
9866,Pampeana,2,propietario de la vivienda y el terreno
9867,Pampeana,1,propietario de la vivienda y el terreno
9868,Pampeana,1,propietario de la vivienda y el terreno
9869,Pampeana,4,propietario de la vivienda y el terreno
9870,Pampeana,1,propietario de la vivienda y el terreno
9871,Pampeana,2,propietario de la vivienda y el terreno
9872,Pampeana,5,propietario de la vivienda y el terreno
9873,Gran Buenos Aires,3,"ocupante gratuito, con permiso"
9874,Pampeana,2,propietario de la vivienda y el terreno
9875,Pampeana,1,inquilino o arrendatario
9876,Pampeana,4,propietario de la vivienda y el terreno
9877,Pampeana,3,inquilino o arrendatario
9878,Pampeana,1,ocupante por pago de impuestos o expensas
9879,Pampeana,2,inquilino o arrendatario
9880,Pampeana,4,propietario de la vivienda y el terreno
9881,Pampeana,1,"ocupante gratuito, con permiso"
9882,Pampeana,1,en sucesión
9883,Pampeana,2,propietario de la vivienda y el terreno
9884,Cuyo,3,propietario de la vivienda solamente
9885,Noroeste,1,propietario de la vivienda y el terreno
9886,Noroeste,5,propietario de la vivienda y el terreno
9887,Noroeste,3,propietario de la vivienda y el terreno
9888,Noroeste,4,ocupante por pago de impuestos o expensas
9889,Noroeste,11,propietario de la vivienda y el terreno
9890,Noroeste,3,propietario de la vivienda y el terreno
9891,Noroeste,1,inquilino o arrendatario
9892,Noroeste,4,ocupante por pago de impuestos o expensas
9893,Noroeste,3,"ocupante gratuito, con permiso"
9894,Noroeste,5,propietario de la vivienda y el terreno
9895,Noreste,2,propietario de la vivienda y el terreno
9896,Noreste,3,propietario de la vivienda y el terreno
9897,Noreste,1,propietario de la vivienda y el terreno
9898,Noreste,1,propietario de la vivienda y el terreno
9899,Noreste,4,propietario de la vivienda y el terreno
9900,Noreste,4,propietario de la vivienda y el terreno
9901,Noreste,4,inquilino o arrendatario
9902,Noreste,1,propietario de la vivienda solamente
9903,Noreste,5,propietario de la vivienda solamente
9904,Pampeana,5,propietario de la vivienda y el terreno
9905,Pampeana,2,propietario de la vivienda y el terreno
9906,Patagonia,3,ocupante por pago de impuestos o expensas
9907,Patagonia,3,"ocupante gratuito, con permiso"
9908,Patagonia,1,inquilino o arrendatario
9909,Patagonia,7,propietario de la vivienda y el terreno
9910,Patagonia,3,inquilino o arrendatario
9911,Patagonia,2,inquilino o arrendatario
9912,Patagonia,1,"ocupante gratuito, con permiso"
9913,Noreste,2,propietario de la vivienda y el terreno
9914,Noreste,2,propietario de la vivienda y el terreno
9915,Noreste,3,propietario de la vivienda y el terreno
9916,Noreste,3,propietario de la vivienda solamente
9917,Noreste,2,propietario de la vivienda y el terreno
9918,Noreste,1,inquilino o arrendatario
9919,Noroeste,6,propietario de la vivienda y el terreno
9920,Noroeste,5,propietario de la vivienda y el terreno
9921,Noroeste,6,propietario de la vivienda y el terreno
9922,Noroeste,6,propietario de la vivienda y el terreno
9923,Noroeste,1,propietario de la vivienda solamente
9924,Noroeste,3,inquilino o arrendatario
9925,Noroeste,2,propietario de la vivienda y el terreno
9926,Noroeste,1,propietario de la vivienda y el terreno
9927,Noroeste,1,ocupante por pago de impuestos o expensas
9928,Pampeana,3,propietario de la vivienda y el terreno
9929,Pampeana,5,propietario de la vivienda y el terreno
9930,Pampeana,1,propietario de la vivienda y el terreno
9931,Pampeana,1,inquilino o arrendatario
9932,Pampeana,2,propietario de la vivienda y el terreno
9933,Pampeana,4,propietario de la vivienda y el terreno
9934,Pampeana,4,inquilino o arrendatario
9935,Cuyo,2,propietario de la vivienda y el terreno
9936,Cuyo,4,propietario de la vivienda y el terreno
9937,Cuyo,6,propietario de la vivienda y el terreno
9938,Cuyo,3,propietario de la vivienda y el terreno
9939,Cuyo,3,inquilino o arrendatario
9940,Noroeste,2,propietario de la vivienda y el terreno
9941,Noroeste,1,propietario de la vivienda y el terreno
9942,Pampeana,5,propietario de la vivienda y el terreno
9943,Pampeana,4,"ocupante gratuito, con permiso"
9944,Cuyo,2,propietario de la vivienda y el terreno
9945,Cuyo,1,propietario de la vivienda y el terreno
9946,Noroeste,3,propietario de la vivienda y el terreno
9947,Noroeste,2,"ocupante gratuito, con permiso"
9948,Gran Buenos Aires,3,propietario de la vivienda y el terreno
9949,Gran Buenos Aires,2,"ocupante gratuito, con permiso"
9950,Noroeste,3,propietario de la vivienda y el terreno
9951,Noroeste,2,inquilino o arrendatario
9952,Pampeana,3,inquilino o arrendatario
9953,Pampeana,3,propietario de la vivienda y el terreno
9954,Pampeana,2,propietario de la vivienda y el terreno
9955,Pampeana,7,"ocupante gratuito, con permiso"
9956,Pampeana,4,propietario de la vivienda y el terreno
9957,Noreste,2,propietario de la vivienda y el terreno
9958,Patagonia,2,propietario de la vivienda y el terreno
9959,Patagonia,4,propietario de la vivienda y el terreno
9960,Patagonia,1,inquilino o arrendatario
9961,Patagonia,1,propietario de la vivienda y el terreno
9962,Noroeste,1,propietario de la vivienda y el terreno
9963,Noroeste,3,propietario de la vivienda y el terreno
9964,Noroeste,4,propietario de la vivienda y el terreno
9965,Noroeste,6,propietario de la vivienda y el terreno
9966,Noroeste,3,propietario de la vivienda y el terreno
9967,Cuyo,6,inquilino o arrendatario
9968,Gran Buenos Aires,2,propietario de la vivienda y el terreno
9969,Gran Buenos Aires,1,propietario de la vivienda y el terreno
9970,Gran Buenos Aires,6,propietario de la vivienda y el terreno
9971,Gran Buenos Aires,5,inquilino o arrendatario
9972,Pampeana,2,inquilino o arrendatario
9973,Pampeana,3,inquilino o arrendatario
9974,Pampeana,2,inquilino o arrendatario
9975,Pampeana,1,inquilino o arrendatario
9976,Pampeana,1,propietario de la vivienda solamente
9977,Pampeana,1,inquilino o arrendatario
9978,Patagonia,4,ocupante por pago de impuestos o expensas
9979,Patagonia,2,ocupante por pago de impuestos o expensas
9980,Patagonia,1,propietario de la vivienda y el terreno
9981,Patagonia,1,propietario de la vivienda y el terreno
9982,Patagonia,2,propietario de la vivienda y el terreno
9983,Patagonia,3,propietario de la vivienda y el terreno
9984,Patagonia,1,"ocupante gratuito, con permiso"
9985,Patagonia,2,inquilino o arrendatario
9986,Patagonia,3,inquilino o arrendatario
9987,Patagonia,2,"ocupante gratuito, con permiso"
9988,Pampeana,1,inquilino o arrendatario
9989,Pampeana,7,propietario de la vivienda y el terreno
9990,Pampeana,7,"ocupante gratuito, con permiso"
9991,Pampeana,5,propietario de la vivienda y el terreno
9992,Pampeana,7,propietario de la vivienda y el terreno
9993,Pampeana,3,ocupante por pago de impuestos o expensas
9994,Pampeana,2,propietario de la vivienda y el terreno
9995,Pampeana,5,inquilino o arrendatario
9996,Pampeana,3,propietario de la vivienda y el terreno
9997,Gran Buenos Aires,3,propietario de la vivienda y el terreno
9998,Gran Buenos Aires,1,propietario de la vivienda y el terreno
9999,Gran Buenos Aires,2,propietario de la vivienda y el terreno
10000,Gran Buenos Aires,5,inquilino o arrendatario
10001,Pampeana,1,inquilino o arrendatario
10002,Pampeana,1,inquilino o arrendatario
10003,Pampeana,4,propietario de la vivienda y el terreno
10004,Noroeste,1,inquilino o arrendatario
10005,Noroeste,1,inquilino o arrendatario
10006,Noroeste,2,inquilino o arrendatario
10007,Gran Buenos Aires,5,propietario de la vivienda y el terreno
10008,Gran Buenos Aires,4,propietario de la vivienda y el terreno
10009,Gran Buenos Aires,2,propietario de la vivienda y el terreno
10010,Gran Buenos Aires,2,"ocupante gratuito, con permiso"
10011,Gran Buenos Aires,3,propietario de la vivienda y el terreno
10012,Gran Buenos Aires,4,propietario de la vivienda y el terreno
10013,Gran Buenos Aires,1,propietario de la vivienda y el terreno
10014,Noroeste,4,propietario de la vivienda y el terreno
10015,Noroeste,2,propietario de la vivienda y el terreno
10016,Noroeste,2,propietario de la vivienda y el terreno
10017,Noroeste,2,inquilino o arrendatario
10018,Noroeste,2,propietario de la vivienda y el terreno
10019,Noroeste,1,ocupante en relación de dependencia
10020,Noroeste,2,inquilino o arrendatario
10021,Cuyo,2,propietario de la vivienda y el terreno
10022,Noroeste,3,propietario de la vivienda y el terreno
10023,Patagonia,5,propietario de la vivienda y el terreno
10024,Patagonia,1,propietario de la vivienda y el terreno
10025,Patagonia,2,propietario de la vivienda y el terreno
10026,Patagonia,2,inquilino o arrendatario
10027,Noroeste,4,ocupante por pago de impuestos o expensas
10028,Noroeste,4,propietario de la vivienda y el terreno
10029,Noroeste,5,propietario de la vivienda y el terreno
10030,Pampeana,7,propietario de la vivienda y el terreno
10031,Pampeana,4,propietario de la vivienda y el terreno
10032,Pampeana,4,propietario de la vivienda y el terreno
10033,Pampeana,1,inquilino o arrendatario
10034,Pampeana,2,inquilino o arrendatario
10035,Pampeana,1,inquilino o arrendatario
10036,Noroeste,7,propietario de la vivienda y el terreno
10037,Noroeste,3,propietario de la vivienda y el terreno
10038,Pampeana,5,propietario de la vivienda y el terreno
10039,Pampeana,1,propietario de la vivienda y el terreno
10040,Cuyo,4,propietario de la vivienda y el terreno
10041,Noroeste,2,propietario de la vivienda y el terreno
10042,Noreste,4,propietario de la vivienda y el terreno
10043,Noreste,2,"ocupante gratuito, con permiso"
10044,Noreste,1,inquilino o arrendatario
10045,Patagonia,9,propietario de la vivienda y el terreno
10046,Patagonia,2,propietario de la vivienda y el terreno
10047,Pampeana,2,propietario de la vivienda y el terreno
10048,Pampeana,3,propietario de la vivienda y el terreno
10049,Pampeana,1,propietario de la vivienda y el terreno
10050,Noroeste,2,propietario de la vivienda y el terreno
10051,Noroeste,3,propietario de la vivienda y el terreno
10052,Pampeana,2,inquilino o arrendatario
10053,Pampeana,3,inquilino o arrendatario
10054,Pampeana,2,propietario de la vivienda y el terreno
10055,Pampeana,4,propietario de la vivienda y el terreno
10056,Pampeana,2,inquilino o arrendatario
10057,Pampeana,2,inquilino o arrendatario
10058,Pampeana,1,inquilino o arrendatario
10059,Pampeana,1,propietario de la vivienda y el terreno
10060,Patagonia,3,propietario de la vivienda y el terreno
10061,Patagonia,1,propietario de la vivienda y el terreno
10062,Patagonia,3,inquilino o arrendatario
10063,Patagonia,2,propietario de la vivienda y el terreno
10064,Patagonia,4,propietario de la vivienda y el terreno
10065,Patagonia,5,inquilino o arrendatario
10066,Patagonia,3,propietario de la vivienda solamente
10067,Pampeana,9,inquilino o arrendatario
10068,Cuyo,1,propietario de la vivienda y el terreno
10069,Patagonia,1,propietario de la vivienda y el terreno
10070,Gran Buenos Aires,4,propietario de la vivienda y el terreno
10071,Gran Buenos Aires,3,propietario de la vivienda y el terreno
10072,Gran Buenos Aires,1,propietario de la vivienda y el terreno
10073,Gran Buenos Aires,1,propietario de la vivienda y el terreno
10074,Gran Buenos Aires,4,propietario de la vivienda y el terreno
10075,Pampeana,6,propietario de la vivienda y el terreno
10076,Pampeana,7,"ocupante gratuito, con permiso"
10077,Pampeana,3,propietario de la vivienda y el terreno
10078,Pampeana,4,propietario de la vivienda y el terreno
10079,Pampeana,2,propietario de la vivienda y el terreno
10080,Patagonia,4,propietario de la vivienda solamente
10081,Patagonia,2,propietario de la vivienda y el terreno
10082,Pampeana,1,inquilino o arrendatario
10083,Pampeana,2,propietario de la vivienda y el terreno
10084,Pampeana,1,propietario de la vivienda y el terreno
10085,Pampeana,2,propietario de la vivienda y el terreno
10086,Pampeana,3,inquilino o arrendatario
10087,Pampeana,3,inquilino o arrendatario
10088,Pampeana,1,"ocupante gratuito, con permiso"
10089,Pampeana,1,inquilino o arrendatario
10090,Pampeana,2,propietario de la vivienda y el terreno
10091,Gran Buenos Aires,3,"ocupante gratuito, con permiso"
10092,Gran Buenos Aires,2,propietario de la vivienda solamente
10093,Gran Buenos Aires,1,propietario de la vivienda y el terreno
10094,Gran Buenos Aires,1,propietario de la vivienda y el terreno
10095,Gran Buenos Aires,4,propietario de la vivienda y el terreno
10096,Gran Buenos Aires,2,inquilino o arrendatario
10097,Pampeana,2,propietario de la vivienda y el terreno
10098,Pampeana,1,propietario de la vivienda y el terreno
10099,Pampeana,5,propietario de la vivienda y el terreno
10100,Pampeana,1,propietario de la vivienda y el terreno
10101,Pampeana,3,"ocupante gratuito, con permiso"
10102,Pampeana,2,propietario de la vivienda y el terreno
10103,Gran Buenos Aires,2,inquilino o arrendatario
10104,Gran Buenos Aires,1,propietario de la vivienda y el terreno
10105,Gran Buenos Aires,1,propietario de la vivienda y el terreno
10106,Gran Buenos Aires,2,propietario de la vivienda y el terreno
10107,Noroeste,8,propietario de la vivienda y el terreno
10108,Noroeste,2,propietario de la vivienda y el terreno
10109,Noroeste,4,propietario de la vivienda y el terreno
10110,Noroeste,3,propietario de la vivienda y el terreno
10111,Noroeste,1,propietario de la vivienda y el terreno
10112,Noroeste,2,propietario de la vivienda y el terreno
10113,Pampeana,2,propietario de la vivienda y el terreno
10114,Pampeana,4,propietario de la vivienda y el terreno
10115,Pampeana,1,propietario de la vivienda y el terreno
10116,Pampeana,3,propietario de la vivienda y el terreno
10117,Pampeana,1,inquilino o arrendatario
10118,Pampeana,1,inquilino o arrendatario
10119,Pampeana,1,"ocupante gratuito, con permiso"
10120,Pampeana,3,inquilino o arrendatario
10121,Pampeana,1,inquilino o arrendatario
10122,Pampeana,5,propietario de la vivienda y el terreno
10123,Noroeste,4,propietario de la vivienda y el terreno
10124,Noroeste,2,propietario de la vivienda y el terreno
10125,Noroeste,4,propietario de la vivienda y el terreno
10126,Noroeste,5,propietario de la vivienda y el terreno
10127,Noroeste,2,inquilino o arrendatario
10128,Noroeste,1,propietario de la vivienda y el terreno
10129,Noroeste,3,propietario de la vivienda y el terreno
10130,Noroeste,4,"ocupante gratuito, con permiso"
10131,Noroeste,2,propietario de la vivienda y el terreno
10132,Noroeste,3,propietario de la vivienda y el terreno
10133,Cuyo,3,inquilino o arrendatario
10134,Pampeana,4,inquilino o arrendatario
10135,Pampeana,2,propietario de la vivienda y el terreno
10136,Pampeana,2,propietario de la vivienda y el terreno
10137,Noreste,3,propietario de la vivienda y el terreno
10138,Patagonia,2,propietario de la vivienda y el terreno
10139,Cuyo,2,propietario de la vivienda y el terreno
10140,Cuyo,2,propietario de la vivienda y el terreno
10141,Cuyo,4,"ocupante gratuito, con permiso"
10142,Cuyo,1,"ocupante gratuito, con permiso"
10143,Cuyo,4,propietario de la vivienda y el terreno
10144,Cuyo,1,propietario de la vivienda y el terreno
10145,Cuyo,3,"ocupante gratuito, con permiso"
10146,Cuyo,5,inquilino o arrendatario
10147,Cuyo,3,inquilino o arrendatario
10148,Cuyo,1,"ocupante gratuito, con permiso"
10149,Cuyo,2,propietario de la vivienda solamente
10150,Cuyo,1,propietario de la vivienda y el terreno
10151,Cuyo,4,propietario de la vivienda y el terreno
10152,Patagonia,2,propietario de la vivienda y el terreno
10153,Patagonia,1,inquilino o arrendatario
10154,Patagonia,6,propietario de la vivienda y el terreno
10155,Patagonia,2,propietario de la vivienda y el terreno
10156,Patagonia,2,inquilino o arrendatario
10157,Noroeste,2,inquilino o arrendatario
10158,Pampeana,2,inquilino o arrendatario
10159,Pampeana,2,inquilino o arrendatario
10160,Pampeana,1,inquilino o arrendatario
10161,Pampeana,1,propietario de la vivienda y el terreno
10162,Pampeana,4,propietario de la vivienda y el terreno
10163,Pampeana,2,ocupante por pago de impuestos o expensas
10164,Cuyo,4,"ocupante gratuito, con permiso"
10165,Cuyo,1,en sucesión
10166,Noreste,4,propietario de la vivienda solamente
10167,Pampeana,2,propietario de la vivienda y el terreno
10168,Pampeana,5,inquilino o arrendatario
10169,Pampeana,3,propietario de la vivienda y el terreno
10170,Pampeana,1,inquilino o arrendatario
10171,Pampeana,2,propietario de la vivienda y el terreno
10172,Pampeana,2,propietario de la vivienda y el terreno
10173,Pampeana,1,"ocupante gratuito, con permiso"
10174,Noroeste,2,propietario de la vivienda y el terreno
10175,Cuyo,2,propietario de la vivienda y el terreno
10176,Cuyo,4,propietario de la vivienda y el terreno
10177,Cuyo,1,propietario de la vivienda y el terreno
10178,Noroeste,3,ocupante por pago de impuestos o expensas
10179,Gran Buenos Aires,2,inquilino o arrendatario
10180,Noreste,1,propietario de la vivienda y el terreno
10181,Noreste,2,propietario de la vivienda y el terreno
10182,Noreste,1,propietario de la vivienda y el terreno
10183,Noroeste,6,propietario de la vivienda y el terreno
10184,Noroeste,7,propietario de la vivienda y el terreno
10185,Noroeste,5,propietario de la vivienda y el terreno
10186,Noroeste,4,propietario de la vivienda y el terreno
10187,Noroeste,2,inquilino o arrendatario
10188,Noroeste,9,propietario de la vivienda y el terreno
10189,Cuyo,1,propietario de la vivienda y el terreno
10190,Cuyo,1,propietario de la vivienda y el terreno
10191,Cuyo,2,propietario de la vivienda y el terreno
10192,Cuyo,2,inquilino o arrendatario
10193,Noreste,1,inquilino o arrendatario
10194,Noreste,2,propietario de la vivienda y el terreno
10195,Noreste,2,inquilino o arrendatario
10196,Noreste,2,propietario de la vivienda y el terreno
10197,Patagonia,2,propietario de la vivienda y el terreno
10198,Patagonia,3,propietario de la vivienda y el terreno
10199,Patagonia,2,propietario de la vivienda y el terreno
10200,Patagonia,1,propietario de la vivienda y el terreno
10201,Cuyo,1,propietario de la vivienda y el terreno
10202,Cuyo,1,inquilino o arrendatario
10203,Cuyo,2,propietario de la vivienda y el terreno
10204,Cuyo,4,propietario de la vivienda y el terreno
10205,Cuyo,1,propietario de la vivienda y el terreno
10206,Cuyo,2,propietario de la vivienda y el terreno
10207,Noreste,5,propietario de la vivienda y el terreno
10208,Noreste,5,propietario de la vivienda y el terreno
10209,Noreste,1,propietario de la vivienda y el terreno
10210,Noreste,1,propietario de la vivienda y el terreno
10211,Pampeana,2,propietario de la vivienda y el terreno
10212,Pampeana,2,propietario de la vivienda y el terreno
10213,Pampeana,2,propietario de la vivienda y el terreno
10214,Pampeana,4,propietario de la vivienda y el terreno
10215,Pampeana,4,propietario de la vivienda solamente
10216,Noroeste,4,ocupante por pago de impuestos o expensas
10217,Noroeste,4,propietario de la vivienda y el terreno
10218,Noroeste,2,ocupante por pago de impuestos o expensas
10219,Noroeste,2,propietario de la vivienda y el terreno
10220,Pampeana,6,propietario de la vivienda y el terreno
10221,Pampeana,5,propietario de la vivienda y el terreno
10222,Pampeana,4,propietario de la vivienda y el terreno
10223,Pampeana,5,propietario de la vivienda y el terreno
10224,Pampeana,1,inquilino o arrendatario
10225,Pampeana,7,propietario de la vivienda y el terreno
10226,Pampeana,2,propietario de la vivienda y el terreno
10227,Gran Buenos Aires,4,propietario de la vivienda y el terreno
10228,Gran Buenos Aires,6,propietario de la vivienda y el terreno
10229,Gran Buenos Aires,1,propietario de la vivienda y el terreno
10230,Gran Buenos Aires,3,propietario de la vivienda y el terreno
10231,Gran Buenos Aires,6,propietario de la vivienda solamente
10232,Gran Buenos Aires,6,inquilino o arrendatario
10233,Gran Buenos Aires,6,propietario de la vivienda y el terreno
10234,Gran Buenos Aires,4,propietario de la vivienda y el terreno
10235,Gran Buenos Aires,4,propietario de la vivienda y el terreno
10236,Pampeana,2,propietario de la vivienda y el terreno
10237,Noreste,4,propietario de la vivienda y el terreno
10238,Noreste,1,"ocupante gratuito, con permiso"
10239,Noreste,3,"ocupante gratuito, con permiso"
10240,Noreste,1,propietario de la vivienda y el terreno
10241,Noreste,4,propietario de la vivienda y el terreno
10242,Noreste,4,propietario de la vivienda y el terreno
10243,Noreste,5,propietario de la vivienda y el terreno
10244,Noreste,4,ocupante en relación de dependencia
10245,Noroeste,3,propietario de la vivienda y el terreno
10246,Noroeste,2,inquilino o arrendatario
10247,Noroeste,5,propietario de la vivienda y el terreno
10248,Cuyo,3,propietario de la vivienda y el terreno
10249,Cuyo,8,ocupante en relación de dependencia
10250,Gran Buenos Aires,2,propietario de la vivienda y el terreno
10251,Gran Buenos Aires,1,inquilino o arrendatario
10252,Pampeana,5,propietario de la vivienda y el terreno
10253,Noroeste,6,propietario de la vivienda y el terreno
10254,Noroeste,2,propietario de la vivienda y el terreno
10255,Noroeste,2,propietario de la vivienda y el terreno
10256,Pampeana,1,inquilino o arrendatario
10257,Pampeana,4,"ocupante gratuito, con permiso"
10258,Pampeana,3,inquilino o arrendatario
10259,Pampeana,3,propietario de la vivienda y el terreno
10260,Gran Buenos Aires,3,propietario de la vivienda y el terreno
10261,Gran Buenos Aires,2,inquilino o arrendatario
10262,Pampeana,2,propietario de la vivienda y el terreno
10263,Pampeana,5,propietario de la vivienda y el terreno
10264,Pampeana,1,inquilino o arrendatario
10265,Pampeana,3,inquilino o arrendatario
10266,Pampeana,1,propietario de la vivienda solamente
10267,Noroeste,5,propietario de la vivienda y el terreno
10268,Cuyo,2,propietario de la vivienda y el terreno
10269,Noroeste,5,propietario de la vivienda y el terreno
10270,Noroeste,2,propietario de la vivienda y el terreno
10271,Noroeste,4,propietario de la vivienda y el terreno
10272,Noroeste,1,inquilino o arrendatario
10273,Noroeste,6,"ocupante gratuito, con permiso"
10274,Noroeste,3,propietario de la vivienda y el terreno
10275,Cuyo,2,propietario de la vivienda y el terreno
10276,Cuyo,3,"ocupante gratuito, con permiso"
10277,Cuyo,3,propietario de la vivienda y el terreno
10278,Patagonia,2,propietario de la vivienda y el terreno
10279,Noroeste,1,propietario de la vivienda y el terreno
10280,Noroeste,4,propietario de la vivienda y el terreno
10281,Noroeste,2,propietario de la vivienda y el terreno
10282,Gran Buenos Aires,6,"ocupante gratuito, con permiso"
10283,Gran Buenos Aires,6,propietario de la vivienda y el terreno
10284,Gran Buenos Aires,1,inquilino o arrendatario
10285,Gran Buenos Aires,1,propietario de la vivienda y el terreno
10286,Pampeana,2,propietario de la vivienda y el terreno
10287,Pampeana,2,propietario de la vivienda y el terreno
10288,Pampeana,2,inquilino o arrendatario
10289,Gran Buenos Aires,4,inquilino o arrendatario
10290,Gran Buenos Aires,3,propietario de la vivienda y el terreno
10291,Gran Buenos Aires,2,propietario de la vivienda y el terreno
10292,Gran Buenos Aires,3,inquilino o arrendatario
10293,Gran Buenos Aires,4,inquilino o arrendatario
10294,Gran Buenos Aires,2,"ocupante gratuito, con permiso"
10295,Gran Buenos Aires,1,propietario de la vivienda y el terreno
10296,Gran Buenos Aires,6,propietario de la vivienda y el terreno
10297,Gran Buenos Aires,2,inquilino o arrendatario
10298,Patagonia,1,inquilino o arrendatario
10299,Patagonia,3,propietario de la vivienda y el terreno
10300,Patagonia,1,
10301,Patagonia,1,
10302,Pampeana,1,propietario de la vivienda y el terreno
10303,Pampeana,2,propietario de la vivienda y el terreno
10304,Gran Buenos Aires,5,propietario de la vivienda y el terreno
10305,Gran Buenos Aires,3,inquilino o arrendatario
10306,Gran Buenos Aires,2,en sucesión
10307,Gran Buenos Aires,4,propietario de la vivienda y el terreno
10308,Gran Buenos Aires,3,inquilino o arrendatario
10309,Gran Buenos Aires,1,"ocupante gratuito, con permiso"
10310,Gran Buenos Aires,2,propietario de la vivienda y el terreno
10311,Gran Buenos Aires,3,propietario de la vivienda y el terreno
10312,Pampeana,4,propietario de la vivienda y el terreno
10313,Noroeste,6,"ocupante gratuito, con permiso"
10314,Pampeana,1,inquilino o arrendatario
10315,Pampeana,2,propietario de la vivienda y el terreno
10316,Pampeana,3,propietario de la vivienda y el terreno
10317,Pampeana,1,propietario de la vivienda y el terreno
10318,Pampeana,2,inquilino o arrendatario
10319,Pampeana,2,propietario de la vivienda y el terreno
10320,Pampeana,7,propietario de la vivienda y el terreno
10321,Pampeana,2,inquilino o arrendatario
10322,Pampeana,1,propietario de la vivienda y el terreno
10323,Pampeana,3,"ocupante gratuito, con permiso"
10324,Pampeana,1,inquilino o arrendatario
10325,Gran Buenos Aires,1,inquilino o arrendatario
10326,Gran Buenos Aires,3,propietario de la vivienda y el terreno
10327,Gran Buenos Aires,4,propietario de la vivienda y el terreno
10328,Gran Buenos Aires,6,propietario de la vivienda y el terreno
10329,Gran Buenos Aires,4,propietario de la vivienda y el terreno
10330,Gran Buenos Aires,2,propietario de la vivienda y el terreno
10331,Gran Buenos Aires,8,propietario de la vivienda y el terreno
10332,Gran Buenos Aires,3,propietario de la vivienda y el terreno
10333,Gran Buenos Aires,7,propietario de la vivienda y el terreno
10334,Pampeana,1,inquilino o arrendatario
10335,Gran Buenos Aires,1,inquilino o arrendatario
10336,Gran Buenos Aires,4,propietario de la vivienda y el terreno
10337,Gran Buenos Aires,3,propietario de la vivienda y el terreno
10338,Gran Buenos Aires,3,propietario de la vivienda y el terreno
10339,Gran Buenos Aires,2,propietario de la vivienda y el terreno
10340,Gran Buenos Aires,1,propietario de la vivienda y el terreno
10341,Gran Buenos Aires,4,"ocupante gratuito, con permiso"
10342,Gran Buenos Aires,3,propietario de la vivienda y el terreno
10343,Gran Buenos Aires,5,propietario de la vivienda y el terreno
10344,Gran Buenos Aires,1,propietario de la vivienda y el terreno
10345,Pampeana,2,propietario de la vivienda y el terreno
10346,Pampeana,3,propietario de la vivienda y el terreno
10347,Pampeana,3,propietario de la vivienda y el terreno
10348,Pampeana,1,"ocupante gratuito, con permiso"
10349,Pampeana,3,propietario de la vivienda y el terreno
10350,Pampeana,8,"ocupante gratuito, con permiso"
10351,Pampeana,1,en sucesión
10352,Gran Buenos Aires,3,inquilino o arrendatario
10353,Gran Buenos Aires,4,propietario de la vivienda y el terreno
10354,Gran Buenos Aires,2,propietario de la vivienda y el terreno
10355,Gran Buenos Aires,2,propietario de la vivienda y el terreno
10356,Gran Buenos Aires,6,inquilino o arrendatario
10357,Gran Buenos Aires,7,propietario de la vivienda y el terreno
10358,Pampeana,2,inquilino o arrendatario
10359,Pampeana,3,propietario de la vivienda y el terreno
10360,Pampeana,3,propietario de la vivienda y el terreno
10361,Pampeana,1,propietario de la vivienda y el terreno
10362,Pampeana,2,propietario de la vivienda y el terreno
10363,Pampeana,1,inquilino o arrendatario
10364,Pampeana,3,inquilino o arrendatario
10365,Patagonia,1,propietario de la vivienda y el terreno
10366,Noroeste,1,inquilino o arrendatario
10367,Noroeste,1,propietario de la vivienda y el terreno
10368,Noroeste,1,propietario de la vivienda y el terreno
10369,Noroeste,2,propietario de la vivienda y el terreno
10370,Noroeste,1,propietario de la vivienda y el terreno
10371,Noroeste,2,propietario de la vivienda y el terreno
10372,Noroeste,2,propietario de la vivienda y el terreno
10373,Noroeste,4,propietario de la vivienda y el terreno
10374,Noroeste,2,"ocupante gratuito, con permiso"
10375,Noroeste,2,inquilino o arrendatario
10376,Noreste,3,"ocupante gratuito, con permiso"
10377,Noreste,4,propietario de la vivienda y el terreno
10378,Noreste,2,propietario de la vivienda y el terreno
10379,Noreste,1,propietario de la vivienda y el terreno
10380,Patagonia,1,"ocupante gratuito, con permiso"
10381,Noroeste,2,propietario de la vivienda y el terreno
10382,Noroeste,3,inquilino o arrendatario
10383,Noroeste,5,inquilino o arrendatario
10384,Noroeste,5,propietario de la vivienda y el terreno
10385,Noroeste,5,propietario de la vivienda solamente
10386,Noroeste,3,propietario de la vivienda y el terreno
10387,Noroeste,7,propietario de la vivienda y el terreno
10388,Noroeste,1,inquilino o arrendatario
10389,Noroeste,6,propietario de la vivienda solamente
10390,Noroeste,1,propietario de la vivienda y el terreno
10391,Cuyo,5,inquilino o arrendatario
10392,Cuyo,2,propietario de la vivienda y el terreno
10393,Patagonia,1,"ocupante gratuito, con permiso"
10394,Patagonia,5,propietario de la vivienda y el terreno
10395,Noroeste,2,propietario de la vivienda y el terreno
10396,Gran Buenos Aires,3,inquilino o arrendatario
10397,Gran Buenos Aires,2,propietario de la vivienda y el terreno
10398,Gran Buenos Aires,1,inquilino o arrendatario
10399,Gran Buenos Aires,2,propietario de la vivienda y el terreno
10400,Noroeste,3,propietario de la vivienda y el terreno
10401,Noroeste,3,inquilino o arrendatario
10402,Noroeste,2,ocupante por pago de impuestos o expensas
10403,Noroeste,2,propietario de la vivienda y el terreno
10404,Noroeste,3,ocupante por pago de impuestos o expensas
10405,Noroeste,2,propietario de la vivienda solamente
10406,Noroeste,1,ocupante por pago de impuestos o expensas
10407,Pampeana,4,inquilino o arrendatario
10408,Pampeana,1,inquilino o arrendatario
10409,Pampeana,4,inquilino o arrendatario
10410,Pampeana,2,propietario de la vivienda y el terreno
10411,Noroeste,2,propietario de la vivienda y el terreno
10412,Noroeste,5,propietario de la vivienda y el terreno
10413,Noroeste,3,propietario de la vivienda y el terreno
10414,Noroeste,1,propietario de la vivienda y el terreno
10415,Pampeana,2,propietario de la vivienda y el terreno
10416,Pampeana,4,propietario de la vivienda y el terreno
10417,Noroeste,4,en sucesión
10418,Noroeste,2,propietario de la vivienda y el terreno
10419,Noroeste,3,inquilino o arrendatario
10420,Noroeste,1,propietario de la vivienda y el terreno
10421,Pampeana,1,propietario de la vivienda y el terreno
10422,Pampeana,1,inquilino o arrendatario
10423,Pampeana,2,propietario de la vivienda y el terreno
10424,Patagonia,2,propietario de la vivienda y el terreno
10425,Patagonia,4,propietario de la vivienda y el terreno
10426,Pampeana,5,propietario de la vivienda y el terreno
10427,Pampeana,1,propietario de la vivienda y el terreno
10428,Pampeana,2,propietario de la vivienda y el terreno
10429,Pampeana,3,inquilino o arrendatario
10430,Pampeana,3,propietario de la vivienda y el terreno
10431,Pampeana,4,propietario de la vivienda y el terreno
10432,Pampeana,7,ocupante por pago de impuestos o expensas
10433,Pampeana,2,propietario de la vivienda y el terreno
10434,Pampeana,1,propietario de la vivienda y el terreno
10435,Pampeana,4,propietario de la vivienda y el terreno
10436,Noroeste,3,propietario de la vivienda y el terreno
10437,Noroeste,1,propietario de la vivienda y el terreno
10438,Noroeste,2,inquilino o arrendatario
10439,Gran Buenos Aires,1,inquilino o arrendatario
10440,Gran Buenos Aires,1,propietario de la vivienda y el terreno
10441,Gran Buenos Aires,2,propietario de la vivienda y el terreno
10442,Gran Buenos Aires,4,propietario de la vivienda solamente
10443,Patagonia,2,propietario de la vivienda solamente
10444,Patagonia,4,propietario de la vivienda solamente
10445,Patagonia,1,propietario de la vivienda y el terreno
10446,Pampeana,2,propietario de la vivienda y el terreno
10447,Pampeana,5,propietario de la vivienda y el terreno
10448,Pampeana,4,propietario de la vivienda y el terreno
10449,Pampeana,2,"ocupante gratuito, con permiso"
10450,Pampeana,1,propietario de la vivienda y el terreno
10451,Pampeana,1,propietario de la vivienda y el terreno
10452,Noroeste,2,inquilino o arrendatario
10453,Pampeana,4,inquilino o arrendatario
10454,Cuyo,1,propietario de la vivienda y el terreno
10455,Pampeana,2,ocupante por pago de impuestos o expensas
10456,Pampeana,3,inquilino o arrendatario
10457,Pampeana,2,propietario de la vivienda y el terreno
10458,Pampeana,3,propietario de la vivienda y el terreno
10459,Pampeana,3,propietario de la vivienda y el terreno
10460,Noroeste,4,en sucesión
10461,Noroeste,1,"ocupante gratuito, con permiso"
10462,Noreste,4,propietario de la vivienda y el terreno
10463,Noreste,7,propietario de la vivienda y el terreno
10464,Noreste,2,propietario de la vivienda y el terreno
10465,Noreste,1,inquilino o arrendatario
10466,Noroeste,1,propietario de la vivienda y el terreno
10467,Noroeste,1,inquilino o arrendatario
10468,Noreste,5,propietario de la vivienda y el terreno
10469,Noreste,4,propietario de la vivienda solamente
10470,Noroeste,3,inquilino o arrendatario
10471,Noroeste,2,propietario de la vivienda y el terreno
10472,Noroeste,5,propietario de la vivienda y el terreno
10473,Noroeste,1,"ocupante gratuito, con permiso"
10474,Noroeste,3,propietario de la vivienda y el terreno
10475,Noroeste,2,propietario de la vivienda y el terreno
10476,Pampeana,2,propietario de la vivienda y el terreno
10477,Pampeana,4,propietario de la vivienda y el terreno
10478,Pampeana,4,propietario de la vivienda y el terreno
10479,Pampeana,2,propietario de la vivienda y el terreno
10480,Pampeana,1,"ocupante gratuito, con permiso"
10481,Pampeana,2,propietario de la vivienda y el terreno
10482,Pampeana,1,propietario de la vivienda y el terreno
10483,Pampeana,2,inquilino o arrendatario
10484,Pampeana,1,propietario de la vivienda y el terreno
10485,Pampeana,4,propietario de la vivienda y el terreno
10486,Pampeana,1,inquilino o arrendatario
10487,Pampeana,2,inquilino o arrendatario
10488,Pampeana,4,ocupante por pago de impuestos o expensas
10489,Cuyo,2,propietario de la vivienda y el terreno
10490,Pampeana,1,propietario de la vivienda y el terreno
10491,Pampeana,1,propietario de la vivienda solamente
10492,Pampeana,1,inquilino o arrendatario
10493,Pampeana,3,propietario de la vivienda y el terreno
10494,Pampeana,4,propietario de la vivienda y el terreno
10495,Pampeana,1,inquilino o arrendatario
10496,Noroeste,3,inquilino o arrendatario
10497,Noroeste,1,propietario de la vivienda y el terreno
10498,Noroeste,3,propietario de la vivienda y el terreno
10499,Noroeste,4,ocupante por pago de impuestos o expensas
10500,Noroeste,4,propietario de la vivienda y el terreno
10501,Noroeste,3,propietario de la vivienda y el terreno
10502,Noroeste,2,propietario de la vivienda y el terreno
10503,Noroeste,7,propietario de la vivienda solamente
10504,Noroeste,6,propietario de la vivienda y el terreno
10505,Noroeste,4,propietario de la vivienda y el terreno
10506,Gran Buenos Aires,2,propietario de la vivienda y el terreno
10507,Gran Buenos Aires,3,propietario de la vivienda y el terreno
10508,Gran Buenos Aires,7,propietario de la vivienda y el terreno
10509,Gran Buenos Aires,1,propietario de la vivienda y el terreno
10510,Gran Buenos Aires,2,inquilino o arrendatario
10511,Gran Buenos Aires,1,propietario de la vivienda y el terreno
10512,Pampeana,5,propietario de la vivienda y el terreno
10513,Pampeana,3,"ocupante gratuito, con permiso"
10514,Pampeana,1,propietario de la vivienda y el terreno
10515,Pampeana,4,inquilino o arrendatario
10516,Pampeana,1,propietario de la vivienda y el terreno
10517,Noroeste,3,propietario de la vivienda y el terreno
10518,Pampeana,5,propietario de la vivienda y el terreno
10519,Pampeana,1,propietario de la vivienda y el terreno
10520,Patagonia,1,inquilino o arrendatario
10521,Cuyo,1,inquilino o arrendatario
10522,Noreste,2,propietario de la vivienda y el terreno
10523,Noreste,1,propietario de la vivienda solamente
10524,Noreste,4,propietario de la vivienda solamente
10525,Noreste,5,inquilino o arrendatario
10526,Noreste,2,propietario de la vivienda y el terreno
10527,Noreste,2,"ocupante gratuito, con permiso"
10528,Patagonia,2,inquilino o arrendatario
10529,Cuyo,5,inquilino o arrendatario
10530,Cuyo,1,propietario de la vivienda y el terreno
10531,Cuyo,4,propietario de la vivienda y el terreno
10532,Noreste,3,propietario de la vivienda y el terreno
10533,Noreste,6,propietario de la vivienda y el terreno
10534,Patagonia,2,propietario de la vivienda y el terreno
10535,Patagonia,5,propietario de la vivienda y el terreno
10536,Patagonia,1,inquilino o arrendatario
10537,Patagonia,6,inquilino o arrendatario
10538,Patagonia,2,propietario de la vivienda solamente
10539,Gran Buenos Aires,2,propietario de la vivienda y el terreno
10540,Cuyo,3,"ocupante gratuito, con permiso"
10541,Cuyo,8,"ocupante gratuito, con permiso"
10542,Cuyo,4,propietario de la vivienda y el terreno
10543,Cuyo,8,propietario de la vivienda y el terreno
10544,Cuyo,2,propietario de la vivienda y el terreno
10545,Gran Buenos Aires,6,ocupante por pago de impuestos o expensas
10546,Gran Buenos Aires,1,"ocupante gratuito, con permiso"
10547,Gran Buenos Aires,4,propietario de la vivienda y el terreno
10548,Gran Buenos Aires,1,propietario de la vivienda y el terreno
10549,Gran Buenos Aires,3,inquilino o arrendatario
10550,Gran Buenos Aires,3,propietario de la vivienda y el terreno
10551,Gran Buenos Aires,3,ocupante por pago de impuestos o expensas
10552,Gran Buenos Aires,1,propietario de la vivienda y el terreno
10553,Pampeana,3,propietario de la vivienda y el terreno
10554,Pampeana,3,propietario de la vivienda solamente
10555,Pampeana,4,propietario de la vivienda y el terreno
10556,Pampeana,7,"ocupante gratuito, con permiso"
10557,Pampeana,3,propietario de la vivienda y el terreno
10558,Pampeana,4,propietario de la vivienda solamente
10559,Pampeana,4,inquilino o arrendatario
10560,Pampeana,2,en sucesión
10561,Pampeana,1,en sucesión
10562,Noreste,1,propietario de la vivienda solamente
10563,Noreste,2,propietario de la vivienda y el terreno
10564,Noreste,1,propietario de la vivienda y el terreno
10565,Patagonia,1,propietario de la vivienda y el terreno
10566,Patagonia,1,inquilino o arrendatario
10567,Pampeana,1,propietario de la vivienda y el terreno
10568,Pampeana,4,"ocupante gratuito, con permiso"
10569,Pampeana,1,propietario de la vivienda y el terreno
10570,Gran Buenos Aires,4,propietario de la vivienda y el terreno
10571,Gran Buenos Aires,3,propietario de la vivienda y el terreno
10572,Gran Buenos Aires,2,propietario de la vivienda y el terreno
10573,Gran Buenos Aires,3,propietario de la vivienda y el terreno
10574,Gran Buenos Aires,1,inquilino o arrendatario
10575,Gran Buenos Aires,2,inquilino o arrendatario
10576,Cuyo,2,"ocupante gratuito, con permiso"
10577,Cuyo,3,propietario de la vivienda y el terreno
10578,Cuyo,3,propietario de la vivienda y el terreno
10579,Cuyo,5,propietario de la vivienda y el terreno
10580,Cuyo,1,inquilino o arrendatario
10581,Cuyo,3,propietario de la vivienda y el terreno
10582,Noroeste,5,inquilino o arrendatario
10583,Noroeste,4,propietario de la vivienda y el terreno
10584,Noroeste,2,inquilino o arrendatario
10585,Noroeste,1,inquilino o arrendatario
10586,Patagonia,6,propietario de la vivienda y el terreno
10587,Patagonia,1,propietario de la vivienda y el terreno
10588,Patagonia,1,inquilino o arrendatario
10589,Noreste,2,propietario de la vivienda y el terreno
10590,Noreste,1,inquilino o arrendatario
10591,Noreste,4,"ocupante gratuito, con permiso"
10592,Noreste,1,propietario de la vivienda y el terreno
10593,Cuyo,2,propietario de la vivienda y el terreno
10594,Noroeste,4,propietario de la vivienda y el terreno
10595,Pampeana,3,inquilino o arrendatario
10596,Pampeana,1,propietario de la vivienda y el terreno
10597,Pampeana,2,inquilino o arrendatario
10598,Pampeana,3,propietario de la vivienda y el terreno
10599,Cuyo,1,"ocupante gratuito, con permiso"
10600,Cuyo,1,propietario de la vivienda y el terreno
10601,Cuyo,6,inquilino o arrendatario
10602,Cuyo,2,inquilino o arrendatario
10603,Cuyo,3,propietario de la vivienda y el terreno
10604,Cuyo,3,propietario de la vivienda y el terreno
10605,Noroeste,5,propietario de la vivienda y el terreno
10606,Noroeste,3,inquilino o arrendatario
10607,Noroeste,2,propietario de la vivienda y el terreno
10608,Noroeste,4,propietario de la vivienda y el terreno
10609,Noroeste,2,propietario de la vivienda y el terreno
10610,Noroeste,5,propietario de la vivienda y el terreno
10611,Pampeana,1,"ocupante gratuito, con permiso"
10612,Pampeana,4,propietario de la vivienda y el terreno
10613,Pampeana,2,propietario de la vivienda y el terreno
10614,Noreste,2,propietario de la vivienda y el terreno
10615,Cuyo,3,"ocupante gratuito, con permiso"
10616,Noroeste,6,propietario de la vivienda y el terreno
10617,Noroeste,2,inquilino o arrendatario
10618,Noroeste,3,propietario de la vivienda y el terreno
10619,Noroeste,4,propietario de la vivienda y el terreno
10620,Noroeste,1,propietario de la vivienda y el terreno
10621,Noroeste,2,inquilino o arrendatario
10622,Noroeste,3,propietario de la vivienda y el terreno
10623,Noroeste,2,propietario de la vivienda solamente
10624,Noroeste,4,propietario de la vivienda y el terreno
10625,Noroeste,4,propietario de la vivienda y el terreno
10626,Noroeste,1,propietario de la vivienda y el terreno
10627,Noroeste,3,inquilino o arrendatario
10628,Gran Buenos Aires,3,propietario de la vivienda solamente
10629,Gran Buenos Aires,1,inquilino o arrendatario
10630,Gran Buenos Aires,2,propietario de la vivienda y el terreno
10631,Pampeana,1,propietario de la vivienda y el terreno
10632,Pampeana,3,inquilino o arrendatario
10633,Pampeana,1,inquilino o arrendatario
10634,Pampeana,1,propietario de la vivienda y el terreno
10635,Pampeana,2,propietario de la vivienda y el terreno
10636,Noreste,3,"ocupante gratuito, con permiso"
10637,Noreste,2,propietario de la vivienda y el terreno
10638,Noreste,3,"ocupante gratuito, con permiso"
10639,Noreste,1,en sucesión
10640,Noroeste,4,propietario de la vivienda y el terreno
10641,Noroeste,1,propietario de la vivienda y el terreno
10642,Noroeste,1,inquilino o arrendatario
10643,Gran Buenos Aires,2,inquilino o arrendatario
10644,Gran Buenos Aires,4,propietario de la vivienda solamente
10645,Gran Buenos Aires,2,inquilino o arrendatario
10646,Gran Buenos Aires,3,inquilino o arrendatario
10647,Gran Buenos Aires,1,ocupante por pago de impuestos o expensas
10648,Gran Buenos Aires,4,inquilino o arrendatario
10649,Gran Buenos Aires,2,ocupante en relación de dependencia
10650,Cuyo,2,propietario de la vivienda y el terreno
10651,Cuyo,4,"ocupante gratuito, con permiso"
10652,Cuyo,1,propietario de la vivienda y el terreno
10653,Cuyo,5,propietario de la vivienda y el terreno
10654,Cuyo,2,propietario de la vivienda y el terreno
10655,Pampeana,2,propietario de la vivienda y el terreno
10656,Pampeana,3,propietario de la vivienda y el terreno
10657,Pampeana,3,propietario de la vivienda y el terreno
10658,Pampeana,3,propietario de la vivienda y el terreno
10659,Gran Buenos Aires,1,propietario de la vivienda y el terreno
10660,Gran Buenos Aires,2,inquilino o arrendatario
10661,Pampeana,1,"ocupante gratuito, con permiso"
10662,Pampeana,1,propietario de la vivienda y el terreno
10663,Pampeana,3,propietario de la vivienda y el terreno
10664,Noroeste,2,propietario de la vivienda y el terreno
10665,Gran Buenos Aires,4,propietario de la vivienda y el terreno
10666,Gran Buenos Aires,1,inquilino o arrendatario
10667,Gran Buenos Aires,2,inquilino o arrendatario
10668,Gran Buenos Aires,1,propietario de la vivienda y el terreno
10669,Gran Buenos Aires,5,inquilino o arrendatario
10670,Pampeana,3,propietario de la vivienda y el terreno
10671,Noreste,1,inquilino o arrendatario
10672,Noreste,2,propietario de la vivienda y el terreno
10673,Noreste,3,propietario de la vivienda y el terreno
10674,Noroeste,1,propietario de la vivienda y el terreno
10675,Noroeste,3,inquilino o arrendatario
10676,Noroeste,9,propietario de la vivienda y el terreno
10677,Pampeana,2,inquilino o arrendatario
10678,Pampeana,1,inquilino o arrendatario
10679,Pampeana,2,propietario de la vivienda y el terreno
10680,Pampeana,3,propietario de la vivienda y el terreno
10681,Gran Buenos Aires,2,propietario de la vivienda y el terreno
10682,Gran Buenos Aires,2,propietario de la vivienda y el terreno
10683,Gran Buenos Aires,1,inquilino o arrendatario
10684,Gran Buenos Aires,2,propietario de la vivienda y el terreno
10685,Gran Buenos Aires,1,inquilino o arrendatario
10686,Gran Buenos Aires,1,propietario de la vivienda y el terreno
10687,Gran Buenos Aires,2,inquilino o arrendatario
10688,Gran Buenos Aires,2,propietario de la vivienda y el terreno
10689,Gran Buenos Aires,2,propietario de la vivienda y el terreno
10690,Pampeana,4,propietario de la vivienda y el terreno
10691,Noroeste,2,propietario de la vivienda y el terreno
10692,Noroeste,2,propietario de la vivienda solamente
10693,Cuyo,1,en sucesión
10694,Noreste,7,propietario de la vivienda solamente
10695,Pampeana,1,propietario de la vivienda y el terreno
10696,Noreste,3,propietario de la vivienda y el terreno
10697,Noreste,4,inquilino o arrendatario
10698,Noreste,2,"ocupante gratuito, con permiso"
10699,Noroeste,3,propietario de la vivienda y el terreno
10700,Noroeste,4,propietario de la vivienda y el terreno
10701,Noroeste,1,"ocupante gratuito, con permiso"
10702,Noroeste,5,propietario de la vivienda y el terreno
10703,Noroeste,1,ocupante por pago de impuestos o expensas
10704,Noroeste,5,inquilino o arrendatario
10705,Noroeste,3,propietario de la vivienda y el terreno
10706,Noroeste,6,propietario de la vivienda y el terreno
10707,Noroeste,2,propietario de la vivienda y el terreno
10708,Noroeste,2,propietario de la vivienda y el terreno
10709,Pampeana,2,propietario de la vivienda y el terreno
10710,Pampeana,1,inquilino o arrendatario
10711,Pampeana,1,propietario de la vivienda y el terreno
10712,Pampeana,1,propietario de la vivienda solamente
10713,Patagonia,4,ocupante por pago de impuestos o expensas
10714,Patagonia,2,en sucesión
10715,Patagonia,2,propietario de la vivienda y el terreno
10716,Patagonia,2,propietario de la vivienda y el terreno
10717,Patagonia,1,inquilino o arrendatario
10718,Patagonia,2,propietario de la vivienda y el terreno
10719,Patagonia,2,propietario de la vivienda y el terreno
10720,Patagonia,2,propietario de la vivienda y el terreno
10721,Gran Buenos Aires,3,propietario de la vivienda y el terreno
10722,Gran Buenos Aires,2,inquilino o arrendatario
10723,Gran Buenos Aires,3,propietario de la vivienda y el terreno
10724,Gran Buenos Aires,1,propietario de la vivienda y el terreno
10725,Gran Buenos Aires,1,propietario de la vivienda y el terreno
10726,Gran Buenos Aires,9,"ocupante gratuito, con permiso"
10727,Gran Buenos Aires,2,ocupante por pago de impuestos o expensas
10728,Gran Buenos Aires,2,propietario de la vivienda y el terreno
10729,Gran Buenos Aires,5,propietario de la vivienda y el terreno
10730,Gran Buenos Aires,4,propietario de la vivienda y el terreno
10731,Gran Buenos Aires,2,propietario de la vivienda y el terreno
10732,Gran Buenos Aires,3,propietario de la vivienda y el terreno
10733,Gran Buenos Aires,3,inquilino o arrendatario
10734,Gran Buenos Aires,3,inquilino o arrendatario
10735,Pampeana,4,propietario de la vivienda y el terreno
10736,Pampeana,1,propietario de la vivienda y el terreno
10737,Pampeana,4,propietario de la vivienda y el terreno
10738,Pampeana,5,propietario de la vivienda y el terreno
10739,Pampeana,4,propietario de la vivienda y el terreno
10740,Pampeana,4,inquilino o arrendatario
10741,Pampeana,2,inquilino o arrendatario
10742,Pampeana,6,propietario de la vivienda y el terreno
10743,Noreste,4,inquilino o arrendatario
10744,Noreste,4,propietario de la vivienda y el terreno
10745,Noreste,5,"ocupante gratuito, con permiso"
10746,Noreste,2,propietario de la vivienda y el terreno
10747,Noreste,3,propietario de la vivienda y el terreno
10748,Gran Buenos Aires,2,propietario de la vivienda y el terreno
10749,Pampeana,3,propietario de la vivienda y el terreno
10750,Pampeana,1,propietario de la vivienda y el terreno
10751,Pampeana,4,inquilino o arrendatario
10752,Pampeana,1,propietario de la vivienda y el terreno
10753,Pampeana,2,propietario de la vivienda y el terreno
10754,Pampeana,2,propietario de la vivienda y el terreno
10755,Pampeana,4,propietario de la vivienda y el terreno
10756,Pampeana,1,inquilino o arrendatario
10757,Noroeste,4,propietario de la vivienda y el terreno
10758,Noroeste,6,propietario de la vivienda y el terreno
10759,Noroeste,3,propietario de la vivienda y el terreno
10760,Patagonia,4,propietario de la vivienda y el terreno
10761,Patagonia,3,propietario de la vivienda y el terreno
10762,Patagonia,3,propietario de la vivienda y el terreno
10763,Patagonia,2,inquilino o arrendatario
10764,Patagonia,3,inquilino o arrendatario
10765,Cuyo,4,ocupante por pago de impuestos o expensas
10766,Cuyo,5,"ocupante gratuito, con permiso"
10767,Cuyo,4,propietario de la vivienda y el terreno
10768,Cuyo,5,"ocupante gratuito, con permiso"
10769,Cuyo,4,ocupante por pago de impuestos o expensas
10770,Patagonia,1,"ocupante gratuito, con permiso"
10771,Patagonia,1,propietario de la vivienda y el terreno
10772,Patagonia,1,inquilino o arrendatario
10773,Patagonia,1,propietario de la vivienda y el terreno
10774,Patagonia,2,propietario de la vivienda y el terreno
10775,Patagonia,5,propietario de la vivienda y el terreno
10776,Patagonia,3,propietario de la vivienda y el terreno
10777,Patagonia,2,propietario de la vivienda y el terreno
10778,Patagonia,1,ocupante por pago de impuestos o expensas
10779,Pampeana,3,propietario de la vivienda y el terreno
10780,Patagonia,3,propietario de la vivienda y el terreno
10781,Patagonia,1,"ocupante gratuito, con permiso"
10782,Gran Buenos Aires,1,propietario de la vivienda y el terreno
10783,Gran Buenos Aires,2,propietario de la vivienda y el terreno
10784,Gran Buenos Aires,7,propietario de la vivienda y el terreno
10785,Gran Buenos Aires,2,propietario de la vivienda y el terreno
10786,Pampeana,2,propietario de la vivienda y el terreno
10787,Noroeste,2,propietario de la vivienda y el terreno
10788,Gran Buenos Aires,5,propietario de la vivienda y el terreno
10789,Pampeana,2,inquilino o arrendatario
10790,Pampeana,2,ocupante por pago de impuestos o expensas
10791,Noroeste,3,inquilino o arrendatario
10792,Noroeste,4,inquilino o arrendatario
10793,Noroeste,5,propietario de la vivienda y el terreno
10794,Noroeste,2,inquilino o arrendatario
10795,Noroeste,7,propietario de la vivienda y el terreno
10796,Noroeste,1,ocupante por pago de impuestos o expensas
10797,Pampeana,5,propietario de la vivienda y el terreno
10798,Pampeana,1,propietario de la vivienda y el terreno
10799,Gran Buenos Aires,2,propietario de la vivienda y el terreno
10800,Gran Buenos Aires,1,propietario de la vivienda y el terreno
10801,Gran Buenos Aires,1,inquilino o arrendatario
10802,Patagonia,1,inquilino o arrendatario
10803,Patagonia,2,inquilino o arrendatario
10804,Patagonia,1,inquilino o arrendatario
10805,Patagonia,3,inquilino o arrendatario
10806,Patagonia,2,propietario de la vivienda solamente
10807,Patagonia,1,propietario de la vivienda y el terreno
10808,Patagonia,2,propietario de la vivienda y el terreno
10809,Pampeana,3,propietario de la vivienda y el terreno
10810,Pampeana,1,propietario de la vivienda y el terreno
10811,Pampeana,1,propietario de la vivienda y el terreno
10812,Pampeana,1,propietario de la vivienda y el terreno
10813,Pampeana,1,propietario de la vivienda y el terreno
10814,Patagonia,3,propietario de la vivienda y el terreno
10815,Patagonia,2,inquilino o arrendatario
10816,Patagonia,3,propietario de la vivienda y el terreno
10817,Patagonia,2,propietario de la vivienda y el terreno
10818,Patagonia,2,propietario de la vivienda y el terreno
10819,Noroeste,5,inquilino o arrendatario
10820,Pampeana,1,propietario de la vivienda y el terreno
10821,Pampeana,4,propietario de la vivienda y el terreno
10822,Pampeana,4,propietario de la vivienda y el terreno
10823,Pampeana,2,inquilino o arrendatario
10824,Noroeste,5,"ocupante gratuito, con permiso"
10825,Noroeste,2,propietario de la vivienda y el terreno
10826,Cuyo,3,propietario de la vivienda y el terreno
10827,Cuyo,5,propietario de la vivienda y el terreno
10828,Pampeana,2,propietario de la vivienda y el terreno
10829,Pampeana,1,inquilino o arrendatario
10830,Pampeana,5,propietario de la vivienda solamente
10831,Pampeana,1,inquilino o arrendatario
10832,Pampeana,1,propietario de la vivienda y el terreno
10833,Pampeana,1,inquilino o arrendatario
10834,Pampeana,3,propietario de la vivienda y el terreno
10835,Patagonia,2,propietario de la vivienda y el terreno
10836,Pampeana,4,propietario de la vivienda y el terreno
10837,Noroeste,4,propietario de la vivienda solamente
10838,Gran Buenos Aires,2,ocupante en relación de dependencia
10839,Gran Buenos Aires,1,propietario de la vivienda y el terreno
10840,Gran Buenos Aires,2,propietario de la vivienda y el terreno
10841,Noroeste,2,propietario de la vivienda y el terreno
10842,Noroeste,6,propietario de la vivienda y el terreno
10843,Cuyo,8,"ocupante gratuito, con permiso"
10844,Cuyo,4,inquilino o arrendatario
10845,Cuyo,3,propietario de la vivienda y el terreno
10846,Pampeana,3,"ocupante de hecho, sin permiso"
10847,Patagonia,5,propietario de la vivienda y el terreno
10848,Patagonia,1,propietario de la vivienda y el terreno
10849,Cuyo,4,propietario de la vivienda y el terreno
10850,Cuyo,5,"ocupante gratuito, con permiso"
10851,Cuyo,5,propietario de la vivienda y el terreno
10852,Cuyo,6,"ocupante gratuito, con permiso"
10853,Cuyo,4,"ocupante gratuito, con permiso"
10854,Cuyo,6,propietario de la vivienda y el terreno
10855,Pampeana,2,propietario de la vivienda y el terreno
10856,Pampeana,3,propietario de la vivienda y el terreno
10857,Pampeana,5,propietario de la vivienda y el terreno
10858,Pampeana,2,propietario de la vivienda y el terreno
10859,Patagonia,2,inquilino o arrendatario
10860,Patagonia,1,inquilino o arrendatario
10861,Cuyo,2,inquilino o arrendatario
10862,Cuyo,3,"ocupante gratuito, con permiso"
10863,Noroeste,3,propietario de la vivienda y el terreno
10864,Noroeste,4,propietario de la vivienda y el terreno
10865,Noroeste,3,propietario de la vivienda y el terreno
10866,Noroeste,3,inquilino o arrendatario
10867,Noroeste,3,propietario de la vivienda y el terreno
10868,Cuyo,5,propietario de la vivienda y el terreno
10869,Cuyo,6,propietario de la vivienda solamente
10870,Cuyo,2,ocupante por pago de impuestos o expensas
10871,Cuyo,5,inquilino o arrendatario
10872,Cuyo,1,propietario de la vivienda y el terreno
10873,Patagonia,2,propietario de la vivienda y el terreno
10874,Patagonia,2,inquilino o arrendatario
10875,Patagonia,2,propietario de la vivienda y el terreno
10876,Patagonia,1,propietario de la vivienda y el terreno
10877,Patagonia,4,propietario de la vivienda y el terreno
10878,Patagonia,4,propietario de la vivienda y el terreno
10879,Noroeste,2,propietario de la vivienda y el terreno
10880,Noroeste,4,propietario de la vivienda y el terreno
10881,Noroeste,7,propietario de la vivienda y el terreno
10882,Noroeste,5,propietario de la vivienda y el terreno
10883,Pampeana,2,inquilino o arrendatario
10884,Pampeana,2,propietario de la vivienda y el terreno
10885,Pampeana,4,propietario de la vivienda y el terreno
10886,Pampeana,9,propietario de la vivienda y el terreno
10887,Pampeana,5,propietario de la vivienda y el terreno
10888,Pampeana,1,propietario de la vivienda y el terreno
10889,Pampeana,1,inquilino o arrendatario
10890,Noroeste,4,inquilino o arrendatario
10891,Noroeste,1,ocupante por pago de impuestos o expensas
10892,Noroeste,4,inquilino o arrendatario
10893,Pampeana,2,"ocupante gratuito, con permiso"
10894,Pampeana,3,propietario de la vivienda y el terreno
10895,Pampeana,2,propietario de la vivienda y el terreno
10896,Pampeana,1,inquilino o arrendatario
10897,Pampeana,1,inquilino o arrendatario
10898,Pampeana,4,propietario de la vivienda y el terreno
10899,Pampeana,2,propietario de la vivienda y el terreno
10900,Pampeana,2,propietario de la vivienda y el terreno
10901,Pampeana,2,propietario de la vivienda y el terreno
10902,Pampeana,4,propietario de la vivienda y el terreno
10903,Noroeste,8,propietario de la vivienda y el terreno
10904,Noroeste,4,propietario de la vivienda y el terreno
10905,Noroeste,3,propietario de la vivienda y el terreno
10906,Noroeste,2,propietario de la vivienda y el terreno
10907,Pampeana,4,propietario de la vivienda y el terreno
10908,Pampeana,4,propietario de la vivienda y el terreno
10909,Noroeste,5,propietario de la vivienda y el terreno
10910,Noroeste,3,ocupante por pago de impuestos o expensas
10911,Cuyo,2,propietario de la vivienda y el terreno
10912,Noreste,1,propietario de la vivienda y el terreno
10913,Noreste,2,propietario de la vivienda y el terreno
10914,Patagonia,1,propietario de la vivienda y el terreno
10915,Noreste,1,en sucesión
10916,Noreste,5,propietario de la vivienda y el terreno
10917,Noreste,4,propietario de la vivienda solamente
10918,Noreste,6,propietario de la vivienda solamente
10919,Noreste,6,propietario de la vivienda y el terreno
10920,Noreste,3,propietario de la vivienda solamente
10921,Noreste,4,propietario de la vivienda y el terreno
10922,Noreste,3,propietario de la vivienda solamente
10923,Pampeana,2,propietario de la vivienda y el terreno
10924,Patagonia,1,ocupante por pago de impuestos o expensas
10925,Patagonia,1,propietario de la vivienda y el terreno
10926,Patagonia,2,propietario de la vivienda y el terreno
10927,Pampeana,1,propietario de la vivienda y el terreno
10928,Pampeana,4,propietario de la vivienda y el terreno
10929,Pampeana,2,en sucesión
10930,Pampeana,2,propietario de la vivienda y el terreno
10931,Pampeana,2,propietario de la vivienda y el terreno
10932,Noroeste,3,propietario de la vivienda y el terreno
10933,Pampeana,4,"ocupante gratuito, con permiso"
10934,Patagonia,2,propietario de la vivienda y el terreno
10935,Patagonia,4,propietario de la vivienda y el terreno
10936,Patagonia,4,inquilino o arrendatario
10937,Noroeste,6,propietario de la vivienda solamente
10938,Noroeste,7,propietario de la vivienda y el terreno
10939,Noroeste,4,propietario de la vivienda y el terreno
10940,Noroeste,2,inquilino o arrendatario
10941,Pampeana,2,ocupante por pago de impuestos o expensas
10942,Pampeana,4,propietario de la vivienda y el terreno
10943,Pampeana,2,propietario de la vivienda y el terreno
10944,Pampeana,5,"ocupante de hecho, sin permiso"
10945,Pampeana,2,propietario de la vivienda y el terreno
10946,Pampeana,3,propietario de la vivienda y el terreno
10947,Pampeana,3,inquilino o arrendatario
10948,Pampeana,6,inquilino o arrendatario
10949,Gran Buenos Aires,4,propietario de la vivienda y el terreno
10950,Gran Buenos Aires,4,propietario de la vivienda y el terreno
10951,Patagonia,1,"ocupante gratuito, con permiso"
10952,Patagonia,2,propietario de la vivienda y el terreno
10953,Patagonia,1,propietario de la vivienda y el terreno
10954,Patagonia,4,propietario de la vivienda y el terreno
10955,Patagonia,2,inquilino o arrendatario
10956,Pampeana,3,"ocupante gratuito, con permiso"
10957,Pampeana,5,propietario de la vivienda y el terreno
10958,Patagonia,1,propietario de la vivienda y el terreno
10959,Patagonia,4,propietario de la vivienda y el terreno
10960,Patagonia,1,propietario de la vivienda y el terreno
10961,Patagonia,5,ocupante por pago de impuestos o expensas
10962,Patagonia,2,inquilino o arrendatario
10963,Patagonia,2,propietario de la vivienda y el terreno
10964,Patagonia,1,propietario de la vivienda y el terreno
10965,Patagonia,3,inquilino o arrendatario
10966,Patagonia,5,inquilino o arrendatario
10967,Pampeana,3,propietario de la vivienda y el terreno
10968,Gran Buenos Aires,4,propietario de la vivienda y el terreno
10969,Gran Buenos Aires,2,propietario de la vivienda y el terreno
10970,Gran Buenos Aires,4,propietario de la vivienda y el terreno
10971,Gran Buenos Aires,1,"ocupante gratuito, con permiso"
10972,Gran Buenos Aires,4,propietario de la vivienda y el terreno
10973,Gran Buenos Aires,5,"ocupante gratuito, con permiso"
10974,Gran Buenos Aires,6,propietario de la vivienda y el terreno
10975,Gran Buenos Aires,3,propietario de la vivienda y el terreno
10976,Gran Buenos Aires,3,propietario de la vivienda y el terreno
10977,Pampeana,3,propietario de la vivienda y el terreno
10978,Patagonia,1,inquilino o arrendatario
10979,Patagonia,3,inquilino o arrendatario
10980,Pampeana,4,propietario de la vivienda y el terreno
10981,Noroeste,1,propietario de la vivienda y el terreno
10982,Noroeste,3,propietario de la vivienda y el terreno
10983,Noroeste,4,ocupante por pago de impuestos o expensas
10984,Noroeste,5,"ocupante gratuito, con permiso"
10985,Noroeste,5,propietario de la vivienda y el terreno
10986,Noroeste,3,propietario de la vivienda y el terreno
10987,Noroeste,6,propietario de la vivienda y el terreno
10988,Gran Buenos Aires,1,inquilino o arrendatario
10989,Gran Buenos Aires,2,"ocupante gratuito, con permiso"
10990,Pampeana,5,propietario de la vivienda y el terreno
10991,Pampeana,4,inquilino o arrendatario
10992,Gran Buenos Aires,3,propietario de la vivienda solamente
10993,Gran Buenos Aires,2,ocupante por pago de impuestos o expensas
10994,Gran Buenos Aires,4,propietario de la vivienda y el terreno
10995,Gran Buenos Aires,5,inquilino o arrendatario
10996,Gran Buenos Aires,3,propietario de la vivienda y el terreno
10997,Gran Buenos Aires,1,inquilino o arrendatario
10998,Gran Buenos Aires,1,ocupante por pago de impuestos o expensas
10999,Gran Buenos Aires,1,propietario de la vivienda solamente
11000,Noreste,2,propietario de la vivienda y el terreno
11001,Noreste,6,propietario de la vivienda y el terreno
11002,Patagonia,2,inquilino o arrendatario
11003,Patagonia,3,inquilino o arrendatario
11004,Patagonia,1,propietario de la vivienda y el terreno
11005,Patagonia,1,propietario de la vivienda y el terreno
11006,Patagonia,3,propietario de la vivienda y el terreno
11007,Patagonia,4,propietario de la vivienda y el terreno
11008,Gran Buenos Aires,3,inquilino o arrendatario
11009,Gran Buenos Aires,1,inquilino o arrendatario
11010,Gran Buenos Aires,1,propietario de la vivienda y el terreno
11011,Pampeana,2,propietario de la vivienda y el terreno
11012,Pampeana,3,propietario de la vivienda y el terreno
11013,Pampeana,4,propietario de la vivienda y el terreno
11014,Pampeana,3,inquilino o arrendatario
11015,Cuyo,5,propietario de la vivienda y el terreno
11016,Cuyo,4,propietario de la vivienda y el terreno
11017,Cuyo,2,propietario de la vivienda y el terreno
11018,Cuyo,2,propietario de la vivienda y el terreno
11019,Cuyo,3,propietario de la vivienda y el terreno
11020,Cuyo,10,propietario de la vivienda y el terreno
11021,Cuyo,6,propietario de la vivienda y el terreno
11022,Cuyo,4,propietario de la vivienda y el terreno
11023,Cuyo,3,propietario de la vivienda y el terreno
11024,Cuyo,2,propietario de la vivienda y el terreno
11025,Noreste,3,propietario de la vivienda y el terreno
11026,Noreste,2,"ocupante gratuito, con permiso"
11027,Noreste,4,inquilino o arrendatario
11028,Cuyo,1,"ocupante gratuito, con permiso"
11029,Cuyo,1,propietario de la vivienda y el terreno
11030,Pampeana,3,inquilino o arrendatario
11031,Pampeana,5,propietario de la vivienda y el terreno
11032,Pampeana,3,propietario de la vivienda y el terreno
11033,Pampeana,4,propietario de la vivienda y el terreno
11034,Pampeana,3,propietario de la vivienda y el terreno
11035,Pampeana,4,"ocupante gratuito, con permiso"
11036,Noroeste,4,propietario de la vivienda y el terreno
11037,Noroeste,3,propietario de la vivienda y el terreno
11038,Noroeste,1,propietario de la vivienda y el terreno
11039,Noroeste,1,propietario de la vivienda y el terreno
11040,Noroeste,4,propietario de la vivienda y el terreno
11041,Noroeste,4,propietario de la vivienda y el terreno
11042,Noroeste,2,propietario de la vivienda y el terreno
11043,Noroeste,1,inquilino o arrendatario
11044,Noroeste,2,propietario de la vivienda y el terreno
11045,Noroeste,4,propietario de la vivienda y el terreno
11046,Noroeste,2,otra situación
11047,Pampeana,1,inquilino o arrendatario
11048,Pampeana,2,propietario de la vivienda y el terreno
11049,Pampeana,1,inquilino o arrendatario
11050,Pampeana,2,inquilino o arrendatario
11051,Pampeana,2,propietario de la vivienda y el terreno
11052,Gran Buenos Aires,4,"ocupante gratuito, con permiso"
11053,Gran Buenos Aires,2,propietario de la vivienda y el terreno
11054,Pampeana,2,propietario de la vivienda y el terreno
11055,Pampeana,4,propietario de la vivienda y el terreno
11056,Pampeana,1,propietario de la vivienda y el terreno
11057,Pampeana,2,inquilino o arrendatario
11058,Pampeana,5,en sucesión
11059,Pampeana,1,inquilino o arrendatario
11060,Pampeana,1,inquilino o arrendatario
11061,Pampeana,1,propietario de la vivienda y el terreno
11062,Pampeana,3,propietario de la vivienda solamente
11063,Pampeana,1,propietario de la vivienda y el terreno
11064,Noroeste,2,propietario de la vivienda y el terreno
11065,Gran Buenos Aires,5,propietario de la vivienda y el terreno
11066,Gran Buenos Aires,1,propietario de la vivienda y el terreno
11067,Gran Buenos Aires,2,propietario de la vivienda y el terreno
11068,Noroeste,4,propietario de la vivienda y el terreno
11069,Pampeana,4,propietario de la vivienda y el terreno
11070,Pampeana,4,inquilino o arrendatario
11071,Patagonia,5,propietario de la vivienda y el terreno
11072,Patagonia,4,propietario de la vivienda y el terreno
11073,Noroeste,5,propietario de la vivienda y el terreno
11074,Noroeste,4,propietario de la vivienda y el terreno
11075,Patagonia,4,propietario de la vivienda y el terreno
11076,Patagonia,1,propietario de la vivienda y el terreno
11077,Patagonia,1,"ocupante gratuito, con permiso"
11078,Patagonia,1,"ocupante gratuito, con permiso"
11079,Noreste,2,propietario de la vivienda y el terreno
11080,Noreste,4,inquilino o arrendatario
11081,Noreste,2,inquilino o arrendatario
11082,Noreste,2,propietario de la vivienda y el terreno
11083,Noreste,4,propietario de la vivienda y el terreno
11084,Noreste,5,"ocupante gratuito, con permiso"
11085,Patagonia,1,inquilino o arrendatario
11086,Patagonia,4,propietario de la vivienda y el terreno
11087,Patagonia,1,propietario de la vivienda y el terreno
11088,Noroeste,3,ocupante por pago de impuestos o expensas
11089,Cuyo,3,propietario de la vivienda y el terreno
11090,Noroeste,2,propietario de la vivienda y el terreno
11091,Cuyo,4,"ocupante gratuito, con permiso"
11092,Cuyo,3,propietario de la vivienda y el terreno
11093,Noreste,2,propietario de la vivienda y el terreno
11094,Noreste,4,inquilino o arrendatario
11095,Pampeana,4,propietario de la vivienda y el terreno
11096,Pampeana,3,propietario de la vivienda y el terreno
11097,Pampeana,3,propietario de la vivienda y el terreno
11098,Pampeana,1,inquilino o arrendatario
11099,Gran Buenos Aires,3,propietario de la vivienda y el terreno
11100,Gran Buenos Aires,2,"ocupante gratuito, con permiso"
11101,Gran Buenos Aires,1,"ocupante gratuito, con permiso"
11102,Gran Buenos Aires,1,propietario de la vivienda y el terreno
11103,Gran Buenos Aires,3,"ocupante gratuito, con permiso"
11104,Pampeana,4,en sucesión
11105,Pampeana,4,inquilino o arrendatario
11106,Pampeana,1,propietario de la vivienda y el terreno
11107,Pampeana,2,inquilino o arrendatario
11108,Pampeana,5,propietario de la vivienda y el terreno
11109,Pampeana,1,propietario de la vivienda y el terreno
11110,Pampeana,1,inquilino o arrendatario
11111,Pampeana,5,inquilino o arrendatario
11112,Pampeana,5,propietario de la vivienda y el terreno
11113,Pampeana,1,propietario de la vivienda y el terreno
11114,Pampeana,1,propietario de la vivienda y el terreno
11115,Gran Buenos Aires,4,propietario de la vivienda solamente
11116,Gran Buenos Aires,3,propietario de la vivienda y el terreno
11117,Pampeana,2,propietario de la vivienda y el terreno
11118,Pampeana,1,propietario de la vivienda y el terreno
11119,Pampeana,1,propietario de la vivienda y el terreno
11120,Pampeana,2,"ocupante gratuito, con permiso"
11121,Pampeana,4,propietario de la vivienda y el terreno
11122,Pampeana,2,propietario de la vivienda y el terreno
11123,Patagonia,1,propietario de la vivienda y el terreno
11124,Patagonia,3,propietario de la vivienda y el terreno
11125,Patagonia,5,propietario de la vivienda y el terreno
11126,Patagonia,1,inquilino o arrendatario
11127,Patagonia,2,propietario de la vivienda y el terreno
11128,Patagonia,6,propietario de la vivienda y el terreno
11129,Patagonia,2,inquilino o arrendatario
11130,Cuyo,2,inquilino o arrendatario
11131,Cuyo,1,propietario de la vivienda y el terreno
11132,Cuyo,2,inquilino o arrendatario
11133,Cuyo,2,propietario de la vivienda y el terreno
11134,Cuyo,1,inquilino o arrendatario
11135,Cuyo,2,propietario de la vivienda y el terreno
11136,Cuyo,1,"ocupante gratuito, con permiso"
11137,Noroeste,2,inquilino o arrendatario
11138,Noroeste,1,inquilino o arrendatario
11139,Cuyo,2,propietario de la vivienda y el terreno
11140,Pampeana,7,propietario de la vivienda y el terreno
11141,Pampeana,2,propietario de la vivienda solamente
11142,Pampeana,2,propietario de la vivienda y el terreno
11143,Pampeana,5,propietario de la vivienda y el terreno
11144,Pampeana,2,propietario de la vivienda y el terreno
11145,Pampeana,4,propietario de la vivienda y el terreno
11146,Pampeana,4,en sucesión
11147,Patagonia,2,propietario de la vivienda y el terreno
11148,Patagonia,1,inquilino o arrendatario
11149,Noroeste,3,inquilino o arrendatario
11150,Noroeste,2,inquilino o arrendatario
11151,Noroeste,1,propietario de la vivienda solamente
11152,Noroeste,6,propietario de la vivienda y el terreno
11153,Noroeste,5,propietario de la vivienda y el terreno
11154,Noroeste,2,propietario de la vivienda y el terreno
11155,Noroeste,1,propietario de la vivienda solamente
11156,Gran Buenos Aires,4,propietario de la vivienda y el terreno
11157,Gran Buenos Aires,4,propietario de la vivienda y el terreno
11158,Gran Buenos Aires,1,propietario de la vivienda y el terreno
11159,Pampeana,3,"ocupante gratuito, con permiso"
11160,Pampeana,4,inquilino o arrendatario
11161,Pampeana,4,propietario de la vivienda y el terreno
11162,Noreste,2,propietario de la vivienda y el terreno
11163,Noreste,4,"ocupante gratuito, con permiso"
11164,Noreste,2,inquilino o arrendatario
11165,Noroeste,5,propietario de la vivienda solamente
11166,Noroeste,2,inquilino o arrendatario
11167,Pampeana,3,propietario de la vivienda y el terreno
11168,Pampeana,3,inquilino o arrendatario
11169,Pampeana,4,propietario de la vivienda y el terreno
11170,Pampeana,3,inquilino o arrendatario
11171,Pampeana,2,inquilino o arrendatario
11172,Pampeana,1,inquilino o arrendatario
11173,Pampeana,3,propietario de la vivienda y el terreno
11174,Pampeana,2,inquilino o arrendatario
11175,Pampeana,1,inquilino o arrendatario
11176,Pampeana,3,ocupante por pago de impuestos o expensas
11177,Pampeana,6,propietario de la vivienda y el terreno
11178,Pampeana,2,propietario de la vivienda y el terreno
11179,Pampeana,5,propietario de la vivienda y el terreno
11180,Pampeana,2,propietario de la vivienda y el terreno
11181,Pampeana,5,"ocupante gratuito, con permiso"
11182,Pampeana,3,propietario de la vivienda solamente
11183,Pampeana,2,inquilino o arrendatario
11184,Gran Buenos Aires,4,propietario de la vivienda y el terreno
11185,Gran Buenos Aires,2,inquilino o arrendatario
11186,Gran Buenos Aires,2,inquilino o arrendatario
11187,Gran Buenos Aires,5,propietario de la vivienda solamente
11188,Gran Buenos Aires,2,propietario de la vivienda y el terreno
11189,Gran Buenos Aires,3,propietario de la vivienda y el terreno
11190,Gran Buenos Aires,1,propietario de la vivienda y el terreno
11191,Gran Buenos Aires,1,propietario de la vivienda y el terreno
11192,Gran Buenos Aires,2,propietario de la vivienda y el terreno
11193,Gran Buenos Aires,5,"ocupante gratuito, con permiso"
11194,Patagonia,1,propietario de la vivienda y el terreno
11195,Patagonia,1,propietario de la vivienda y el terreno
11196,Patagonia,1,propietario de la vivienda y el terreno
11197,Patagonia,3,propietario de la vivienda y el terreno
11198,Patagonia,3,propietario de la vivienda y el terreno
11199,Patagonia,1,"ocupante gratuito, con permiso"
11200,Patagonia,2,propietario de la vivienda y el terreno
11201,Noroeste,3,propietario de la vivienda y el terreno
11202,Noroeste,1,propietario de la vivienda y el terreno
11203,Noroeste,4,propietario de la vivienda y el terreno
11204,Pampeana,2,inquilino o arrendatario
11205,Patagonia,2,propietario de la vivienda y el terreno
11206,Patagonia,2,propietario de la vivienda y el terreno
11207,Pampeana,2,propietario de la vivienda y el terreno
11208,Pampeana,2,"ocupante gratuito, con permiso"
11209,Pampeana,4,inquilino o arrendatario
11210,Pampeana,3,"ocupante gratuito, con permiso"
11211,Noroeste,4,propietario de la vivienda y el terreno
11212,Noroeste,1,inquilino o arrendatario
11213,Noroeste,3,inquilino o arrendatario
11214,Noroeste,3,propietario de la vivienda y el terreno
11215,Noroeste,3,propietario de la vivienda y el terreno
11216,Noroeste,1,ocupante por pago de impuestos o expensas
11217,Gran Buenos Aires,1,propietario de la vivienda y el terreno
11218,Gran Buenos Aires,3,propietario de la vivienda y el terreno
11219,Gran Buenos Aires,1,propietario de la vivienda y el terreno
11220,Gran Buenos Aires,2,propietario de la vivienda y el terreno
11221,Gran Buenos Aires,1,propietario de la vivienda y el terreno
11222,Gran Buenos Aires,3,propietario de la vivienda y el terreno
11223,Gran Buenos Aires,2,propietario de la vivienda y el terreno
11224,Gran Buenos Aires,4,propietario de la vivienda y el terreno
11225,Gran Buenos Aires,3,propietario de la vivienda y el terreno
11226,Gran Buenos Aires,1,propietario de la vivienda y el terreno
11227,Cuyo,1,inquilino o arrendatario
11228,Cuyo,2,propietario de la vivienda y el terreno
11229,Cuyo,2,propietario de la vivienda y el terreno
11230,Cuyo,6,propietario de la vivienda solamente
11231,Noreste,3,propietario de la vivienda y el terreno
11232,Noroeste,1,propietario de la vivienda y el terreno
11233,Noroeste,2,propietario de la vivienda y el terreno
11234,Noroeste,3,propietario de la vivienda y el terreno
11235,Noroeste,2,inquilino o arrendatario
11236,Noroeste,4,propietario de la vivienda y el terreno
11237,Noroeste,5,propietario de la vivienda y el terreno
11238,Noroeste,3,ocupante por pago de impuestos o expensas
11239,Noroeste,2,propietario de la vivienda y el terreno
11240,Noroeste,2,inquilino o arrendatario
11241,Cuyo,4,propietario de la vivienda y el terreno
11242,Cuyo,1,propietario de la vivienda y el terreno
11243,Cuyo,3,inquilino o arrendatario
11244,Cuyo,1,propietario de la vivienda y el terreno
11245,Cuyo,2,propietario de la vivienda y el terreno
11246,Cuyo,4,en sucesión
11247,Noreste,3,propietario de la vivienda y el terreno
11248,Noreste,1,propietario de la vivienda y el terreno
11249,Pampeana,2,inquilino o arrendatario
11250,Pampeana,2,propietario de la vivienda y el terreno
11251,Pampeana,2,propietario de la vivienda y el terreno
11252,Pampeana,1,propietario de la vivienda y el terreno
11253,Noroeste,2,propietario de la vivienda y el terreno
11254,Noroeste,4,en sucesión
11255,Noroeste,2,propietario de la vivienda y el terreno
11256,Cuyo,3,"ocupante gratuito, con permiso"
11257,Cuyo,4,propietario de la vivienda y el terreno
11258,Cuyo,6,propietario de la vivienda y el terreno
11259,Cuyo,2,propietario de la vivienda y el terreno
11260,Cuyo,1,"ocupante gratuito, con permiso"
11261,Pampeana,2,propietario de la vivienda y el terreno
11262,Pampeana,3,propietario de la vivienda y el terreno
11263,Cuyo,1,propietario de la vivienda y el terreno
11264,Cuyo,1,propietario de la vivienda y el terreno
11265,Pampeana,3,propietario de la vivienda y el terreno
11266,Pampeana,2,propietario de la vivienda y el terreno
11267,Pampeana,4,propietario de la vivienda y el terreno
11268,Pampeana,4,propietario de la vivienda y el terreno
11269,Patagonia,5,propietario de la vivienda y el terreno
11270,Patagonia,1,propietario de la vivienda y el terreno
11271,Noroeste,1,propietario de la vivienda y el terreno
11272,Noroeste,2,propietario de la vivienda y el terreno
11273,Noroeste,2,inquilino o arrendatario
11274,Patagonia,3,propietario de la vivienda y el terreno
11275,Patagonia,3,inquilino o arrendatario
11276,Patagonia,4,inquilino o arrendatario
11277,Patagonia,3,propietario de la vivienda y el terreno
11278,Patagonia,2,inquilino o arrendatario
11279,Patagonia,2,inquilino o arrendatario
11280,Gran Buenos Aires,3,propietario de la vivienda y el terreno
11281,Gran Buenos Aires,2,propietario de la vivienda y el terreno
11282,Gran Buenos Aires,4,propietario de la vivienda y el terreno
11283,Gran Buenos Aires,5,propietario de la vivienda y el terreno
11284,Gran Buenos Aires,1,"ocupante gratuito, con permiso"
11285,Gran Buenos Aires,1,propietario de la vivienda y el terreno
11286,Gran Buenos Aires,3,propietario de la vivienda y el terreno
11287,Gran Buenos Aires,2,propietario de la vivienda y el terreno
11288,Pampeana,2,"ocupante gratuito, con permiso"
11289,Pampeana,2,inquilino o arrendatario
11290,Noreste,3,propietario de la vivienda y el terreno
11291,Noreste,4,propietario de la vivienda y el terreno
11292,Noreste,2,propietario de la vivienda y el terreno
11293,Pampeana,4,propietario de la vivienda y el terreno
11294,Pampeana,3,propietario de la vivienda y el terreno
11295,Pampeana,5,propietario de la vivienda y el terreno
11296,Cuyo,5,propietario de la vivienda y el terreno
11297,Cuyo,8,propietario de la vivienda y el terreno
11298,Cuyo,1,propietario de la vivienda y el terreno
11299,Cuyo,2,propietario de la vivienda y el terreno
11300,Cuyo,5,propietario de la vivienda y el terreno
11301,Cuyo,3,propietario de la vivienda y el terreno
11302,Noroeste,1,propietario de la vivienda y el terreno
11303,Noroeste,1,ocupante por pago de impuestos o expensas
11304,Noroeste,1,ocupante por pago de impuestos o expensas
11305,Noroeste,1,propietario de la vivienda y el terreno
11306,Noroeste,2,inquilino o arrendatario
11307,Noroeste,3,propietario de la vivienda y el terreno
11308,Noroeste,1,propietario de la vivienda y el terreno
11309,Noroeste,3,propietario de la vivienda y el terreno
11310,Noroeste,3,propietario de la vivienda y el terreno
11311,Noroeste,3,propietario de la vivienda y el terreno
11312,Pampeana,3,propietario de la vivienda y el terreno
11313,Pampeana,3,propietario de la vivienda y el terreno
11314,Pampeana,6,propietario de la vivienda y el terreno
11315,Cuyo,1,inquilino o arrendatario
11316,Cuyo,2,propietario de la vivienda y el terreno
11317,Cuyo,1,inquilino o arrendatario
11318,Cuyo,2,inquilino o arrendatario
11319,Noreste,2,inquilino o arrendatario
11320,Noreste,1,inquilino o arrendatario
11321,Patagonia,1,inquilino o arrendatario
11322,Patagonia,1,propietario de la vivienda y el terreno
11323,Patagonia,4,propietario de la vivienda solamente
11324,Patagonia,3,propietario de la vivienda y el terreno
11325,Pampeana,1,inquilino o arrendatario
11326,Pampeana,2,propietario de la vivienda y el terreno
11327,Pampeana,2,inquilino o arrendatario
11328,Pampeana,2,propietario de la vivienda y el terreno
11329,Pampeana,3,propietario de la vivienda y el terreno
11330,Pampeana,2,propietario de la vivienda y el terreno
11331,Cuyo,1,en sucesión
11332,Cuyo,1,propietario de la vivienda y el terreno
11333,Cuyo,2,inquilino o arrendatario
11334,Cuyo,3,propietario de la vivienda y el terreno
11335,Noroeste,2,ocupante por pago de impuestos o expensas
11336,Noroeste,5,propietario de la vivienda y el terreno
11337,Cuyo,2,inquilino o arrendatario
11338,Cuyo,1,propietario de la vivienda y el terreno
11339,Cuyo,3,propietario de la vivienda y el terreno
11340,Patagonia,1,inquilino o arrendatario
11341,Patagonia,2,propietario de la vivienda y el terreno
11342,Patagonia,1,propietario de la vivienda y el terreno
11343,Patagonia,2,"ocupante gratuito, con permiso"
11344,Noroeste,5,propietario de la vivienda y el terreno
11345,Noroeste,2,propietario de la vivienda y el terreno
11346,Noroeste,4,propietario de la vivienda solamente
11347,Cuyo,6,propietario de la vivienda y el terreno
11348,Cuyo,3,inquilino o arrendatario
11349,Cuyo,2,propietario de la vivienda y el terreno
11350,Noroeste,3,propietario de la vivienda y el terreno
11351,Gran Buenos Aires,5,propietario de la vivienda solamente
11352,Gran Buenos Aires,3,propietario de la vivienda y el terreno
11353,Gran Buenos Aires,6,propietario de la vivienda y el terreno
11354,Gran Buenos Aires,2,propietario de la vivienda y el terreno
11355,Gran Buenos Aires,3,propietario de la vivienda y el terreno
11356,Gran Buenos Aires,3,propietario de la vivienda y el terreno
11357,Pampeana,2,inquilino o arrendatario
11358,Pampeana,1,propietario de la vivienda solamente
11359,Pampeana,3,propietario de la vivienda y el terreno
11360,Pampeana,3,propietario de la vivienda y el terreno
11361,Pampeana,5,propietario de la vivienda y el terreno
11362,Noreste,4,propietario de la vivienda y el terreno
11363,Noreste,3,propietario de la vivienda y el terreno
11364,Pampeana,6,propietario de la vivienda y el terreno
11365,Pampeana,5,propietario de la vivienda y el terreno
11366,Cuyo,6,"ocupante gratuito, con permiso"
11367,Cuyo,2,propietario de la vivienda y el terreno
11368,Cuyo,1,propietario de la vivienda y el terreno
11369,Pampeana,1,inquilino o arrendatario
11370,Pampeana,2,propietario de la vivienda y el terreno
11371,Patagonia,4,propietario de la vivienda y el terreno
11372,Patagonia,3,inquilino o arrendatario
11373,Patagonia,3,propietario de la vivienda y el terreno
11374,Pampeana,4,propietario de la vivienda y el terreno
11375,Pampeana,2,propietario de la vivienda y el terreno
11376,Gran Buenos Aires,1,propietario de la vivienda y el terreno
11377,Gran Buenos Aires,2,propietario de la vivienda solamente
11378,Gran Buenos Aires,3,inquilino o arrendatario
11379,Gran Buenos Aires,3,inquilino o arrendatario
11380,Gran Buenos Aires,1,propietario de la vivienda y el terreno
11381,Pampeana,1,propietario de la vivienda y el terreno
11382,Pampeana,3,inquilino o arrendatario
11383,Pampeana,4,inquilino o arrendatario
11384,Pampeana,2,ocupante por pago de impuestos o expensas
11385,Pampeana,1,propietario de la vivienda y el terreno
11386,Pampeana,5,inquilino o arrendatario
11387,Pampeana,1,propietario de la vivienda y el terreno
11388,Pampeana,2,propietario de la vivienda solamente
11389,Noroeste,5,propietario de la vivienda y el terreno
11390,Noroeste,4,propietario de la vivienda y el terreno
11391,Noroeste,2,inquilino o arrendatario
11392,Gran Buenos Aires,4,propietario de la vivienda solamente
11393,Gran Buenos Aires,2,propietario de la vivienda y el terreno
11394,Cuyo,3,en sucesión
11395,Cuyo,4,propietario de la vivienda y el terreno
11396,Cuyo,5,inquilino o arrendatario
11397,Cuyo,4,propietario de la vivienda y el terreno
11398,Cuyo,2,"ocupante gratuito, con permiso"
11399,Cuyo,2,inquilino o arrendatario
11400,Cuyo,3,inquilino o arrendatario
11401,Cuyo,3,"ocupante gratuito, con permiso"
11402,Cuyo,3,propietario de la vivienda y el terreno
11403,Cuyo,5,propietario de la vivienda y el terreno
11404,Cuyo,2,propietario de la vivienda y el terreno
11405,Cuyo,2,propietario de la vivienda y el terreno
11406,Cuyo,4,propietario de la vivienda y el terreno
11407,Noreste,4,propietario de la vivienda y el terreno
11408,Noreste,4,propietario de la vivienda solamente
11409,Noreste,5,propietario de la vivienda y el terreno
11410,Noreste,3,inquilino o arrendatario
11411,Noreste,4,propietario de la vivienda y el terreno
11412,Noreste,1,propietario de la vivienda y el terreno
11413,Patagonia,1,inquilino o arrendatario
11414,Patagonia,1,propietario de la vivienda y el terreno
11415,Patagonia,2,propietario de la vivienda y el terreno
11416,Patagonia,4,propietario de la vivienda y el terreno
11417,Noroeste,2,propietario de la vivienda y el terreno
11418,Noroeste,2,inquilino o arrendatario
11419,Noroeste,2,inquilino o arrendatario
11420,Noroeste,3,inquilino o arrendatario
11421,Cuyo,3,inquilino o arrendatario
11422,Cuyo,6,propietario de la vivienda y el terreno
11423,Cuyo,1,propietario de la vivienda y el terreno
11424,Cuyo,5,propietario de la vivienda y el terreno
11425,Pampeana,8,propietario de la vivienda y el terreno
11426,Pampeana,4,inquilino o arrendatario
11427,Pampeana,4,propietario de la vivienda y el terreno
11428,Pampeana,5,propietario de la vivienda y el terreno
11429,Pampeana,6,propietario de la vivienda y el terreno
11430,Noroeste,5,propietario de la vivienda y el terreno
11431,Noroeste,6,propietario de la vivienda y el terreno
11432,Noroeste,4,propietario de la vivienda y el terreno
11433,Noroeste,4,propietario de la vivienda y el terreno
11434,Noroeste,3,propietario de la vivienda y el terreno
11435,Pampeana,1,inquilino o arrendatario
11436,Pampeana,1,inquilino o arrendatario
11437,Pampeana,2,inquilino o arrendatario
11438,Pampeana,1,inquilino o arrendatario
11439,Pampeana,2,inquilino o arrendatario
11440,Noreste,4,propietario de la vivienda y el terreno
11441,Noreste,1,propietario de la vivienda y el terreno
11442,Noreste,3,propietario de la vivienda solamente
11443,Pampeana,4,propietario de la vivienda y el terreno
11444,Pampeana,1,propietario de la vivienda y el terreno
11445,Pampeana,2,propietario de la vivienda y el terreno
11446,Pampeana,2,inquilino o arrendatario
11447,Cuyo,2,inquilino o arrendatario
11448,Cuyo,2,propietario de la vivienda y el terreno
11449,Cuyo,1,propietario de la vivienda y el terreno
11450,Cuyo,1,en sucesión
11451,Cuyo,2,inquilino o arrendatario
11452,Pampeana,3,inquilino o arrendatario
11453,Noroeste,4,propietario de la vivienda y el terreno
11454,Noroeste,4,propietario de la vivienda y el terreno
11455,Noroeste,4,propietario de la vivienda y el terreno
11456,Noroeste,5,propietario de la vivienda y el terreno
11457,Noroeste,5,propietario de la vivienda y el terreno
11458,Noroeste,4,propietario de la vivienda y el terreno
11459,Noroeste,2,propietario de la vivienda y el terreno
11460,Noroeste,1,propietario de la vivienda y el terreno
11461,Noroeste,5,propietario de la vivienda y el terreno
11462,Pampeana,3,propietario de la vivienda y el terreno
11463,Pampeana,4,propietario de la vivienda y el terreno
11464,Pampeana,3,propietario de la vivienda y el terreno
11465,Pampeana,2,inquilino o arrendatario
11466,Pampeana,3,propietario de la vivienda y el terreno
11467,Gran Buenos Aires,4,propietario de la vivienda y el terreno
11468,Gran Buenos Aires,2,propietario de la vivienda y el terreno
11469,Noroeste,5,ocupante por pago de impuestos o expensas
11470,Noroeste,1,inquilino o arrendatario
11471,Noreste,2,propietario de la vivienda y el terreno
11472,Noreste,2,propietario de la vivienda y el terreno
11473,Noreste,2,propietario de la vivienda y el terreno
11474,Noreste,3,"ocupante gratuito, con permiso"
11475,Gran Buenos Aires,1,propietario de la vivienda y el terreno
11476,Pampeana,2,inquilino o arrendatario
11477,Pampeana,3,propietario de la vivienda y el terreno
11478,Pampeana,1,propietario de la vivienda y el terreno
11479,Patagonia,3,propietario de la vivienda y el terreno
11480,Pampeana,2,inquilino o arrendatario
11481,Pampeana,1,propietario de la vivienda y el terreno
11482,Pampeana,6,propietario de la vivienda y el terreno
11483,Pampeana,1,"ocupante gratuito, con permiso"
11484,Pampeana,1,propietario de la vivienda y el terreno
11485,Pampeana,2,inquilino o arrendatario
11486,Pampeana,1,propietario de la vivienda solamente
11487,Pampeana,2,inquilino o arrendatario
11488,Pampeana,4,propietario de la vivienda y el terreno
11489,Pampeana,4,propietario de la vivienda y el terreno
11490,Pampeana,1,propietario de la vivienda y el terreno
11491,Noroeste,1,propietario de la vivienda y el terreno
11492,Noroeste,2,propietario de la vivienda y el terreno
11493,Pampeana,3,propietario de la vivienda y el terreno
11494,Pampeana,1,en sucesión
11495,Pampeana,2,propietario de la vivienda y el terreno
11496,Pampeana,1,inquilino o arrendatario
11497,Pampeana,1,inquilino o arrendatario
11498,Gran Buenos Aires,5,propietario de la vivienda y el terreno
11499,Gran Buenos Aires,4,inquilino o arrendatario
11500,Gran Buenos Aires,1,propietario de la vivienda y el terreno
11501,Gran Buenos Aires,5,"ocupante gratuito, con permiso"
11502,Gran Buenos Aires,1,propietario de la vivienda solamente
11503,Noreste,1,propietario de la vivienda y el terreno
11504,Noreste,2,propietario de la vivienda y el terreno
11505,Noreste,1,propietario de la vivienda y el terreno
11506,Noreste,3,propietario de la vivienda y el terreno
11507,Noreste,5,propietario de la vivienda y el terreno
11508,Gran Buenos Aires,2,propietario de la vivienda y el terreno
11509,Gran Buenos Aires,3,propietario de la vivienda y el terreno
11510,Gran Buenos Aires,5,propietario de la vivienda y el terreno
11511,Gran Buenos Aires,4,en sucesión
11512,Gran Buenos Aires,3,inquilino o arrendatario
11513,Noroeste,1,propietario de la vivienda y el terreno
11514,Noroeste,5,propietario de la vivienda y el terreno
11515,Noroeste,6,propietario de la vivienda y el terreno
11516,Noroeste,9,propietario de la vivienda y el terreno
11517,Noroeste,2,propietario de la vivienda y el terreno
11518,Noroeste,2,propietario de la vivienda y el terreno
11519,Pampeana,1,propietario de la vivienda y el terreno
11520,Pampeana,2,inquilino o arrendatario
11521,Pampeana,1,inquilino o arrendatario
11522,Pampeana,3,propietario de la vivienda y el terreno
11523,Pampeana,4,inquilino o arrendatario
11524,Noreste,5,propietario de la vivienda solamente
11525,Noreste,4,propietario de la vivienda solamente
11526,Noreste,4,propietario de la vivienda solamente
11527,Noreste,4,propietario de la vivienda y el terreno
11528,Noreste,1,propietario de la vivienda y el terreno
11529,Pampeana,2,propietario de la vivienda y el terreno
11530,Pampeana,3,propietario de la vivienda y el terreno
11531,Pampeana,1,"ocupante gratuito, con permiso"
11532,Pampeana,1,"ocupante gratuito, con permiso"
11533,Pampeana,4,inquilino o arrendatario
11534,Patagonia,3,propietario de la vivienda y el terreno
11535,Patagonia,1,propietario de la vivienda y el terreno
11536,Pampeana,2,propietario de la vivienda y el terreno
11537,Pampeana,2,propietario de la vivienda y el terreno
11538,Pampeana,2,propietario de la vivienda solamente
11539,Noroeste,3,propietario de la vivienda y el terreno
11540,Pampeana,5,propietario de la vivienda y el terreno
11541,Noreste,5,propietario de la vivienda y el terreno
11542,Pampeana,3,inquilino o arrendatario
11543,Pampeana,1,propietario de la vivienda y el terreno
11544,Noroeste,5,propietario de la vivienda solamente
11545,Pampeana,4,propietario de la vivienda y el terreno
11546,Pampeana,5,propietario de la vivienda y el terreno
11547,Pampeana,6,inquilino o arrendatario
11548,Pampeana,2,"ocupante gratuito, con permiso"
11549,Noreste,4,propietario de la vivienda y el terreno
11550,Noreste,5,propietario de la vivienda y el terreno
11551,Noreste,3,propietario de la vivienda y el terreno
11552,Noreste,6,propietario de la vivienda y el terreno
11553,Noreste,2,inquilino o arrendatario
11554,Noreste,2,propietario de la vivienda y el terreno
11555,Noreste,2,propietario de la vivienda y el terreno
11556,Pampeana,1,inquilino o arrendatario
11557,Noroeste,4,propietario de la vivienda y el terreno
11558,Noroeste,3,propietario de la vivienda y el terreno
11559,Noroeste,4,propietario de la vivienda y el terreno
11560,Noroeste,4,propietario de la vivienda y el terreno
11561,Noreste,5,propietario de la vivienda solamente
11562,Noreste,4,propietario de la vivienda y el terreno
11563,Noreste,2,propietario de la vivienda y el terreno
11564,Noreste,1,propietario de la vivienda y el terreno
11565,Noreste,1,propietario de la vivienda y el terreno
11566,Noreste,1,propietario de la vivienda y el terreno
11567,Noreste,1,inquilino o arrendatario
11568,Noreste,5,propietario de la vivienda y el terreno
11569,Patagonia,4,ocupante por pago de impuestos o expensas
11570,Patagonia,2,inquilino o arrendatario
11571,Gran Buenos Aires,1,propietario de la vivienda y el terreno
11572,Gran Buenos Aires,1,propietario de la vivienda y el terreno
11573,Gran Buenos Aires,4,propietario de la vivienda y el terreno
11574,Pampeana,1,propietario de la vivienda y el terreno
11575,Pampeana,1,inquilino o arrendatario
11576,Pampeana,4,propietario de la vivienda y el terreno
11577,Pampeana,7,propietario de la vivienda y el terreno
11578,Pampeana,5,ocupante por pago de impuestos o expensas
11579,Gran Buenos Aires,1,propietario de la vivienda solamente
11580,Gran Buenos Aires,6,ocupante por pago de impuestos o expensas
11581,Noroeste,2,propietario de la vivienda y el terreno
11582,Noroeste,4,inquilino o arrendatario
11583,Noroeste,5,propietario de la vivienda y el terreno
11584,Noroeste,1,propietario de la vivienda y el terreno
11585,Noroeste,1,propietario de la vivienda y el terreno
11586,Noroeste,5,propietario de la vivienda y el terreno
11587,Noroeste,3,propietario de la vivienda y el terreno
11588,Noroeste,3,propietario de la vivienda y el terreno
11589,Patagonia,3,propietario de la vivienda y el terreno
11590,Patagonia,1,propietario de la vivienda y el terreno
11591,Pampeana,3,propietario de la vivienda y el terreno
11592,Pampeana,3,propietario de la vivienda y el terreno
11593,Pampeana,7,propietario de la vivienda y el terreno
11594,Pampeana,1,propietario de la vivienda y el terreno
11595,Pampeana,1,propietario de la vivienda y el terreno
11596,Pampeana,3,propietario de la vivienda y el terreno
11597,Pampeana,1,propietario de la vivienda y el terreno
11598,Pampeana,4,propietario de la vivienda y el terreno
11599,Pampeana,3,propietario de la vivienda y el terreno
11600,Pampeana,2,propietario de la vivienda y el terreno
11601,Noroeste,1,propietario de la vivienda y el terreno
11602,Noroeste,2,propietario de la vivienda y el terreno
11603,Noroeste,5,propietario de la vivienda y el terreno
11604,Pampeana,3,propietario de la vivienda y el terreno
11605,Pampeana,4,inquilino o arrendatario
11606,Pampeana,3,propietario de la vivienda y el terreno
11607,Pampeana,2,inquilino o arrendatario
11608,Pampeana,3,propietario de la vivienda y el terreno
11609,Pampeana,3,propietario de la vivienda y el terreno
11610,Pampeana,8,propietario de la vivienda y el terreno
11611,Pampeana,4,propietario de la vivienda y el terreno
11612,Pampeana,8,propietario de la vivienda y el terreno
11613,Pampeana,1,propietario de la vivienda y el terreno
11614,Pampeana,3,propietario de la vivienda y el terreno
11615,Pampeana,2,"ocupante gratuito, con permiso"
11616,Pampeana,6,propietario de la vivienda y el terreno
11617,Noreste,1,propietario de la vivienda y el terreno
11618,Noreste,2,propietario de la vivienda y el terreno
11619,Patagonia,4,inquilino o arrendatario
11620,Gran Buenos Aires,2,propietario de la vivienda y el terreno
11621,Gran Buenos Aires,1,inquilino o arrendatario
11622,Gran Buenos Aires,2,propietario de la vivienda solamente
11623,Pampeana,4,propietario de la vivienda y el terreno
11624,Pampeana,5,propietario de la vivienda solamente
11625,Pampeana,4,propietario de la vivienda y el terreno
11626,Cuyo,2,propietario de la vivienda y el terreno
11627,Cuyo,4,inquilino o arrendatario
11628,Cuyo,6,propietario de la vivienda y el terreno
11629,Cuyo,3,propietario de la vivienda y el terreno
11630,Noroeste,4,propietario de la vivienda y el terreno
11631,Cuyo,3,propietario de la vivienda y el terreno
11632,Pampeana,1,inquilino o arrendatario
11633,Pampeana,2,propietario de la vivienda y el terreno
11634,Pampeana,1,en sucesión
11635,Pampeana,3,propietario de la vivienda y el terreno
11636,Pampeana,4,propietario de la vivienda y el terreno
11637,Pampeana,1,ocupante por pago de impuestos o expensas
11638,Noroeste,4,propietario de la vivienda y el terreno
11639,Noroeste,4,propietario de la vivienda y el terreno
11640,Noroeste,4,ocupante por pago de impuestos o expensas
11641,Noroeste,3,propietario de la vivienda y el terreno
11642,Noroeste,3,propietario de la vivienda y el terreno
11643,Noroeste,1,inquilino o arrendatario
11644,Noroeste,2,"ocupante gratuito, con permiso"
11645,Patagonia,2,propietario de la vivienda y el terreno
11646,Noroeste,6,propietario de la vivienda y el terreno
11647,Cuyo,6,propietario de la vivienda y el terreno
11648,Cuyo,6,propietario de la vivienda y el terreno
11649,Cuyo,3,"ocupante gratuito, con permiso"
11650,Cuyo,6,propietario de la vivienda y el terreno
11651,Noroeste,2,propietario de la vivienda y el terreno
11652,Noroeste,2,propietario de la vivienda y el terreno
11653,Noroeste,3,propietario de la vivienda y el terreno
11654,Noroeste,3,propietario de la vivienda y el terreno
11655,Noroeste,4,propietario de la vivienda y el terreno
11656,Cuyo,5,"ocupante gratuito, con permiso"
11657,Cuyo,3,propietario de la vivienda y el terreno
11658,Cuyo,2,propietario de la vivienda y el terreno
11659,Cuyo,5,propietario de la vivienda y el terreno
11660,Cuyo,2,propietario de la vivienda y el terreno
11661,Pampeana,10,"ocupante gratuito, con permiso"
11662,Pampeana,4,propietario de la vivienda y el terreno
11663,Pampeana,3,propietario de la vivienda y el terreno
11664,Pampeana,5,propietario de la vivienda y el terreno
11665,Pampeana,3,propietario de la vivienda y el terreno
11666,Pampeana,4,propietario de la vivienda y el terreno
11667,Gran Buenos Aires,1,propietario de la vivienda y el terreno
11668,Gran Buenos Aires,2,inquilino o arrendatario
11669,Gran Buenos Aires,2,propietario de la vivienda y el terreno
11670,Gran Buenos Aires,3,propietario de la vivienda y el terreno
11671,Gran Buenos Aires,1,"ocupante gratuito, con permiso"
11672,Gran Buenos Aires,5,propietario de la vivienda y el terreno
11673,Gran Buenos Aires,3,inquilino o arrendatario
11674,Gran Buenos Aires,3,propietario de la vivienda y el terreno
11675,Pampeana,2,inquilino o arrendatario
11676,Pampeana,2,propietario de la vivienda y el terreno
11677,Pampeana,2,propietario de la vivienda y el terreno
11678,Pampeana,1,propietario de la vivienda y el terreno
11679,Pampeana,4,propietario de la vivienda y el terreno
11680,Gran Buenos Aires,1,propietario de la vivienda y el terreno
11681,Gran Buenos Aires,6,propietario de la vivienda y el terreno
11682,Pampeana,2,inquilino o arrendatario
11683,Pampeana,3,propietario de la vivienda y el terreno
11684,Pampeana,1,inquilino o arrendatario
11685,Noroeste,3,propietario de la vivienda y el terreno
11686,Noroeste,2,ocupante por pago de impuestos o expensas
11687,Noroeste,2,propietario de la vivienda y el terreno
11688,Noroeste,1,inquilino o arrendatario
11689,Noreste,5,propietario de la vivienda y el terreno
11690,Noreste,6,propietario de la vivienda y el terreno
11691,Noreste,6,propietario de la vivienda y el terreno
11692,Noreste,3,propietario de la vivienda y el terreno
11693,Cuyo,4,propietario de la vivienda y el terreno
11694,Cuyo,1,propietario de la vivienda y el terreno
11695,Cuyo,3,propietario de la vivienda y el terreno
11696,Cuyo,4,propietario de la vivienda y el terreno
11697,Noreste,1,inquilino o arrendatario
11698,Pampeana,2,propietario de la vivienda y el terreno
11699,Pampeana,3,propietario de la vivienda y el terreno
11700,Pampeana,2,inquilino o arrendatario
11701,Pampeana,3,inquilino o arrendatario
11702,Pampeana,3,propietario de la vivienda y el terreno
11703,Patagonia,1,propietario de la vivienda y el terreno
11704,Patagonia,3,propietario de la vivienda y el terreno
11705,Patagonia,4,propietario de la vivienda y el terreno
11706,Patagonia,3,propietario de la vivienda y el terreno
11707,Patagonia,1,propietario de la vivienda y el terreno
11708,Noroeste,2,inquilino o arrendatario
11709,Noroeste,1,inquilino o arrendatario
11710,Noroeste,2,inquilino o arrendatario
11711,Cuyo,3,propietario de la vivienda y el terreno
11712,Cuyo,4,propietario de la vivienda y el terreno
11713,Cuyo,8,propietario de la vivienda y el terreno
11714,Cuyo,3,propietario de la vivienda y el terreno
11715,Cuyo,7,propietario de la vivienda y el terreno
11716,Cuyo,5,propietario de la vivienda y el terreno
11717,Cuyo,4,inquilino o arrendatario
11718,Noroeste,3,propietario de la vivienda y el terreno
11719,Noroeste,3,"ocupante gratuito, con permiso"
11720,Noroeste,2,inquilino o arrendatario
11721,Cuyo,3,propietario de la vivienda y el terreno
11722,Cuyo,2,propietario de la vivienda y el terreno
11723,Noroeste,2,"ocupante gratuito, con permiso"
11724,Noroeste,5,ocupante por pago de impuestos o expensas
11725,Cuyo,1,propietario de la vivienda y el terreno
11726,Cuyo,1,propietario de la vivienda y el terreno
11727,Cuyo,2,propietario de la vivienda y el terreno
11728,Pampeana,4,"ocupante gratuito, con permiso"
11729,Pampeana,3,propietario de la vivienda y el terreno
11730,Pampeana,1,propietario de la vivienda y el terreno
11731,Pampeana,3,propietario de la vivienda y el terreno
11732,Noroeste,3,propietario de la vivienda y el terreno
11733,Pampeana,2,propietario de la vivienda y el terreno
11734,Pampeana,6,propietario de la vivienda y el terreno
11735,Pampeana,2,propietario de la vivienda y el terreno
11736,Pampeana,1,inquilino o arrendatario
11737,Pampeana,3,inquilino o arrendatario
11738,Patagonia,3,propietario de la vivienda y el terreno
11739,Patagonia,3,propietario de la vivienda y el terreno
11740,Patagonia,3,propietario de la vivienda y el terreno
11741,Noroeste,1,inquilino o arrendatario
11742,Pampeana,3,propietario de la vivienda y el terreno
11743,Pampeana,1,propietario de la vivienda y el terreno
11744,Pampeana,4,inquilino o arrendatario
11745,Pampeana,1,propietario de la vivienda y el terreno
11746,Noreste,2,propietario de la vivienda y el terreno
11747,Noreste,1,inquilino o arrendatario
11748,Noreste,4,propietario de la vivienda y el terreno
11749,Noreste,1,inquilino o arrendatario
11750,Noreste,1,propietario de la vivienda y el terreno
11751,Cuyo,2,inquilino o arrendatario
11752,Cuyo,4,"ocupante gratuito, con permiso"
11753,Cuyo,2,propietario de la vivienda y el terreno
11754,Patagonia,3,propietario de la vivienda y el terreno
11755,Gran Buenos Aires,1,inquilino o arrendatario
11756,Gran Buenos Aires,1,ocupante en relación de dependencia
11757,Gran Buenos Aires,3,propietario de la vivienda y el terreno
11758,Gran Buenos Aires,1,inquilino o arrendatario
11759,Gran Buenos Aires,1,"ocupante gratuito, con permiso"
11760,Gran Buenos Aires,2,propietario de la vivienda y el terreno
11761,Gran Buenos Aires,1,inquilino o arrendatario
11762,Gran Buenos Aires,1,inquilino o arrendatario
11763,Pampeana,3,propietario de la vivienda y el terreno
11764,Pampeana,3,propietario de la vivienda y el terreno
11765,Pampeana,3,propietario de la vivienda y el terreno
11766,Pampeana,5,propietario de la vivienda y el terreno
11767,Pampeana,3,propietario de la vivienda y el terreno
11768,Pampeana,1,"ocupante gratuito, con permiso"
11769,Cuyo,3,propietario de la vivienda y el terreno
11770,Cuyo,1,propietario de la vivienda y el terreno
11771,Cuyo,5,propietario de la vivienda y el terreno
11772,Cuyo,4,propietario de la vivienda y el terreno
11773,Patagonia,1,propietario de la vivienda y el terreno
11774,Patagonia,3,inquilino o arrendatario
11775,Noroeste,1,propietario de la vivienda y el terreno
11776,Noroeste,1,"ocupante gratuito, con permiso"
11777,Pampeana,2,"ocupante gratuito, con permiso"
11778,Pampeana,2,propietario de la vivienda y el terreno
11779,Pampeana,4,propietario de la vivienda y el terreno
11780,Noroeste,4,propietario de la vivienda y el terreno
11781,Noroeste,3,propietario de la vivienda y el terreno
11782,Noroeste,1,inquilino o arrendatario
11783,Noroeste,5,propietario de la vivienda y el terreno
11784,Noroeste,2,propietario de la vivienda y el terreno
11785,Noroeste,2,propietario de la vivienda y el terreno
11786,Noroeste,1,propietario de la vivienda y el terreno
11787,Noroeste,3,propietario de la vivienda y el terreno
11788,Noroeste,4,propietario de la vivienda y el terreno
11789,Noroeste,1,propietario de la vivienda y el terreno
11790,Pampeana,1,inquilino o arrendatario
11791,Pampeana,1,ocupante en relación de dependencia
11792,Pampeana,1,inquilino o arrendatario
11793,Pampeana,2,propietario de la vivienda y el terreno
11794,Pampeana,1,propietario de la vivienda y el terreno
11795,Noroeste,3,propietario de la vivienda y el terreno
11796,Noroeste,4,propietario de la vivienda y el terreno
11797,Noroeste,3,propietario de la vivienda y el terreno
11798,Pampeana,5,ocupante por pago de impuestos o expensas
11799,Noreste,3,propietario de la vivienda solamente
11800,Noreste,3,propietario de la vivienda y el terreno
11801,Cuyo,3,inquilino o arrendatario
11802,Cuyo,4,propietario de la vivienda y el terreno
11803,Noroeste,2,propietario de la vivienda y el terreno
11804,Noroeste,1,inquilino o arrendatario
11805,Noroeste,4,"ocupante gratuito, con permiso"
11806,Noroeste,1,propietario de la vivienda y el terreno
11807,Noroeste,5,propietario de la vivienda y el terreno
11808,Pampeana,3,inquilino o arrendatario
11809,Pampeana,1,inquilino o arrendatario
11810,Pampeana,1,propietario de la vivienda y el terreno
11811,Pampeana,2,propietario de la vivienda y el terreno
11812,Pampeana,2,propietario de la vivienda y el terreno
11813,Pampeana,2,"ocupante gratuito, con permiso"
11814,Pampeana,2,propietario de la vivienda y el terreno
11815,Pampeana,3,inquilino o arrendatario
11816,Pampeana,3,propietario de la vivienda y el terreno
11817,Pampeana,2,inquilino o arrendatario
11818,Pampeana,3,propietario de la vivienda y el terreno
11819,Pampeana,7,propietario de la vivienda solamente
11820,Pampeana,7,propietario de la vivienda solamente
11821,Patagonia,4,propietario de la vivienda y el terreno
11822,Patagonia,1,propietario de la vivienda y el terreno
11823,Patagonia,2,propietario de la vivienda y el terreno
11824,Patagonia,4,propietario de la vivienda y el terreno
11825,Pampeana,2,propietario de la vivienda y el terreno
11826,Noroeste,3,propietario de la vivienda y el terreno
11827,Noroeste,4,propietario de la vivienda y el terreno
11828,Noroeste,2,propietario de la vivienda y el terreno
11829,Noroeste,4,propietario de la vivienda y el terreno
11830,Noreste,1,"ocupante gratuito, con permiso"
11831,Noreste,1,propietario de la vivienda y el terreno
11832,Patagonia,1,inquilino o arrendatario
11833,Cuyo,4,inquilino o arrendatario
11834,Cuyo,2,"ocupante gratuito, con permiso"
11835,Noroeste,3,propietario de la vivienda y el terreno
11836,Noroeste,2,inquilino o arrendatario
11837,Noroeste,4,propietario de la vivienda y el terreno
11838,Noroeste,1,inquilino o arrendatario
11839,Noroeste,7,propietario de la vivienda y el terreno
11840,Noroeste,5,propietario de la vivienda y el terreno
11841,Cuyo,3,propietario de la vivienda y el terreno
11842,Cuyo,3,"ocupante gratuito, con permiso"
11843,Pampeana,1,propietario de la vivienda solamente
11844,Pampeana,4,propietario de la vivienda solamente
11845,Pampeana,2,"ocupante gratuito, con permiso"
11846,Gran Buenos Aires,3,propietario de la vivienda y el terreno
11847,Patagonia,5,propietario de la vivienda y el terreno
11848,Patagonia,5,propietario de la vivienda y el terreno
11849,Patagonia,5,propietario de la vivienda y el terreno
11850,Patagonia,2,"ocupante gratuito, con permiso"
11851,Patagonia,1,propietario de la vivienda y el terreno
11852,Patagonia,5,propietario de la vivienda y el terreno
11853,Noroeste,3,propietario de la vivienda y el terreno
11854,Noroeste,3,propietario de la vivienda y el terreno
11855,Noroeste,4,propietario de la vivienda y el terreno
11856,Gran Buenos Aires,2,propietario de la vivienda y el terreno
11857,Noroeste,7,propietario de la vivienda y el terreno
11858,Noroeste,2,ocupante por pago de impuestos o expensas
11859,Cuyo,3,propietario de la vivienda y el terreno
11860,Cuyo,2,propietario de la vivienda y el terreno
11861,Cuyo,5,propietario de la vivienda y el terreno
11862,Cuyo,3,propietario de la vivienda y el terreno
11863,Cuyo,2,en sucesión
11864,Cuyo,4,propietario de la vivienda y el terreno
11865,Pampeana,6,ocupante por pago de impuestos o expensas
11866,Pampeana,1,"ocupante gratuito, con permiso"
11867,Pampeana,1,propietario de la vivienda y el terreno
11868,Pampeana,2,propietario de la vivienda y el terreno
11869,Pampeana,3,propietario de la vivienda y el terreno
11870,Pampeana,1,propietario de la vivienda solamente
11871,Pampeana,4,propietario de la vivienda y el terreno
11872,Pampeana,2,inquilino o arrendatario
11873,Pampeana,2,propietario de la vivienda y el terreno
11874,Pampeana,1,inquilino o arrendatario
11875,Pampeana,2,ocupante por pago de impuestos o expensas
11876,Pampeana,1,inquilino o arrendatario
11877,Pampeana,2,propietario de la vivienda y el terreno
11878,Pampeana,3,inquilino o arrendatario
11879,Pampeana,1,propietario de la vivienda solamente
11880,Pampeana,1,"ocupante gratuito, con permiso"
11881,Pampeana,2,propietario de la vivienda y el terreno
11882,Pampeana,3,propietario de la vivienda y el terreno
11883,Pampeana,6,propietario de la vivienda y el terreno
11884,Pampeana,4,propietario de la vivienda y el terreno
11885,Pampeana,2,"ocupante gratuito, con permiso"
11886,Pampeana,3,propietario de la vivienda y el terreno
11887,Noreste,3,propietario de la vivienda solamente
11888,Noreste,4,propietario de la vivienda y el terreno
11889,Noreste,3,inquilino o arrendatario
11890,Noreste,1,inquilino o arrendatario
11891,Noreste,1,inquilino o arrendatario
11892,Patagonia,1,propietario de la vivienda y el terreno
11893,Patagonia,7,"ocupante gratuito, con permiso"
11894,Patagonia,1,propietario de la vivienda y el terreno
11895,Patagonia,1,ocupante por pago de impuestos o expensas
11896,Patagonia,2,propietario de la vivienda y el terreno
11897,Cuyo,2,inquilino o arrendatario
11898,Cuyo,2,propietario de la vivienda y el terreno
11899,Cuyo,4,inquilino o arrendatario
11900,Cuyo,1,propietario de la vivienda y el terreno
11901,Cuyo,3,propietario de la vivienda y el terreno
11902,Cuyo,5,propietario de la vivienda y el terreno
11903,Cuyo,4,en sucesión
11904,Cuyo,5,inquilino o arrendatario
11905,Cuyo,3,propietario de la vivienda y el terreno
11906,Cuyo,2,propietario de la vivienda y el terreno
11907,Noroeste,5,propietario de la vivienda y el terreno
11908,Pampeana,1,propietario de la vivienda y el terreno
11909,Gran Buenos Aires,5,propietario de la vivienda y el terreno
11910,Gran Buenos Aires,2,propietario de la vivienda solamente
11911,Gran Buenos Aires,1,propietario de la vivienda y el terreno
11912,Pampeana,1,propietario de la vivienda y el terreno
11913,Pampeana,1,inquilino o arrendatario
11914,Pampeana,3,propietario de la vivienda y el terreno
11915,Pampeana,5,inquilino o arrendatario
11916,Pampeana,2,inquilino o arrendatario
11917,Pampeana,2,propietario de la vivienda y el terreno
11918,Pampeana,3,propietario de la vivienda y el terreno
11919,Noreste,5,propietario de la vivienda y el terreno
11920,Noreste,4,propietario de la vivienda y el terreno
11921,Noreste,5,propietario de la vivienda y el terreno
11922,Noreste,3,propietario de la vivienda solamente
11923,Noreste,5,propietario de la vivienda y el terreno
11924,Noreste,1,propietario de la vivienda y el terreno
11925,Noroeste,5,propietario de la vivienda y el terreno
11926,Noroeste,3,propietario de la vivienda y el terreno
11927,Noroeste,1,inquilino o arrendatario
11928,Noroeste,3,propietario de la vivienda y el terreno
11929,Noroeste,3,propietario de la vivienda y el terreno
11930,Cuyo,4,inquilino o arrendatario
11931,Noroeste,7,ocupante por pago de impuestos o expensas
11932,Pampeana,6,inquilino o arrendatario
11933,Pampeana,6,propietario de la vivienda y el terreno
11934,Pampeana,2,propietario de la vivienda y el terreno
11935,Patagonia,3,propietario de la vivienda y el terreno
11936,Patagonia,3,propietario de la vivienda y el terreno
11937,Patagonia,2,propietario de la vivienda y el terreno
11938,Patagonia,1,propietario de la vivienda y el terreno
11939,Patagonia,3,inquilino o arrendatario
11940,Patagonia,5,propietario de la vivienda y el terreno
11941,Pampeana,5,propietario de la vivienda y el terreno
11942,Pampeana,1,propietario de la vivienda y el terreno
11943,Pampeana,2,propietario de la vivienda y el terreno
11944,Pampeana,2,inquilino o arrendatario
11945,Pampeana,4,propietario de la vivienda y el terreno
11946,Noroeste,2,propietario de la vivienda y el terreno
11947,Noroeste,1,propietario de la vivienda y el terreno
11948,Noroeste,3,propietario de la vivienda y el terreno
11949,Noroeste,4,propietario de la vivienda y el terreno
11950,Noroeste,2,propietario de la vivienda y el terreno
11951,Pampeana,1,propietario de la vivienda y el terreno
11952,Gran Buenos Aires,1,propietario de la vivienda solamente
11953,Pampeana,2,en sucesión
11954,Pampeana,1,inquilino o arrendatario
11955,Pampeana,3,inquilino o arrendatario
11956,Noreste,4,propietario de la vivienda y el terreno
11957,Patagonia,2,propietario de la vivienda y el terreno
11958,Patagonia,2,propietario de la vivienda y el terreno
11959,Patagonia,1,propietario de la vivienda y el terreno
11960,Patagonia,3,propietario de la vivienda y el terreno
11961,Patagonia,1,propietario de la vivienda solamente
11962,Gran Buenos Aires,3,propietario de la vivienda solamente
11963,Gran Buenos Aires,2,inquilino o arrendatario
11964,Gran Buenos Aires,1,propietario de la vivienda y el terreno
11965,Gran Buenos Aires,2,propietario de la vivienda solamente
11966,Gran Buenos Aires,2,inquilino o arrendatario
11967,Noroeste,4,ocupante por pago de impuestos o expensas
11968,Noroeste,5,propietario de la vivienda y el terreno
11969,Noroeste,3,propietario de la vivienda y el terreno
11970,Noroeste,4,propietario de la vivienda y el terreno
11971,Noroeste,1,propietario de la vivienda y el terreno
11972,Gran Buenos Aires,2,propietario de la vivienda y el terreno
11973,Gran Buenos Aires,1,propietario de la vivienda y el terreno
11974,Gran Buenos Aires,6,inquilino o arrendatario
11975,Noroeste,5,propietario de la vivienda y el terreno
11976,Noroeste,6,propietario de la vivienda y el terreno
11977,Noroeste,3,propietario de la vivienda y el terreno
11978,Noroeste,4,propietario de la vivienda y el terreno
11979,Noroeste,6,propietario de la vivienda y el terreno
11980,Noroeste,4,propietario de la vivienda y el terreno
11981,Noroeste,3,propietario de la vivienda y el terreno
11982,Noroeste,5,ocupante por pago de impuestos o expensas
11983,Noroeste,2,propietario de la vivienda y el terreno
11984,Cuyo,4,propietario de la vivienda y el terreno
11985,Cuyo,1,"ocupante gratuito, con permiso"
11986,Patagonia,1,inquilino o arrendatario
11987,Patagonia,1,inquilino o arrendatario
11988,Patagonia,1,inquilino o arrendatario
11989,Patagonia,1,inquilino o arrendatario
11990,Patagonia,1,inquilino o arrendatario
11991,Pampeana,2,propietario de la vivienda y el terreno
11992,Pampeana,4,propietario de la vivienda y el terreno
11993,Pampeana,3,propietario de la vivienda y el terreno
11994,Pampeana,5,"ocupante de hecho, sin permiso"
11995,Cuyo,4,propietario de la vivienda solamente
11996,Cuyo,1,inquilino o arrendatario
11997,Noroeste,2,propietario de la vivienda y el terreno
11998,Noroeste,2,propietario de la vivienda y el terreno
11999,Cuyo,3,inquilino o arrendatario
12000,Cuyo,2,propietario de la vivienda y el terreno
12001,Cuyo,5,inquilino o arrendatario
12002,Cuyo,3,inquilino o arrendatario
12003,Noroeste,1,propietario de la vivienda y el terreno
12004,Noreste,5,propietario de la vivienda y el terreno
12005,Noreste,3,inquilino o arrendatario
12006,Noreste,3,propietario de la vivienda solamente
12007,Noreste,2,ocupante en relación de dependencia
12008,Noreste,2,propietario de la vivienda solamente
12009,Noreste,1,propietario de la vivienda y el terreno
12010,Noreste,2,propietario de la vivienda y el terreno
12011,Noreste,5,propietario de la vivienda y el terreno
12012,Noreste,1,propietario de la vivienda y el terreno
12013,Noreste,2,propietario de la vivienda y el terreno
12014,Noreste,2,inquilino o arrendatario
12015,Noreste,3,"ocupante gratuito, con permiso"
12016,Noreste,3,propietario de la vivienda solamente
12017,Noreste,2,propietario de la vivienda y el terreno
12018,Patagonia,1,inquilino o arrendatario
12019,Pampeana,3,propietario de la vivienda y el terreno
12020,Pampeana,4,propietario de la vivienda y el terreno
12021,Pampeana,1,inquilino o arrendatario
12022,Pampeana,3,inquilino o arrendatario
12023,Pampeana,5,propietario de la vivienda y el terreno
12024,Pampeana,4,ocupante por pago de impuestos o expensas
12025,Pampeana,4,"ocupante gratuito, con permiso"
12026,Pampeana,1,"ocupante gratuito, con permiso"
12027,Pampeana,1,propietario de la vivienda y el terreno
12028,Pampeana,4,propietario de la vivienda y el terreno
12029,Noroeste,6,propietario de la vivienda y el terreno
12030,Noroeste,2,inquilino o arrendatario
12031,Noroeste,2,propietario de la vivienda y el terreno
12032,Patagonia,3,propietario de la vivienda y el terreno
12033,Patagonia,2,propietario de la vivienda y el terreno
12034,Noroeste,5,propietario de la vivienda solamente
12035,Noroeste,3,inquilino o arrendatario
12036,Noroeste,3,inquilino o arrendatario
12037,Patagonia,2,inquilino o arrendatario
12038,Patagonia,2,inquilino o arrendatario
12039,Patagonia,2,propietario de la vivienda y el terreno
12040,Patagonia,1,inquilino o arrendatario
12041,Patagonia,1,propietario de la vivienda y el terreno
12042,Cuyo,4,inquilino o arrendatario
12043,Cuyo,4,inquilino o arrendatario
12044,Cuyo,2,inquilino o arrendatario
12045,Cuyo,4,propietario de la vivienda y el terreno
12046,Cuyo,3,propietario de la vivienda y el terreno
12047,Patagonia,1,propietario de la vivienda y el terreno
12048,Patagonia,3,propietario de la vivienda y el terreno
12049,Noroeste,6,propietario de la vivienda y el terreno
12050,Cuyo,1,inquilino o arrendatario
12051,Cuyo,1,"ocupante gratuito, con permiso"
12052,Noroeste,1,propietario de la vivienda y el terreno
12053,Noroeste,1,propietario de la vivienda y el terreno
12054,Noroeste,1,propietario de la vivienda y el terreno
12055,Noroeste,1,propietario de la vivienda y el terreno
12056,Noroeste,4,propietario de la vivienda y el terreno
12057,Gran Buenos Aires,4,ocupante por pago de impuestos o expensas
12058,Gran Buenos Aires,1,en sucesión
12059,Gran Buenos Aires,2,propietario de la vivienda y el terreno
12060,Gran Buenos Aires,2,inquilino o arrendatario
12061,Gran Buenos Aires,4,inquilino o arrendatario
12062,Gran Buenos Aires,4,inquilino o arrendatario
12063,Noroeste,2,propietario de la vivienda y el terreno
12064,Patagonia,2,propietario de la vivienda y el terreno
12065,Patagonia,1,propietario de la vivienda y el terreno
12066,Patagonia,4,propietario de la vivienda y el terreno
12067,Noroeste,4,propietario de la vivienda y el terreno
12068,Noroeste,2,inquilino o arrendatario
12069,Cuyo,1,propietario de la vivienda y el terreno
12070,Cuyo,5,propietario de la vivienda y el terreno
12071,Cuyo,2,inquilino o arrendatario
12072,Noroeste,5,propietario de la vivienda y el terreno
12073,Noroeste,3,propietario de la vivienda y el terreno
12074,Noroeste,1,inquilino o arrendatario
12075,Noroeste,7,propietario de la vivienda y el terreno
12076,Noroeste,3,propietario de la vivienda solamente
12077,Noroeste,2,propietario de la vivienda y el terreno
12078,Gran Buenos Aires,3,propietario de la vivienda y el terreno
12079,Pampeana,2,propietario de la vivienda y el terreno
12080,Noreste,2,propietario de la vivienda y el terreno
12081,Noreste,1,propietario de la vivienda solamente
12082,Noreste,3,propietario de la vivienda y el terreno
12083,Noreste,6,propietario de la vivienda y el terreno
12084,Noreste,1,propietario de la vivienda y el terreno
12085,Pampeana,6,propietario de la vivienda y el terreno
12086,Pampeana,3,propietario de la vivienda y el terreno
12087,Pampeana,1,propietario de la vivienda y el terreno
12088,Pampeana,2,inquilino o arrendatario
12089,Pampeana,1,inquilino o arrendatario
12090,Pampeana,8,propietario de la vivienda y el terreno
12091,Pampeana,2,inquilino o arrendatario
12092,Pampeana,4,propietario de la vivienda y el terreno
12093,Pampeana,5,propietario de la vivienda y el terreno
12094,Pampeana,2,propietario de la vivienda y el terreno
12095,Pampeana,2,propietario de la vivienda solamente
12096,Noreste,6,propietario de la vivienda y el terreno
12097,Noreste,2,propietario de la vivienda y el terreno
12098,Noreste,1,"ocupante gratuito, con permiso"
12099,Noreste,1,propietario de la vivienda y el terreno
12100,Patagonia,5,propietario de la vivienda y el terreno
12101,Patagonia,2,propietario de la vivienda y el terreno
12102,Patagonia,4,propietario de la vivienda y el terreno
12103,Patagonia,1,inquilino o arrendatario
12104,Patagonia,1,propietario de la vivienda y el terreno
12105,Patagonia,1,inquilino o arrendatario
12106,Cuyo,2,propietario de la vivienda y el terreno
12107,Pampeana,3,propietario de la vivienda y el terreno
12108,Pampeana,3,propietario de la vivienda y el terreno
12109,Pampeana,1,"ocupante gratuito, con permiso"
12110,Pampeana,4,propietario de la vivienda y el terreno
12111,Pampeana,5,propietario de la vivienda y el terreno
12112,Pampeana,2,propietario de la vivienda y el terreno
12113,Pampeana,2,propietario de la vivienda y el terreno
12114,Pampeana,3,propietario de la vivienda y el terreno
12115,Pampeana,3,propietario de la vivienda solamente
12116,Pampeana,3,propietario de la vivienda y el terreno
12117,Pampeana,6,propietario de la vivienda y el terreno
12118,Pampeana,4,propietario de la vivienda y el terreno
12119,Patagonia,4,propietario de la vivienda y el terreno
12120,Patagonia,1,inquilino o arrendatario
12121,Patagonia,3,propietario de la vivienda y el terreno
12122,Patagonia,2,propietario de la vivienda y el terreno
12123,Patagonia,4,propietario de la vivienda y el terreno
12124,Patagonia,1,propietario de la vivienda y el terreno
12125,Patagonia,1,inquilino o arrendatario
12126,Patagonia,4,"ocupante gratuito, con permiso"
12127,Patagonia,2,propietario de la vivienda y el terreno
12128,Patagonia,1,propietario de la vivienda y el terreno
12129,Cuyo,1,propietario de la vivienda y el terreno
12130,Cuyo,4,propietario de la vivienda y el terreno
12131,Patagonia,1,propietario de la vivienda y el terreno
12132,Patagonia,2,propietario de la vivienda y el terreno
12133,Patagonia,2,inquilino o arrendatario
12134,Patagonia,2,inquilino o arrendatario
12135,Patagonia,1,propietario de la vivienda y el terreno
12136,Noroeste,7,propietario de la vivienda y el terreno
12137,Noroeste,3,propietario de la vivienda y el terreno
12138,Noroeste,1,propietario de la vivienda y el terreno
12139,Noroeste,1,inquilino o arrendatario
12140,Noroeste,3,"ocupante gratuito, con permiso"
12141,Cuyo,10,propietario de la vivienda y el terreno
12142,Cuyo,5,"ocupante gratuito, con permiso"
12143,Cuyo,5,"ocupante gratuito, con permiso"
12144,Cuyo,8,propietario de la vivienda y el terreno
12145,Cuyo,1,propietario de la vivienda y el terreno
12146,Cuyo,4,propietario de la vivienda y el terreno
12147,Cuyo,5,propietario de la vivienda y el terreno
12148,Cuyo,5,propietario de la vivienda y el terreno
12149,Cuyo,3,propietario de la vivienda y el terreno
12150,Cuyo,1,propietario de la vivienda y el terreno
12151,Cuyo,1,propietario de la vivienda y el terreno
12152,Pampeana,4,propietario de la vivienda y el terreno
12153,Noroeste,3,propietario de la vivienda y el terreno
12154,Patagonia,1,propietario de la vivienda y el terreno
12155,Patagonia,3,inquilino o arrendatario
12156,Patagonia,2,propietario de la vivienda y el terreno
12157,Patagonia,1,inquilino o arrendatario
12158,Patagonia,4,ocupante por pago de impuestos o expensas
12159,Patagonia,1,propietario de la vivienda solamente
12160,Cuyo,2,"ocupante gratuito, con permiso"
12161,Cuyo,2,"ocupante gratuito, con permiso"
12162,Cuyo,2,inquilino o arrendatario
12163,Patagonia,2,propietario de la vivienda y el terreno
12164,Noroeste,1,inquilino o arrendatario
12165,Noroeste,2,propietario de la vivienda y el terreno
12166,Noroeste,5,inquilino o arrendatario
12167,Noroeste,3,ocupante por pago de impuestos o expensas
12168,Noroeste,5,inquilino o arrendatario
12169,Noroeste,6,"ocupante gratuito, con permiso"
12170,Noroeste,5,propietario de la vivienda y el terreno
12171,Noroeste,2,propietario de la vivienda y el terreno
12172,Patagonia,1,propietario de la vivienda y el terreno
12173,Pampeana,3,propietario de la vivienda y el terreno
12174,Pampeana,4,propietario de la vivienda y el terreno
12175,Pampeana,4,propietario de la vivienda y el terreno
12176,Pampeana,3,inquilino o arrendatario
12177,Pampeana,1,propietario de la vivienda y el terreno
12178,Noreste,3,propietario de la vivienda solamente
12179,Noreste,2,inquilino o arrendatario
12180,Noreste,3,inquilino o arrendatario
12181,Noreste,3,propietario de la vivienda y el terreno
12182,Noreste,3,propietario de la vivienda y el terreno
12183,Pampeana,2,propietario de la vivienda y el terreno
12184,Pampeana,2,propietario de la vivienda y el terreno
12185,Pampeana,1,propietario de la vivienda y el terreno
12186,Pampeana,5,propietario de la vivienda y el terreno
12187,Pampeana,5,propietario de la vivienda y el terreno
12188,Noreste,3,propietario de la vivienda y el terreno
12189,Noreste,7,propietario de la vivienda y el terreno
12190,Noreste,5,propietario de la vivienda y el terreno
12191,Noreste,6,propietario de la vivienda y el terreno
12192,Noreste,4,propietario de la vivienda y el terreno
12193,Noreste,2,inquilino o arrendatario
12194,Noreste,2,propietario de la vivienda y el terreno
12195,Pampeana,1,"ocupante gratuito, con permiso"
12196,Pampeana,2,propietario de la vivienda y el terreno
12197,Pampeana,4,"ocupante gratuito, con permiso"
12198,Pampeana,1,propietario de la vivienda y el terreno
12199,Pampeana,2,inquilino o arrendatario
12200,Pampeana,3,propietario de la vivienda y el terreno
12201,Pampeana,3,propietario de la vivienda y el terreno
12202,Pampeana,1,en sucesión
12203,Cuyo,3,propietario de la vivienda y el terreno
12204,Patagonia,3,propietario de la vivienda y el terreno
12205,Gran Buenos Aires,1,propietario de la vivienda y el terreno
12206,Gran Buenos Aires,3,propietario de la vivienda y el terreno
12207,Gran Buenos Aires,5,propietario de la vivienda y el terreno
12208,Gran Buenos Aires,1,propietario de la vivienda y el terreno
12209,Gran Buenos Aires,5,propietario de la vivienda y el terreno
12210,Pampeana,2,propietario de la vivienda y el terreno
12211,Pampeana,3,inquilino o arrendatario
12212,Pampeana,4,propietario de la vivienda y el terreno
12213,Noroeste,2,propietario de la vivienda y el terreno
12214,Noroeste,4,propietario de la vivienda solamente
12215,Cuyo,2,propietario de la vivienda solamente
12216,Cuyo,1,inquilino o arrendatario
12217,Cuyo,2,inquilino o arrendatario
12218,Cuyo,5,propietario de la vivienda y el terreno
12219,Cuyo,4,"ocupante gratuito, con permiso"
12220,Cuyo,2,propietario de la vivienda y el terreno
12221,Gran Buenos Aires,4,propietario de la vivienda y el terreno
12222,Gran Buenos Aires,1,propietario de la vivienda y el terreno
12223,Gran Buenos Aires,4,"ocupante gratuito, con permiso"
12224,Gran Buenos Aires,2,propietario de la vivienda y el terreno
12225,Gran Buenos Aires,3,propietario de la vivienda solamente
12226,Noroeste,2,propietario de la vivienda y el terreno
12227,Noroeste,4,propietario de la vivienda y el terreno
12228,Noroeste,3,"ocupante gratuito, con permiso"
12229,Noroeste,6,propietario de la vivienda y el terreno
12230,Noroeste,3,propietario de la vivienda y el terreno
12231,Pampeana,2,propietario de la vivienda y el terreno
12232,Pampeana,1,propietario de la vivienda y el terreno
12233,Pampeana,4,propietario de la vivienda y el terreno
12234,Pampeana,3,en sucesión
12235,Pampeana,4,propietario de la vivienda y el terreno
12236,Pampeana,4,propietario de la vivienda solamente
12237,Pampeana,1,inquilino o arrendatario
12238,Pampeana,4,inquilino o arrendatario
12239,Gran Buenos Aires,2,inquilino o arrendatario
12240,Gran Buenos Aires,2,inquilino o arrendatario
12241,Pampeana,2,propietario de la vivienda y el terreno
12242,Gran Buenos Aires,4,inquilino o arrendatario
12243,Gran Buenos Aires,2,propietario de la vivienda y el terreno
12244,Gran Buenos Aires,1,inquilino o arrendatario
12245,Pampeana,2,inquilino o arrendatario
12246,Pampeana,3,inquilino o arrendatario
12247,Noroeste,1,propietario de la vivienda y el terreno
12248,Noroeste,5,propietario de la vivienda y el terreno
12249,Noroeste,5,propietario de la vivienda y el terreno
12250,Noroeste,3,"ocupante gratuito, con permiso"
12251,Noroeste,1,propietario de la vivienda y el terreno
12252,Noroeste,4,propietario de la vivienda y el terreno
12253,Pampeana,3,propietario de la vivienda y el terreno
12254,Pampeana,2,inquilino o arrendatario
12255,Pampeana,1,propietario de la vivienda y el terreno
12256,Pampeana,5,propietario de la vivienda y el terreno
12257,Noreste,5,propietario de la vivienda y el terreno
12258,Noreste,4,propietario de la vivienda y el terreno
12259,Noreste,3,propietario de la vivienda solamente
12260,Noreste,2,propietario de la vivienda y el terreno
12261,Gran Buenos Aires,5,propietario de la vivienda y el terreno
12262,Gran Buenos Aires,4,propietario de la vivienda y el terreno
12263,Pampeana,2,propietario de la vivienda y el terreno
12264,Pampeana,1,"ocupante gratuito, con permiso"
12265,Pampeana,2,propietario de la vivienda y el terreno
12266,Pampeana,1,inquilino o arrendatario
12267,Pampeana,1,inquilino o arrendatario
12268,Gran Buenos Aires,10,propietario de la vivienda y el terreno
12269,Gran Buenos Aires,1,propietario de la vivienda y el terreno
12270,Gran Buenos Aires,3,propietario de la vivienda y el terreno
12271,Gran Buenos Aires,1,propietario de la vivienda y el terreno
12272,Gran Buenos Aires,5,propietario de la vivienda y el terreno
12273,Cuyo,4,propietario de la vivienda y el terreno
12274,Noroeste,6,"ocupante gratuito, con permiso"
12275,Noroeste,5,propietario de la vivienda y el terreno
12276,Noroeste,5,propietario de la vivienda y el terreno
12277,Pampeana,2,propietario de la vivienda y el terreno
12278,Pampeana,2,propietario de la vivienda solamente
12279,Noroeste,1,propietario de la vivienda y el terreno
12280,Noroeste,2,propietario de la vivienda y el terreno
12281,Noroeste,1,propietario de la vivienda y el terreno
12282,Pampeana,2,propietario de la vivienda y el terreno
12283,Cuyo,6,propietario de la vivienda y el terreno
12284,Cuyo,1,propietario de la vivienda y el terreno
12285,Cuyo,4,propietario de la vivienda y el terreno
12286,Pampeana,3,propietario de la vivienda y el terreno
12287,Pampeana,4,propietario de la vivienda y el terreno
12288,Pampeana,3,propietario de la vivienda y el terreno
12289,Pampeana,4,propietario de la vivienda y el terreno
12290,Pampeana,5,propietario de la vivienda y el terreno
12291,Cuyo,5,propietario de la vivienda y el terreno
12292,Cuyo,3,propietario de la vivienda y el terreno
12293,Cuyo,2,inquilino o arrendatario
12294,Cuyo,5,propietario de la vivienda y el terreno
12295,Cuyo,4,propietario de la vivienda y el terreno
12296,Noroeste,5,propietario de la vivienda y el terreno
12297,Noroeste,1,propietario de la vivienda y el terreno
12298,Noroeste,4,ocupante por pago de impuestos o expensas
12299,Noroeste,6,propietario de la vivienda y el terreno
12300,Noroeste,2,propietario de la vivienda y el terreno
12301,Patagonia,3,propietario de la vivienda y el terreno
12302,Patagonia,2,propietario de la vivienda y el terreno
12303,Patagonia,3,inquilino o arrendatario
12304,Patagonia,4,propietario de la vivienda y el terreno
12305,Patagonia,6,inquilino o arrendatario
12306,Patagonia,1,propietario de la vivienda y el terreno
12307,Noroeste,3,propietario de la vivienda y el terreno
12308,Noroeste,4,propietario de la vivienda y el terreno
12309,Noroeste,2,propietario de la vivienda y el terreno
12310,Cuyo,6,inquilino o arrendatario
12311,Cuyo,2,propietario de la vivienda y el terreno
12312,Cuyo,1,propietario de la vivienda y el terreno
12313,Cuyo,2,propietario de la vivienda y el terreno
12314,Cuyo,4,"ocupante gratuito, con permiso"
12315,Cuyo,2,propietario de la vivienda y el terreno
12316,Cuyo,1,"ocupante gratuito, con permiso"
12317,Cuyo,3,propietario de la vivienda y el terreno
12318,Cuyo,3,propietario de la vivienda y el terreno
12319,Cuyo,4,propietario de la vivienda y el terreno
12320,Patagonia,2,ocupante por pago de impuestos o expensas
12321,Patagonia,2,propietario de la vivienda y el terreno
12322,Patagonia,1,propietario de la vivienda y el terreno
12323,Patagonia,2,propietario de la vivienda y el terreno
12324,Patagonia,4,propietario de la vivienda y el terreno
12325,Noroeste,6,propietario de la vivienda y el terreno
12326,Noroeste,4,propietario de la vivienda y el terreno
12327,Patagonia,1,"ocupante gratuito, con permiso"
12328,Patagonia,2,propietario de la vivienda solamente
12329,Patagonia,1,propietario de la vivienda y el terreno
12330,Noroeste,7,propietario de la vivienda y el terreno
12331,Noroeste,4,propietario de la vivienda y el terreno
12332,Noroeste,2,propietario de la vivienda y el terreno
12333,Noroeste,8,propietario de la vivienda y el terreno
12334,Noroeste,1,ocupante por pago de impuestos o expensas
12335,Cuyo,4,propietario de la vivienda y el terreno
12336,Cuyo,4,propietario de la vivienda y el terreno
12337,Cuyo,2,propietario de la vivienda y el terreno
12338,Cuyo,3,propietario de la vivienda y el terreno
12339,Cuyo,3,inquilino o arrendatario
12340,Cuyo,6,otra situación
12341,Cuyo,7,propietario de la vivienda y el terreno
12342,Cuyo,1,inquilino o arrendatario
12343,Cuyo,3,propietario de la vivienda y el terreno
12344,Cuyo,1,propietario de la vivienda y el terreno
12345,Cuyo,4,"ocupante gratuito, con permiso"
12346,Cuyo,1,propietario de la vivienda y el terreno
12347,Cuyo,2,propietario de la vivienda y el terreno
12348,Cuyo,1,inquilino o arrendatario
12349,Gran Buenos Aires,2,propietario de la vivienda solamente
12350,Gran Buenos Aires,2,propietario de la vivienda y el terreno
12351,Gran Buenos Aires,1,ocupante por pago de impuestos o expensas
12352,Gran Buenos Aires,3,propietario de la vivienda y el terreno
12353,Pampeana,2,propietario de la vivienda y el terreno
12354,Pampeana,2,propietario de la vivienda y el terreno
12355,Noroeste,4,propietario de la vivienda y el terreno
12356,Noroeste,3,propietario de la vivienda y el terreno
12357,Noroeste,3,propietario de la vivienda y el terreno
12358,Noreste,2,propietario de la vivienda y el terreno
12359,Noreste,3,propietario de la vivienda y el terreno
12360,Noreste,2,inquilino o arrendatario
12361,Noreste,9,propietario de la vivienda y el terreno
12362,Noreste,4,propietario de la vivienda y el terreno
12363,Noreste,1,propietario de la vivienda solamente
12364,Noreste,2,propietario de la vivienda y el terreno
12365,Pampeana,5,propietario de la vivienda y el terreno
12366,Pampeana,5,propietario de la vivienda y el terreno
12367,Gran Buenos Aires,1,propietario de la vivienda solamente
12368,Gran Buenos Aires,6,inquilino o arrendatario
12369,Gran Buenos Aires,3,propietario de la vivienda y el terreno
12370,Gran Buenos Aires,2,propietario de la vivienda y el terreno
12371,Gran Buenos Aires,2,propietario de la vivienda y el terreno
12372,Noreste,1,
12373,Noreste,1,propietario de la vivienda y el terreno
12374,Noreste,2,propietario de la vivienda y el terreno
12375,Noreste,6,propietario de la vivienda y el terreno
12376,Noreste,4,"ocupante gratuito, con permiso"
12377,Gran Buenos Aires,2,propietario de la vivienda y el terreno
12378,Gran Buenos Aires,4,propietario de la vivienda y el terreno
12379,Gran Buenos Aires,5,propietario de la vivienda y el terreno
12380,Cuyo,3,inquilino o arrendatario
12381,Cuyo,1,inquilino o arrendatario
12382,Cuyo,5,propietario de la vivienda y el terreno
12383,Cuyo,5,"ocupante gratuito, con permiso"
12384,Cuyo,1,propietario de la vivienda y el terreno
12385,Cuyo,4,propietario de la vivienda y el terreno
12386,Cuyo,9,propietario de la vivienda y el terreno
12387,Cuyo,4,"ocupante gratuito, con permiso"
12388,Cuyo,2,"ocupante gratuito, con permiso"
12389,Pampeana,1,en sucesión
12390,Pampeana,2,propietario de la vivienda y el terreno
12391,Pampeana,1,"ocupante gratuito, con permiso"
12392,Pampeana,4,propietario de la vivienda y el terreno
12393,Pampeana,4,"ocupante gratuito, con permiso"
12394,Noreste,3,propietario de la vivienda y el terreno
12395,Noreste,5,propietario de la vivienda y el terreno
12396,Noreste,2,propietario de la vivienda y el terreno
12397,Noreste,2,propietario de la vivienda y el terreno
12398,Noreste,5,propietario de la vivienda y el terreno
12399,Pampeana,2,propietario de la vivienda y el terreno
12400,Pampeana,4,inquilino o arrendatario
12401,Pampeana,4,propietario de la vivienda y el terreno
12402,Noroeste,2,propietario de la vivienda y el terreno
12403,Noroeste,4,"ocupante gratuito, con permiso"
12404,Noroeste,2,propietario de la vivienda y el terreno
12405,Noroeste,3,inquilino o arrendatario
12406,Noroeste,3,propietario de la vivienda y el terreno
12407,Noroeste,6,ocupante por pago de impuestos o expensas
12408,Noroeste,3,propietario de la vivienda solamente
12409,Pampeana,1,propietario de la vivienda y el terreno
12410,Pampeana,1,propietario de la vivienda y el terreno
12411,Pampeana,4,inquilino o arrendatario
12412,Pampeana,1,inquilino o arrendatario
12413,Noroeste,2,propietario de la vivienda y el terreno
12414,Noroeste,5,"ocupante gratuito, con permiso"
12415,Pampeana,4,propietario de la vivienda y el terreno
12416,Pampeana,3,propietario de la vivienda y el terreno
12417,Noreste,1,propietario de la vivienda y el terreno
12418,Noreste,6,propietario de la vivienda y el terreno
12419,Noreste,5,propietario de la vivienda solamente
12420,Noreste,1,"ocupante gratuito, con permiso"
12421,Patagonia,1,propietario de la vivienda y el terreno
12422,Cuyo,1,inquilino o arrendatario
12423,Cuyo,2,inquilino o arrendatario
12424,Pampeana,2,propietario de la vivienda y el terreno
12425,Pampeana,1,propietario de la vivienda y el terreno
12426,Pampeana,3,propietario de la vivienda y el terreno
12427,Pampeana,2,propietario de la vivienda y el terreno
12428,Pampeana,1,propietario de la vivienda y el terreno
12429,Pampeana,2,propietario de la vivienda y el terreno
12430,Pampeana,3,inquilino o arrendatario
12431,Pampeana,2,propietario de la vivienda y el terreno
12432,Pampeana,4,propietario de la vivienda y el terreno
12433,Pampeana,2,propietario de la vivienda y el terreno
12434,Gran Buenos Aires,2,propietario de la vivienda y el terreno
12435,Gran Buenos Aires,1,propietario de la vivienda solamente
12436,Gran Buenos Aires,2,propietario de la vivienda y el terreno
12437,Gran Buenos Aires,10,propietario de la vivienda y el terreno
12438,Gran Buenos Aires,3,ocupante por pago de impuestos o expensas
12439,Gran Buenos Aires,2,propietario de la vivienda y el terreno
12440,Gran Buenos Aires,1,propietario de la vivienda y el terreno
12441,Gran Buenos Aires,2,propietario de la vivienda y el terreno
12442,Gran Buenos Aires,2,inquilino o arrendatario
12443,Gran Buenos Aires,6,propietario de la vivienda y el terreno
12444,Gran Buenos Aires,1,propietario de la vivienda y el terreno
12445,Gran Buenos Aires,1,inquilino o arrendatario
12446,Noreste,2,propietario de la vivienda y el terreno
12447,Noreste,3,propietario de la vivienda y el terreno
12448,Noreste,1,propietario de la vivienda solamente
12449,Noreste,3,inquilino o arrendatario
12450,Noreste,3,propietario de la vivienda solamente
12451,Noreste,2,inquilino o arrendatario
12452,Patagonia,2,propietario de la vivienda y el terreno
12453,Patagonia,2,inquilino o arrendatario
12454,Pampeana,1,propietario de la vivienda solamente
12455,Pampeana,3,inquilino o arrendatario
12456,Cuyo,4,inquilino o arrendatario
12457,Patagonia,4,propietario de la vivienda y el terreno
12458,Patagonia,3,propietario de la vivienda solamente
12459,Patagonia,1,ocupante por pago de impuestos o expensas
12460,Patagonia,1,inquilino o arrendatario
12461,Patagonia,3,propietario de la vivienda y el terreno
12462,Noroeste,5,ocupante en relación de dependencia
12463,Noroeste,3,propietario de la vivienda solamente
12464,Noroeste,4,ocupante por pago de impuestos o expensas
12465,Noroeste,2,inquilino o arrendatario
12466,Noroeste,3,"ocupante gratuito, con permiso"
12467,Noroeste,4,propietario de la vivienda y el terreno
12468,Noreste,4,propietario de la vivienda solamente
12469,Noreste,3,propietario de la vivienda y el terreno
12470,Noreste,4,inquilino o arrendatario
12471,Pampeana,1,propietario de la vivienda y el terreno
12472,Pampeana,2,propietario de la vivienda y el terreno
12473,Pampeana,2,propietario de la vivienda y el terreno
12474,Pampeana,4,propietario de la vivienda y el terreno
12475,Pampeana,4,"ocupante gratuito, con permiso"
12476,Noroeste,3,propietario de la vivienda y el terreno
12477,Pampeana,2,propietario de la vivienda y el terreno
12478,Pampeana,1,"ocupante gratuito, con permiso"
12479,Pampeana,3,propietario de la vivienda y el terreno
12480,Pampeana,1,propietario de la vivienda y el terreno
12481,Gran Buenos Aires,4,propietario de la vivienda y el terreno
12482,Gran Buenos Aires,4,propietario de la vivienda y el terreno
12483,Gran Buenos Aires,5,propietario de la vivienda y el terreno
12484,Gran Buenos Aires,1,propietario de la vivienda solamente
12485,Gran Buenos Aires,3,inquilino o arrendatario
12486,Gran Buenos Aires,1,"ocupante gratuito, con permiso"
12487,Gran Buenos Aires,2,propietario de la vivienda solamente
12488,Gran Buenos Aires,2,propietario de la vivienda y el terreno
12489,Gran Buenos Aires,3,propietario de la vivienda y el terreno
12490,Pampeana,2,propietario de la vivienda y el terreno
12491,Pampeana,4,propietario de la vivienda y el terreno
12492,Pampeana,1,inquilino o arrendatario
12493,Pampeana,4,propietario de la vivienda y el terreno
12494,Pampeana,4,inquilino o arrendatario
12495,Pampeana,4,propietario de la vivienda y el terreno
12496,Cuyo,3,propietario de la vivienda y el terreno
12497,Cuyo,3,propietario de la vivienda y el terreno
12498,Cuyo,2,propietario de la vivienda y el terreno
12499,Cuyo,1,propietario de la vivienda y el terreno
12500,Cuyo,2,inquilino o arrendatario
12501,Patagonia,5,propietario de la vivienda y el terreno
12502,Noroeste,3,propietario de la vivienda y el terreno
12503,Noroeste,5,propietario de la vivienda y el terreno
12504,Noroeste,3,propietario de la vivienda y el terreno
12505,Noroeste,5,propietario de la vivienda y el terreno
12506,Patagonia,4,propietario de la vivienda y el terreno
12507,Patagonia,1,inquilino o arrendatario
12508,Noreste,4,inquilino o arrendatario
12509,Noreste,2,propietario de la vivienda y el terreno
12510,Noreste,6,propietario de la vivienda y el terreno
12511,Pampeana,6,propietario de la vivienda y el terreno
12512,Pampeana,6,propietario de la vivienda y el terreno
12513,Pampeana,1,propietario de la vivienda y el terreno
12514,Noroeste,2,inquilino o arrendatario
12515,Gran Buenos Aires,1,propietario de la vivienda y el terreno
12516,Gran Buenos Aires,4,propietario de la vivienda y el terreno
12517,Pampeana,1,inquilino o arrendatario
12518,Pampeana,2,propietario de la vivienda y el terreno
12519,Pampeana,5,propietario de la vivienda y el terreno
12520,Pampeana,5,inquilino o arrendatario
12521,Noroeste,2,inquilino o arrendatario
12522,Noroeste,6,propietario de la vivienda y el terreno
12523,Noroeste,7,propietario de la vivienda y el terreno
12524,Patagonia,3,propietario de la vivienda y el terreno
12525,Patagonia,1,inquilino o arrendatario
12526,Patagonia,4,propietario de la vivienda y el terreno
12527,Patagonia,5,ocupante por pago de impuestos o expensas
12528,Patagonia,4,inquilino o arrendatario
12529,Pampeana,1,propietario de la vivienda y el terreno
12530,Pampeana,3,"ocupante gratuito, con permiso"
12531,Pampeana,2,inquilino o arrendatario
12532,Pampeana,1,ocupante por pago de impuestos o expensas
12533,Pampeana,1,propietario de la vivienda y el terreno
12534,Patagonia,2,inquilino o arrendatario
12535,Patagonia,7,propietario de la vivienda y el terreno
12536,Patagonia,3,propietario de la vivienda y el terreno
12537,Patagonia,4,inquilino o arrendatario
12538,Patagonia,1,propietario de la vivienda y el terreno
12539,Pampeana,3,propietario de la vivienda y el terreno
12540,Gran Buenos Aires,1,propietario de la vivienda y el terreno
12541,Gran Buenos Aires,1,propietario de la vivienda y el terreno
12542,Gran Buenos Aires,1,inquilino o arrendatario
12543,Gran Buenos Aires,2,propietario de la vivienda y el terreno
12544,Gran Buenos Aires,4,propietario de la vivienda y el terreno
12545,Pampeana,2,inquilino o arrendatario
12546,Pampeana,3,inquilino o arrendatario
12547,Pampeana,2,"ocupante gratuito, con permiso"
12548,Pampeana,1,propietario de la vivienda y el terreno
12549,Pampeana,1,inquilino o arrendatario
12550,Gran Buenos Aires,3,propietario de la vivienda y el terreno
12551,Gran Buenos Aires,3,inquilino o arrendatario
12552,Gran Buenos Aires,3,propietario de la vivienda y el terreno
12553,Gran Buenos Aires,4,propietario de la vivienda y el terreno
12554,Gran Buenos Aires,4,propietario de la vivienda solamente
12555,Pampeana,4,propietario de la vivienda y el terreno
12556,Noreste,2,propietario de la vivienda y el terreno
12557,Noreste,2,propietario de la vivienda y el terreno
12558,Noreste,2,propietario de la vivienda y el terreno
12559,Noreste,1,propietario de la vivienda y el terreno
12560,Noreste,4,propietario de la vivienda y el terreno
12561,Noroeste,4,propietario de la vivienda y el terreno
12562,Noroeste,3,propietario de la vivienda y el terreno
12563,Cuyo,2,propietario de la vivienda y el terreno
12564,Cuyo,1,propietario de la vivienda y el terreno
12565,Cuyo,2,propietario de la vivienda solamente
12566,Pampeana,1,"ocupante gratuito, con permiso"
12567,Pampeana,1,propietario de la vivienda y el terreno
12568,Pampeana,1,propietario de la vivienda y el terreno
12569,Pampeana,1,inquilino o arrendatario
12570,Pampeana,3,inquilino o arrendatario
12571,Noreste,2,propietario de la vivienda y el terreno
12572,Noreste,1,"ocupante gratuito, con permiso"
12573,Noreste,4,propietario de la vivienda solamente
12574,Noreste,6,propietario de la vivienda y el terreno
12575,Noreste,4,propietario de la vivienda y el terreno
12576,Noroeste,2,propietario de la vivienda y el terreno
12577,Noroeste,5,propietario de la vivienda y el terreno
12578,Patagonia,3,propietario de la vivienda y el terreno
12579,Patagonia,1,"ocupante gratuito, con permiso"
12580,Patagonia,2,propietario de la vivienda y el terreno
12581,Patagonia,2,propietario de la vivienda y el terreno
12582,Patagonia,1,propietario de la vivienda y el terreno
12583,Patagonia,1,inquilino o arrendatario
12584,Pampeana,2,propietario de la vivienda y el terreno
12585,Pampeana,1,propietario de la vivienda y el terreno
12586,Pampeana,6,propietario de la vivienda y el terreno
12587,Pampeana,6,"ocupante gratuito, con permiso"
12588,Noreste,3,propietario de la vivienda y el terreno
12589,Noreste,3,propietario de la vivienda y el terreno
12590,Noreste,3,propietario de la vivienda y el terreno
12591,Noreste,1,propietario de la vivienda y el terreno
12592,Noreste,2,propietario de la vivienda y el terreno
12593,Noreste,1,propietario de la vivienda y el terreno
12594,Pampeana,4,propietario de la vivienda y el terreno
12595,Pampeana,2,propietario de la vivienda y el terreno
12596,Pampeana,1,propietario de la vivienda y el terreno
12597,Pampeana,1,inquilino o arrendatario
12598,Pampeana,1,propietario de la vivienda y el terreno
12599,Noroeste,6,propietario de la vivienda y el terreno
12600,Noroeste,5,propietario de la vivienda y el terreno
12601,Noroeste,5,propietario de la vivienda y el terreno
12602,Noroeste,4,propietario de la vivienda y el terreno
12603,Pampeana,1,inquilino o arrendatario
12604,Pampeana,3,propietario de la vivienda y el terreno
12605,Pampeana,1,propietario de la vivienda y el terreno
12606,Pampeana,2,propietario de la vivienda y el terreno
12607,Pampeana,2,propietario de la vivienda y el terreno
12608,Pampeana,1,propietario de la vivienda y el terreno
12609,Pampeana,3,propietario de la vivienda y el terreno
12610,Pampeana,4,en sucesión
12611,Pampeana,4,inquilino o arrendatario
12612,Pampeana,4,propietario de la vivienda y el terreno
12613,Cuyo,2,inquilino o arrendatario
12614,Cuyo,2,"ocupante gratuito, con permiso"
12615,Pampeana,1,propietario de la vivienda y el terreno
12616,Noroeste,4,propietario de la vivienda y el terreno
12617,Patagonia,1,inquilino o arrendatario
12618,Pampeana,2,propietario de la vivienda y el terreno
12619,Pampeana,1,propietario de la vivienda y el terreno
12620,Pampeana,4,propietario de la vivienda y el terreno
12621,Pampeana,2,propietario de la vivienda y el terreno
12622,Cuyo,4,propietario de la vivienda y el terreno
12623,Noreste,2,propietario de la vivienda y el terreno
12624,Pampeana,1,inquilino o arrendatario
12625,Noroeste,2,propietario de la vivienda solamente
12626,Noroeste,4,propietario de la vivienda y el terreno
12627,Noroeste,4,propietario de la vivienda y el terreno
12628,Pampeana,2,propietario de la vivienda y el terreno
12629,Pampeana,2,en sucesión
12630,Pampeana,4,propietario de la vivienda y el terreno
12631,Pampeana,1,propietario de la vivienda y el terreno
12632,Patagonia,3,propietario de la vivienda y el terreno
12633,Patagonia,1,inquilino o arrendatario
12634,Patagonia,2,propietario de la vivienda y el terreno
12635,Patagonia,1,inquilino o arrendatario
12636,Patagonia,2,propietario de la vivienda y el terreno
12637,Patagonia,2,inquilino o arrendatario
12638,Pampeana,4,propietario de la vivienda y el terreno
12639,Pampeana,2,propietario de la vivienda y el terreno
12640,Pampeana,1,propietario de la vivienda y el terreno
12641,Pampeana,3,propietario de la vivienda y el terreno
12642,Pampeana,2,propietario de la vivienda y el terreno
12643,Pampeana,3,propietario de la vivienda y el terreno
12644,Pampeana,2,inquilino o arrendatario
12645,Pampeana,3,propietario de la vivienda y el terreno
12646,Pampeana,2,propietario de la vivienda y el terreno
12647,Pampeana,5,propietario de la vivienda y el terreno
12648,Pampeana,4,propietario de la vivienda y el terreno
12649,Pampeana,4,propietario de la vivienda y el terreno
12650,Pampeana,1,inquilino o arrendatario
12651,Pampeana,2,propietario de la vivienda y el terreno
12652,Pampeana,4,propietario de la vivienda solamente
12653,Pampeana,3,"ocupante gratuito, con permiso"
12654,Pampeana,1,propietario de la vivienda y el terreno
12655,Pampeana,4,propietario de la vivienda y el terreno
12656,Pampeana,1,propietario de la vivienda y el terreno
12657,Pampeana,3,propietario de la vivienda y el terreno
12658,Pampeana,3,propietario de la vivienda y el terreno
12659,Pampeana,2,propietario de la vivienda y el terreno
12660,Pampeana,4,propietario de la vivienda y el terreno
12661,Patagonia,3,propietario de la vivienda y el terreno
12662,Patagonia,2,propietario de la vivienda y el terreno
12663,Gran Buenos Aires,4,propietario de la vivienda y el terreno
12664,Patagonia,5,ocupante por pago de impuestos o expensas
12665,Patagonia,3,ocupante por pago de impuestos o expensas
12666,Patagonia,1,propietario de la vivienda y el terreno
12667,Patagonia,3,inquilino o arrendatario
12668,Patagonia,4,propietario de la vivienda y el terreno
12669,Gran Buenos Aires,1,"ocupante gratuito, con permiso"
12670,Gran Buenos Aires,2,propietario de la vivienda y el terreno
12671,Gran Buenos Aires,3,propietario de la vivienda y el terreno
12672,Gran Buenos Aires,4,propietario de la vivienda y el terreno
12673,Gran Buenos Aires,1,"ocupante gratuito, con permiso"
12674,Noreste,1,propietario de la vivienda y el terreno
12675,Noreste,2,propietario de la vivienda y el terreno
12676,Noreste,2,propietario de la vivienda solamente
12677,Noreste,3,propietario de la vivienda y el terreno
12678,Noreste,3,propietario de la vivienda y el terreno
12679,Noreste,4,propietario de la vivienda y el terreno
12680,Noreste,1,propietario de la vivienda y el terreno
12681,Noreste,4,inquilino o arrendatario
12682,Noreste,4,propietario de la vivienda y el terreno
12683,Noreste,7,propietario de la vivienda y el terreno
12684,Pampeana,1,en sucesión
12685,Pampeana,4,propietario de la vivienda y el terreno
12686,Pampeana,2,inquilino o arrendatario
12687,Patagonia,8,propietario de la vivienda y el terreno
12688,Patagonia,5,propietario de la vivienda y el terreno
12689,Patagonia,8,propietario de la vivienda y el terreno
12690,Patagonia,3,propietario de la vivienda y el terreno
12691,Patagonia,3,propietario de la vivienda y el terreno
12692,Pampeana,2,propietario de la vivienda y el terreno
12693,Pampeana,2,propietario de la vivienda y el terreno
12694,Pampeana,4,inquilino o arrendatario
12695,Pampeana,4,propietario de la vivienda y el terreno
12696,Pampeana,3,inquilino o arrendatario
12697,Noreste,2,propietario de la vivienda y el terreno
12698,Noreste,4,propietario de la vivienda y el terreno
12699,Noreste,3,propietario de la vivienda y el terreno
12700,Noreste,2,propietario de la vivienda y el terreno
12701,Noreste,3,propietario de la vivienda y el terreno
12702,Noroeste,5,propietario de la vivienda y el terreno
12703,Noroeste,5,"ocupante gratuito, con permiso"
12704,Noroeste,3,inquilino o arrendatario
12705,Noroeste,2,propietario de la vivienda y el terreno
12706,Noroeste,1,propietario de la vivienda y el terreno
12707,Cuyo,4,propietario de la vivienda y el terreno
12708,Noroeste,3,inquilino o arrendatario
12709,Noroeste,4,"ocupante gratuito, con permiso"
12710,Noroeste,7,"ocupante gratuito, con permiso"
12711,Cuyo,1,propietario de la vivienda y el terreno
12712,Cuyo,5,inquilino o arrendatario
12713,Noroeste,3,propietario de la vivienda y el terreno
12714,Noroeste,1,propietario de la vivienda y el terreno
12715,Noroeste,2,inquilino o arrendatario
12716,Noroeste,9,propietario de la vivienda y el terreno
12717,Noroeste,3,propietario de la vivienda y el terreno
12718,Noroeste,4,propietario de la vivienda y el terreno
12719,Noroeste,4,propietario de la vivienda y el terreno
12720,Gran Buenos Aires,2,propietario de la vivienda y el terreno
12721,Gran Buenos Aires,2,propietario de la vivienda solamente
12722,Gran Buenos Aires,2,propietario de la vivienda y el terreno
12723,Noroeste,5,propietario de la vivienda y el terreno
12724,Noroeste,3,propietario de la vivienda y el terreno
12725,Noroeste,1,propietario de la vivienda y el terreno
12726,Noroeste,2,propietario de la vivienda y el terreno
12727,Pampeana,2,propietario de la vivienda y el terreno
12728,Gran Buenos Aires,1,propietario de la vivienda y el terreno
12729,Gran Buenos Aires,3,propietario de la vivienda y el terreno
12730,Gran Buenos Aires,1,"ocupante gratuito, con permiso"
12731,Noreste,3,"ocupante gratuito, con permiso"
12732,Noreste,5,inquilino o arrendatario
12733,Patagonia,6,propietario de la vivienda solamente
12734,Patagonia,3,propietario de la vivienda y el terreno
12735,Patagonia,2,propietario de la vivienda y el terreno
12736,Pampeana,3,propietario de la vivienda y el terreno
12737,Pampeana,3,propietario de la vivienda y el terreno
12738,Pampeana,3,propietario de la vivienda y el terreno
12739,Pampeana,1,propietario de la vivienda y el terreno
12740,Gran Buenos Aires,4,inquilino o arrendatario
12741,Gran Buenos Aires,2,propietario de la vivienda solamente
12742,Gran Buenos Aires,2,propietario de la vivienda solamente
12743,Gran Buenos Aires,5,propietario de la vivienda solamente
12744,Gran Buenos Aires,2,propietario de la vivienda solamente
12745,Gran Buenos Aires,2,inquilino o arrendatario
12746,Gran Buenos Aires,2,inquilino o arrendatario
12747,Noreste,2,propietario de la vivienda y el terreno
12748,Patagonia,1,propietario de la vivienda y el terreno
12749,Patagonia,2,propietario de la vivienda y el terreno
12750,Patagonia,1,propietario de la vivienda y el terreno
12751,Noroeste,2,propietario de la vivienda y el terreno
12752,Cuyo,4,propietario de la vivienda y el terreno
12753,Noroeste,6,propietario de la vivienda y el terreno
12754,Noroeste,2,propietario de la vivienda y el terreno
12755,Noroeste,3,propietario de la vivienda y el terreno
12756,Noroeste,4,propietario de la vivienda y el terreno
12757,Pampeana,4,inquilino o arrendatario
12758,Pampeana,2,propietario de la vivienda y el terreno
12759,Noroeste,3,propietario de la vivienda y el terreno
12760,Noroeste,4,ocupante por pago de impuestos o expensas
12761,Patagonia,2,propietario de la vivienda y el terreno
12762,Patagonia,3,propietario de la vivienda y el terreno
12763,Patagonia,1,propietario de la vivienda y el terreno
12764,Noroeste,4,propietario de la vivienda solamente
12765,Noroeste,2,"ocupante gratuito, con permiso"
12766,Noroeste,6,"ocupante gratuito, con permiso"
12767,Cuyo,3,propietario de la vivienda y el terreno
12768,Cuyo,3,ocupante por pago de impuestos o expensas
12769,Gran Buenos Aires,3,propietario de la vivienda solamente
12770,Gran Buenos Aires,5,propietario de la vivienda y el terreno
12771,Gran Buenos Aires,8,"ocupante gratuito, con permiso"
12772,Gran Buenos Aires,2,inquilino o arrendatario
12773,Gran Buenos Aires,3,propietario de la vivienda y el terreno
12774,Noreste,3,propietario de la vivienda y el terreno
12775,Noreste,4,propietario de la vivienda solamente
12776,Noreste,6,propietario de la vivienda y el terreno
12777,Noreste,4,propietario de la vivienda y el terreno
12778,Patagonia,3,propietario de la vivienda y el terreno
12779,Pampeana,2,propietario de la vivienda y el terreno
12780,Pampeana,2,propietario de la vivienda y el terreno
12781,Pampeana,1,propietario de la vivienda y el terreno
12782,Pampeana,1,"ocupante gratuito, con permiso"
12783,Noreste,1,"ocupante gratuito, con permiso"
12784,Noreste,4,inquilino o arrendatario
12785,Noreste,5,inquilino o arrendatario
12786,Noreste,4,propietario de la vivienda y el terreno
12787,Noreste,7,propietario de la vivienda y el terreno
12788,Noreste,1,"ocupante gratuito, con permiso"
12789,Noroeste,1,propietario de la vivienda y el terreno
12790,Noroeste,5,propietario de la vivienda y el terreno
12791,Noroeste,4,propietario de la vivienda y el terreno
12792,Noroeste,4,inquilino o arrendatario
12793,Noroeste,2,propietario de la vivienda y el terreno
12794,Cuyo,1,propietario de la vivienda y el terreno
12795,Pampeana,5,propietario de la vivienda y el terreno
12796,Pampeana,4,propietario de la vivienda y el terreno
12797,Noreste,2,propietario de la vivienda y el terreno
12798,Noreste,2,propietario de la vivienda y el terreno
12799,Patagonia,1,inquilino o arrendatario
12800,Patagonia,1,inquilino o arrendatario
12801,Patagonia,5,inquilino o arrendatario
12802,Patagonia,3,propietario de la vivienda y el terreno
12803,Patagonia,4,propietario de la vivienda y el terreno
12804,Patagonia,4,propietario de la vivienda y el terreno
12805,Patagonia,3,propietario de la vivienda solamente
12806,Patagonia,1,propietario de la vivienda y el terreno
12807,Patagonia,3,inquilino o arrendatario
12808,Gran Buenos Aires,2,propietario de la vivienda y el terreno
12809,Pampeana,1,propietario de la vivienda y el terreno
12810,Pampeana,2,propietario de la vivienda y el terreno
12811,Pampeana,4,inquilino o arrendatario
12812,Noreste,1,propietario de la vivienda y el terreno
12813,Noreste,7,propietario de la vivienda y el terreno
12814,Gran Buenos Aires,1,propietario de la vivienda y el terreno
12815,Gran Buenos Aires,1,propietario de la vivienda y el terreno
12816,Gran Buenos Aires,4,"ocupante gratuito, con permiso"
12817,Pampeana,2,propietario de la vivienda y el terreno
12818,Pampeana,3,propietario de la vivienda y el terreno
12819,Pampeana,1,propietario de la vivienda y el terreno
12820,Pampeana,2,inquilino o arrendatario
12821,Pampeana,2,inquilino o arrendatario
12822,Noroeste,1,en sucesión
12823,Noroeste,4,propietario de la vivienda y el terreno
12824,Noroeste,4,propietario de la vivienda y el terreno
12825,Noroeste,3,propietario de la vivienda y el terreno
12826,Noroeste,10,propietario de la vivienda y el terreno
12827,Noreste,5,otra situación
12828,Noreste,3,propietario de la vivienda y el terreno
12829,Noreste,2,propietario de la vivienda solamente
12830,Noreste,3,propietario de la vivienda y el terreno
12831,Noreste,2,propietario de la vivienda y el terreno
12832,Noreste,2,propietario de la vivienda y el terreno
12833,Noreste,3,"ocupante gratuito, con permiso"
12834,Noreste,5,propietario de la vivienda solamente
12835,Noreste,6,propietario de la vivienda y el terreno
12836,Noreste,2,inquilino o arrendatario
12837,Pampeana,4,propietario de la vivienda y el terreno
12838,Pampeana,2,propietario de la vivienda y el terreno
12839,Pampeana,2,propietario de la vivienda y el terreno
12840,Pampeana,2,propietario de la vivienda y el terreno
12841,Pampeana,2,inquilino o arrendatario
12842,Pampeana,2,propietario de la vivienda y el terreno
12843,Pampeana,3,propietario de la vivienda y el terreno
12844,Pampeana,1,propietario de la vivienda y el terreno
12845,Pampeana,2,propietario de la vivienda y el terreno
12846,Noroeste,8,propietario de la vivienda y el terreno
12847,Cuyo,1,propietario de la vivienda y el terreno
12848,Patagonia,4,propietario de la vivienda y el terreno
12849,Patagonia,1,"ocupante gratuito, con permiso"
12850,Noreste,2,inquilino o arrendatario
12851,Patagonia,5,propietario de la vivienda y el terreno
12852,Pampeana,2,inquilino o arrendatario
12853,Gran Buenos Aires,4,inquilino o arrendatario
12854,Gran Buenos Aires,2,propietario de la vivienda y el terreno
12855,Gran Buenos Aires,4,inquilino o arrendatario
12856,Gran Buenos Aires,2,propietario de la vivienda solamente
12857,Gran Buenos Aires,2,propietario de la vivienda solamente
12858,Pampeana,4,inquilino o arrendatario
12859,Pampeana,1,inquilino o arrendatario
12860,Pampeana,3,propietario de la vivienda y el terreno
12861,Noroeste,2,inquilino o arrendatario
12862,Noroeste,5,inquilino o arrendatario
12863,Noroeste,3,propietario de la vivienda y el terreno
12864,Cuyo,6,"ocupante gratuito, con permiso"
12865,Cuyo,5,propietario de la vivienda y el terreno
12866,Cuyo,1,propietario de la vivienda y el terreno
12867,Cuyo,3,propietario de la vivienda solamente
12868,Cuyo,4,propietario de la vivienda y el terreno
12869,Patagonia,3,propietario de la vivienda solamente
12870,Patagonia,1,"ocupante gratuito, con permiso"
12871,Patagonia,2,en sucesión
12872,Patagonia,7,"ocupante gratuito, con permiso"
12873,Patagonia,4,propietario de la vivienda y el terreno
12874,Patagonia,1,inquilino o arrendatario
12875,Patagonia,3,propietario de la vivienda y el terreno
12876,Patagonia,2,propietario de la vivienda y el terreno
12877,Patagonia,4,inquilino o arrendatario
12878,Patagonia,4,propietario de la vivienda y el terreno
12879,Pampeana,5,propietario de la vivienda y el terreno
12880,Pampeana,3,"ocupante gratuito, con permiso"
12881,Pampeana,5,propietario de la vivienda solamente
12882,Pampeana,1,propietario de la vivienda y el terreno
12883,Noroeste,1,inquilino o arrendatario
12884,Noroeste,1,propietario de la vivienda y el terreno
12885,Noroeste,4,propietario de la vivienda y el terreno
12886,Noroeste,2,inquilino o arrendatario
12887,Pampeana,3,propietario de la vivienda y el terreno
12888,Noroeste,3,propietario de la vivienda y el terreno
12889,Pampeana,3,inquilino o arrendatario
12890,Pampeana,2,propietario de la vivienda y el terreno
12891,Noroeste,4,propietario de la vivienda y el terreno
12892,Cuyo,2,propietario de la vivienda y el terreno
12893,Cuyo,3,propietario de la vivienda y el terreno
12894,Cuyo,3,inquilino o arrendatario
12895,Cuyo,5,propietario de la vivienda solamente
12896,Cuyo,1,propietario de la vivienda y el terreno
12897,Patagonia,1,propietario de la vivienda y el terreno
12898,Patagonia,5,propietario de la vivienda y el terreno
12899,Patagonia,2,inquilino o arrendatario
12900,Patagonia,1,inquilino o arrendatario
12901,Gran Buenos Aires,4,propietario de la vivienda y el terreno
12902,Gran Buenos Aires,7,propietario de la vivienda solamente
12903,Gran Buenos Aires,2,inquilino o arrendatario
12904,Gran Buenos Aires,6,inquilino o arrendatario
12905,Pampeana,3,propietario de la vivienda y el terreno
12906,Patagonia,4,propietario de la vivienda y el terreno
12907,Patagonia,4,inquilino o arrendatario
12908,Patagonia,4,propietario de la vivienda y el terreno
12909,Patagonia,1,propietario de la vivienda y el terreno
12910,Patagonia,2,propietario de la vivienda y el terreno
12911,Gran Buenos Aires,1,propietario de la vivienda solamente
12912,Gran Buenos Aires,4,propietario de la vivienda y el terreno
12913,Pampeana,5,propietario de la vivienda y el terreno
12914,Pampeana,3,inquilino o arrendatario
12915,Pampeana,2,propietario de la vivienda y el terreno
12916,Gran Buenos Aires,2,propietario de la vivienda y el terreno
12917,Gran Buenos Aires,7,propietario de la vivienda y el terreno
12918,Noroeste,2,propietario de la vivienda y el terreno
12919,Pampeana,4,propietario de la vivienda y el terreno
12920,Gran Buenos Aires,5,"ocupante gratuito, con permiso"
12921,Gran Buenos Aires,5,propietario de la vivienda y el terreno
12922,Gran Buenos Aires,5,propietario de la vivienda solamente
12923,Gran Buenos Aires,3,propietario de la vivienda y el terreno
12924,Pampeana,1,inquilino o arrendatario
12925,Pampeana,4,propietario de la vivienda y el terreno
12926,Pampeana,1,"ocupante gratuito, con permiso"
12927,Pampeana,2,propietario de la vivienda y el terreno
12928,Patagonia,1,propietario de la vivienda y el terreno
12929,Patagonia,1,inquilino o arrendatario
12930,Noroeste,2,propietario de la vivienda y el terreno
12931,Noroeste,1,propietario de la vivienda y el terreno
12932,Noroeste,2,propietario de la vivienda y el terreno
12933,Noroeste,2,propietario de la vivienda y el terreno
12934,Gran Buenos Aires,1,propietario de la vivienda solamente
12935,Pampeana,1,propietario de la vivienda y el terreno
12936,Patagonia,1,inquilino o arrendatario
12937,Noroeste,2,propietario de la vivienda solamente
12938,Patagonia,4,inquilino o arrendatario
12939,Patagonia,2,propietario de la vivienda y el terreno
12940,Noroeste,4,propietario de la vivienda y el terreno
12941,Noroeste,3,propietario de la vivienda y el terreno
12942,Noroeste,3,propietario de la vivienda y el terreno
12943,Noroeste,2,"ocupante gratuito, con permiso"
12944,Noroeste,1,inquilino o arrendatario
12945,Pampeana,1,propietario de la vivienda y el terreno
12946,Pampeana,2,inquilino o arrendatario
12947,Pampeana,1,inquilino o arrendatario
12948,Pampeana,4,propietario de la vivienda y el terreno
12949,Pampeana,1,inquilino o arrendatario
12950,Pampeana,3,inquilino o arrendatario
12951,Pampeana,1,propietario de la vivienda y el terreno
12952,Pampeana,2,propietario de la vivienda y el terreno
12953,Pampeana,5,propietario de la vivienda y el terreno
12954,Pampeana,2,propietario de la vivienda y el terreno
12955,Noroeste,4,inquilino o arrendatario
12956,Noroeste,6,propietario de la vivienda y el terreno
12957,Noroeste,4,propietario de la vivienda y el terreno
12958,Noroeste,7,propietario de la vivienda y el terreno
12959,Noroeste,1,propietario de la vivienda y el terreno
12960,Pampeana,2,inquilino o arrendatario
12961,Patagonia,2,propietario de la vivienda y el terreno
12962,Patagonia,3,propietario de la vivienda y el terreno
12963,Patagonia,4,inquilino o arrendatario
12964,Noroeste,2,propietario de la vivienda y el terreno
12965,Noroeste,1,propietario de la vivienda y el terreno
12966,Noroeste,6,propietario de la vivienda y el terreno
12967,Pampeana,3,"ocupante gratuito, con permiso"
12968,Pampeana,1,inquilino o arrendatario
12969,Pampeana,1,propietario de la vivienda y el terreno
12970,Pampeana,1,propietario de la vivienda y el terreno
12971,Pampeana,2,propietario de la vivienda y el terreno
12972,Pampeana,1,propietario de la vivienda y el terreno
12973,Pampeana,3,propietario de la vivienda solamente
12974,Pampeana,1,propietario de la vivienda y el terreno
12975,Pampeana,4,propietario de la vivienda y el terreno
12976,Pampeana,1,propietario de la vivienda y el terreno
12977,Pampeana,2,propietario de la vivienda y el terreno
12978,Pampeana,3,"ocupante gratuito, con permiso"
12979,Noreste,2,propietario de la vivienda solamente
12980,Noreste,4,propietario de la vivienda solamente
12981,Noreste,4,propietario de la vivienda solamente
12982,Pampeana,2,propietario de la vivienda y el terreno
12983,Pampeana,2,propietario de la vivienda y el terreno
12984,Pampeana,2,propietario de la vivienda y el terreno
12985,Pampeana,5,propietario de la vivienda y el terreno
12986,Noreste,4,propietario de la vivienda y el terreno
12987,Noreste,4,propietario de la vivienda y el terreno
12988,Noreste,6,"ocupante gratuito, con permiso"
12989,Noreste,1,propietario de la vivienda solamente
12990,Noreste,6,propietario de la vivienda y el terreno
12991,Noreste,3,propietario de la vivienda y el terreno
12992,Patagonia,1,propietario de la vivienda y el terreno
12993,Patagonia,1,propietario de la vivienda y el terreno
12994,Patagonia,1,propietario de la vivienda y el terreno
12995,Patagonia,1,propietario de la vivienda y el terreno
12996,Noroeste,2,propietario de la vivienda y el terreno
12997,Cuyo,1,inquilino o arrendatario
12998,Cuyo,6,propietario de la vivienda y el terreno
12999,Cuyo,1,en sucesión
13000,Cuyo,3,propietario de la vivienda y el terreno
13001,Cuyo,3,propietario de la vivienda y el terreno
13002,Cuyo,3,ocupante en relación de dependencia
13003,Cuyo,2,inquilino o arrendatario
13004,Gran Buenos Aires,2,propietario de la vivienda y el terreno
13005,Gran Buenos Aires,2,propietario de la vivienda y el terreno
13006,Gran Buenos Aires,2,propietario de la vivienda y el terreno
13007,Gran Buenos Aires,2,propietario de la vivienda solamente
13008,Gran Buenos Aires,4,propietario de la vivienda y el terreno
13009,Gran Buenos Aires,3,propietario de la vivienda y el terreno
13010,Gran Buenos Aires,1,propietario de la vivienda y el terreno
13011,Gran Buenos Aires,2,propietario de la vivienda y el terreno
13012,Gran Buenos Aires,2,propietario de la vivienda y el terreno
13013,Noroeste,3,propietario de la vivienda solamente
13014,Noroeste,5,en sucesión
13015,Noroeste,2,propietario de la vivienda solamente
13016,Noroeste,2,ocupante por pago de impuestos o expensas
13017,Gran Buenos Aires,1,propietario de la vivienda y el terreno
13018,Gran Buenos Aires,1,propietario de la vivienda y el terreno
13019,Noroeste,2,propietario de la vivienda y el terreno
13020,Noroeste,3,propietario de la vivienda y el terreno
13021,Noroeste,2,"ocupante gratuito, con permiso"
13022,Gran Buenos Aires,6,"ocupante gratuito, con permiso"
13023,Gran Buenos Aires,3,propietario de la vivienda y el terreno
13024,Gran Buenos Aires,5,propietario de la vivienda y el terreno
13025,Gran Buenos Aires,3,"ocupante gratuito, con permiso"
13026,Patagonia,4,propietario de la vivienda y el terreno
13027,Patagonia,5,propietario de la vivienda y el terreno
13028,Patagonia,2,propietario de la vivienda y el terreno
13029,Patagonia,2,propietario de la vivienda y el terreno
13030,Patagonia,2,inquilino o arrendatario
13031,Pampeana,4,propietario de la vivienda y el terreno
13032,Noreste,3,propietario de la vivienda y el terreno
13033,Noreste,3,propietario de la vivienda y el terreno
13034,Noreste,1,inquilino o arrendatario
13035,Noreste,1,propietario de la vivienda y el terreno
13036,Noreste,2,inquilino o arrendatario
13037,Noreste,2,inquilino o arrendatario
13038,Noreste,4,propietario de la vivienda solamente
13039,Noreste,2,inquilino o arrendatario
13040,Noreste,5,propietario de la vivienda y el terreno
13041,Noreste,4,propietario de la vivienda y el terreno
13042,Pampeana,3,propietario de la vivienda y el terreno
13043,Pampeana,2,propietario de la vivienda y el terreno
13044,Pampeana,5,propietario de la vivienda y el terreno
13045,Pampeana,3,propietario de la vivienda y el terreno
13046,Pampeana,3,inquilino o arrendatario
13047,Pampeana,1,inquilino o arrendatario
13048,Pampeana,3,propietario de la vivienda y el terreno
13049,Pampeana,2,propietario de la vivienda y el terreno
13050,Noroeste,1,en sucesión
13051,Noroeste,3,propietario de la vivienda y el terreno
13052,Gran Buenos Aires,1,inquilino o arrendatario
13053,Gran Buenos Aires,2,propietario de la vivienda y el terreno
13054,Pampeana,3,propietario de la vivienda y el terreno
13055,Pampeana,1,inquilino o arrendatario
13056,Pampeana,2,inquilino o arrendatario
13057,Pampeana,1,propietario de la vivienda y el terreno
13058,Pampeana,2,propietario de la vivienda y el terreno
13059,Pampeana,4,propietario de la vivienda y el terreno
13060,Pampeana,3,inquilino o arrendatario
13061,Pampeana,1,inquilino o arrendatario
13062,Pampeana,2,inquilino o arrendatario
13063,Pampeana,1,propietario de la vivienda y el terreno
13064,Patagonia,4,propietario de la vivienda y el terreno
13065,Patagonia,2,"ocupante gratuito, con permiso"
13066,Patagonia,4,propietario de la vivienda y el terreno
13067,Patagonia,1,propietario de la vivienda y el terreno
13068,Patagonia,3,propietario de la vivienda y el terreno
13069,Patagonia,1,inquilino o arrendatario
13070,Cuyo,3,propietario de la vivienda y el terreno
13071,Cuyo,1,inquilino o arrendatario
13072,Cuyo,1,inquilino o arrendatario
13073,Cuyo,3,propietario de la vivienda y el terreno
13074,Noreste,1,propietario de la vivienda y el terreno
13075,Noreste,1,propietario de la vivienda y el terreno
13076,Noreste,1,propietario de la vivienda y el terreno
13077,Noreste,3,propietario de la vivienda y el terreno
13078,Noreste,2,propietario de la vivienda y el terreno
13079,Patagonia,4,propietario de la vivienda y el terreno
13080,Patagonia,3,propietario de la vivienda y el terreno
13081,Patagonia,2,propietario de la vivienda y el terreno
13082,Patagonia,1,inquilino o arrendatario
13083,Patagonia,1,propietario de la vivienda y el terreno
13084,Noroeste,2,propietario de la vivienda y el terreno
13085,Noroeste,4,propietario de la vivienda y el terreno
13086,Noroeste,6,propietario de la vivienda y el terreno
13087,Noroeste,3,propietario de la vivienda y el terreno
13088,Noroeste,1,propietario de la vivienda y el terreno
13089,Noroeste,1,ocupante por pago de impuestos o expensas
13090,Pampeana,2,propietario de la vivienda y el terreno
13091,Pampeana,4,inquilino o arrendatario
13092,Gran Buenos Aires,4,propietario de la vivienda y el terreno
13093,Pampeana,2,inquilino o arrendatario
13094,Pampeana,2,inquilino o arrendatario
13095,Pampeana,2,propietario de la vivienda y el terreno
13096,Pampeana,2,inquilino o arrendatario
13097,Pampeana,1,inquilino o arrendatario
13098,Pampeana,1,inquilino o arrendatario
13099,Noroeste,2,propietario de la vivienda y el terreno
13100,Noroeste,1,propietario de la vivienda y el terreno
13101,Noroeste,3,propietario de la vivienda y el terreno
13102,Noroeste,4,propietario de la vivienda y el terreno
13103,Noroeste,4,propietario de la vivienda y el terreno
13104,Gran Buenos Aires,5,propietario de la vivienda y el terreno
13105,Gran Buenos Aires,1,propietario de la vivienda y el terreno
13106,Gran Buenos Aires,4,propietario de la vivienda y el terreno
13107,Gran Buenos Aires,5,propietario de la vivienda y el terreno
13108,Gran Buenos Aires,3,inquilino o arrendatario
13109,Gran Buenos Aires,4,propietario de la vivienda y el terreno
13110,Gran Buenos Aires,1,propietario de la vivienda y el terreno
13111,Gran Buenos Aires,5,inquilino o arrendatario
13112,Gran Buenos Aires,4,en sucesión
13113,Patagonia,4,propietario de la vivienda solamente
13114,Pampeana,1,propietario de la vivienda y el terreno
13115,Patagonia,1,inquilino o arrendatario
13116,Patagonia,2,inquilino o arrendatario
13117,Gran Buenos Aires,3,propietario de la vivienda y el terreno
13118,Gran Buenos Aires,2,propietario de la vivienda y el terreno
13119,Gran Buenos Aires,2,propietario de la vivienda y el terreno
13120,Gran Buenos Aires,6,propietario de la vivienda y el terreno
13121,Gran Buenos Aires,3,propietario de la vivienda y el terreno
13122,Pampeana,4,propietario de la vivienda y el terreno
13123,Pampeana,1,propietario de la vivienda solamente
13124,Pampeana,1,inquilino o arrendatario
13125,Pampeana,1,inquilino o arrendatario
13126,Pampeana,4,propietario de la vivienda y el terreno
13127,Gran Buenos Aires,2,propietario de la vivienda y el terreno
13128,Gran Buenos Aires,7,propietario de la vivienda y el terreno
13129,Gran Buenos Aires,5,propietario de la vivienda solamente
13130,Gran Buenos Aires,4,inquilino o arrendatario
13131,Gran Buenos Aires,2,inquilino o arrendatario
13132,Noroeste,2,"ocupante gratuito, con permiso"
13133,Noroeste,5,propietario de la vivienda y el terreno
13134,Noroeste,4,propietario de la vivienda y el terreno
13135,Noroeste,3,"ocupante gratuito, con permiso"
13136,Pampeana,2,propietario de la vivienda y el terreno
13137,Pampeana,3,propietario de la vivienda y el terreno
13138,Noroeste,2,inquilino o arrendatario
13139,Noroeste,7,propietario de la vivienda y el terreno
13140,Noroeste,4,propietario de la vivienda y el terreno
13141,Noroeste,2,inquilino o arrendatario
13142,Pampeana,4,propietario de la vivienda solamente
13143,Pampeana,5,"ocupante gratuito, con permiso"
13144,Pampeana,5,propietario de la vivienda y el terreno
13145,Pampeana,4,propietario de la vivienda y el terreno
13146,Cuyo,4,propietario de la vivienda y el terreno
13147,Cuyo,6,propietario de la vivienda y el terreno
13148,Cuyo,4,propietario de la vivienda y el terreno
13149,Cuyo,5,propietario de la vivienda y el terreno
13150,Cuyo,4,propietario de la vivienda y el terreno
13151,Noroeste,1,propietario de la vivienda y el terreno
13152,Noroeste,3,propietario de la vivienda y el terreno
13153,Noroeste,1,inquilino o arrendatario
13154,Noroeste,5,inquilino o arrendatario
13155,Noroeste,2,propietario de la vivienda y el terreno
13156,Noreste,1,propietario de la vivienda y el terreno
13157,Noreste,3,propietario de la vivienda y el terreno
13158,Pampeana,2,propietario de la vivienda y el terreno
13159,Pampeana,2,inquilino o arrendatario
13160,Pampeana,6,propietario de la vivienda y el terreno
13161,Pampeana,3,inquilino o arrendatario
13162,Pampeana,1,propietario de la vivienda solamente
13163,Pampeana,3,en sucesión
13164,Patagonia,2,propietario de la vivienda y el terreno
13165,Patagonia,2,propietario de la vivienda y el terreno
13166,Patagonia,2,inquilino o arrendatario
13167,Patagonia,2,propietario de la vivienda y el terreno
13168,Patagonia,6,propietario de la vivienda y el terreno
13169,Cuyo,1,propietario de la vivienda y el terreno
13170,Cuyo,1,propietario de la vivienda y el terreno
13171,Cuyo,2,propietario de la vivienda y el terreno
13172,Cuyo,4,"ocupante gratuito, con permiso"
13173,Cuyo,2,propietario de la vivienda solamente
13174,Noroeste,1,ocupante por pago de impuestos o expensas
13175,Noroeste,1,inquilino o arrendatario
13176,Noroeste,3,propietario de la vivienda y el terreno
13177,Noroeste,1,inquilino o arrendatario
13178,Patagonia,3,propietario de la vivienda y el terreno
13179,Noroeste,2,ocupante por pago de impuestos o expensas
13180,Gran Buenos Aires,5,propietario de la vivienda solamente
13181,Gran Buenos Aires,2,propietario de la vivienda y el terreno
13182,Patagonia,3,propietario de la vivienda y el terreno
13183,Patagonia,1,propietario de la vivienda y el terreno
13184,Patagonia,3,propietario de la vivienda y el terreno
13185,Patagonia,2,propietario de la vivienda y el terreno
13186,Patagonia,2,inquilino o arrendatario
13187,Gran Buenos Aires,3,propietario de la vivienda y el terreno
13188,Noroeste,5,propietario de la vivienda y el terreno
13189,Noroeste,6,propietario de la vivienda y el terreno
13190,Noroeste,2,propietario de la vivienda y el terreno
13191,Noroeste,6,propietario de la vivienda y el terreno
13192,Gran Buenos Aires,2,propietario de la vivienda y el terreno
13193,Gran Buenos Aires,6,propietario de la vivienda y el terreno
13194,Gran Buenos Aires,2,propietario de la vivienda y el terreno
13195,Gran Buenos Aires,3,propietario de la vivienda y el terreno
13196,Patagonia,3,inquilino o arrendatario
13197,Noroeste,3,"ocupante gratuito, con permiso"
13198,Noroeste,3,propietario de la vivienda solamente
13199,Noroeste,9,propietario de la vivienda y el terreno
13200,Noroeste,3,propietario de la vivienda y el terreno
13201,Cuyo,3,propietario de la vivienda y el terreno
13202,Noroeste,3,propietario de la vivienda y el terreno
13203,Noroeste,1,propietario de la vivienda y el terreno
13204,Pampeana,3,propietario de la vivienda y el terreno
13205,Pampeana,4,propietario de la vivienda y el terreno
13206,Pampeana,2,inquilino o arrendatario
13207,Pampeana,3,propietario de la vivienda y el terreno
13208,Pampeana,1,propietario de la vivienda y el terreno
13209,Pampeana,3,propietario de la vivienda y el terreno
13210,Pampeana,3,propietario de la vivienda y el terreno
13211,Pampeana,4,propietario de la vivienda y el terreno
13212,Pampeana,3,propietario de la vivienda y el terreno
13213,Pampeana,3,en sucesión
13214,Pampeana,2,inquilino o arrendatario
13215,Noreste,4,propietario de la vivienda y el terreno
13216,Noreste,2,propietario de la vivienda y el terreno
13217,Noreste,5,propietario de la vivienda y el terreno
13218,Gran Buenos Aires,7,propietario de la vivienda y el terreno
13219,Gran Buenos Aires,4,propietario de la vivienda solamente
13220,Gran Buenos Aires,2,propietario de la vivienda y el terreno
13221,Gran Buenos Aires,4,"ocupante gratuito, con permiso"
13222,Gran Buenos Aires,1,"ocupante gratuito, con permiso"
13223,Pampeana,3,propietario de la vivienda y el terreno
13224,Noroeste,3,propietario de la vivienda y el terreno
13225,Cuyo,2,propietario de la vivienda y el terreno
13226,Cuyo,2,propietario de la vivienda y el terreno
13227,Pampeana,5,"ocupante gratuito, con permiso"
13228,Noroeste,1,"ocupante gratuito, con permiso"
13229,Noroeste,4,propietario de la vivienda y el terreno
13230,Noroeste,3,propietario de la vivienda y el terreno
13231,Noroeste,6,propietario de la vivienda y el terreno
13232,Patagonia,1,inquilino o arrendatario
13233,Pampeana,1,propietario de la vivienda y el terreno
13234,Pampeana,2,propietario de la vivienda y el terreno
13235,Pampeana,1,"ocupante gratuito, con permiso"
13236,Pampeana,2,propietario de la vivienda y el terreno
13237,Pampeana,5,propietario de la vivienda y el terreno
13238,Pampeana,4,propietario de la vivienda y el terreno
13239,Pampeana,4,propietario de la vivienda y el terreno
13240,Pampeana,4,propietario de la vivienda y el terreno
13241,Pampeana,6,propietario de la vivienda solamente
13242,Pampeana,1,propietario de la vivienda y el terreno
13243,Pampeana,3,propietario de la vivienda y el terreno
13244,Pampeana,5,propietario de la vivienda y el terreno
13245,Pampeana,6,propietario de la vivienda y el terreno
13246,Pampeana,2,"ocupante gratuito, con permiso"
13247,Pampeana,2,ocupante por pago de impuestos o expensas
13248,Pampeana,6,propietario de la vivienda y el terreno
13249,Pampeana,5,propietario de la vivienda y el terreno
13250,Noreste,4,propietario de la vivienda y el terreno
13251,Noreste,1,inquilino o arrendatario
13252,Noreste,2,propietario de la vivienda y el terreno
13253,Noreste,4,inquilino o arrendatario
13254,Noreste,1,propietario de la vivienda y el terreno
13255,Noroeste,4,propietario de la vivienda y el terreno
13256,Noroeste,2,propietario de la vivienda y el terreno
13257,Noreste,2,propietario de la vivienda y el terreno
13258,Noreste,3,propietario de la vivienda y el terreno
13259,Pampeana,1,propietario de la vivienda y el terreno
13260,Pampeana,1,propietario de la vivienda y el terreno
13261,Pampeana,5,propietario de la vivienda y el terreno
13262,Pampeana,1,inquilino o arrendatario
13263,Pampeana,1,inquilino o arrendatario
13264,Pampeana,3,propietario de la vivienda solamente
13265,Pampeana,3,propietario de la vivienda y el terreno
13266,Pampeana,1,inquilino o arrendatario
13267,Patagonia,2,propietario de la vivienda y el terreno
13268,Pampeana,2,propietario de la vivienda y el terreno
13269,Patagonia,3,inquilino o arrendatario
13270,Patagonia,2,propietario de la vivienda y el terreno
13271,Patagonia,2,propietario de la vivienda y el terreno
13272,Patagonia,2,propietario de la vivienda solamente
13273,Patagonia,5,propietario de la vivienda y el terreno
13274,Pampeana,4,propietario de la vivienda solamente
13275,Pampeana,5,propietario de la vivienda y el terreno
13276,Pampeana,4,propietario de la vivienda y el terreno
13277,Pampeana,3,propietario de la vivienda y el terreno
13278,Pampeana,3,propietario de la vivienda y el terreno
13279,Cuyo,5,ocupante en relación de dependencia
13280,Cuyo,4,propietario de la vivienda y el terreno
13281,Cuyo,1,ocupante por pago de impuestos o expensas
13282,Patagonia,3,propietario de la vivienda y el terreno
13283,Patagonia,3,propietario de la vivienda y el terreno
13284,Patagonia,2,propietario de la vivienda y el terreno
13285,Patagonia,2,propietario de la vivienda y el terreno
13286,Patagonia,5,propietario de la vivienda y el terreno
13287,Gran Buenos Aires,1,inquilino o arrendatario
13288,Gran Buenos Aires,1,propietario de la vivienda solamente
13289,Gran Buenos Aires,2,propietario de la vivienda y el terreno
13290,Gran Buenos Aires,2,propietario de la vivienda y el terreno
13291,Pampeana,1,inquilino o arrendatario
13292,Gran Buenos Aires,2,propietario de la vivienda y el terreno
13293,Gran Buenos Aires,1,propietario de la vivienda y el terreno
13294,Gran Buenos Aires,1,inquilino o arrendatario
13295,Gran Buenos Aires,1,propietario de la vivienda y el terreno
13296,Gran Buenos Aires,3,"ocupante gratuito, con permiso"
13297,Gran Buenos Aires,5,propietario de la vivienda y el terreno
13298,Gran Buenos Aires,3,propietario de la vivienda y el terreno
13299,Gran Buenos Aires,3,propietario de la vivienda y el terreno
13300,Gran Buenos Aires,5,"ocupante gratuito, con permiso"
13301,Gran Buenos Aires,2,propietario de la vivienda y el terreno
13302,Pampeana,1,inquilino o arrendatario
13303,Pampeana,4,propietario de la vivienda y el terreno
13304,Pampeana,3,propietario de la vivienda y el terreno
13305,Pampeana,4,propietario de la vivienda y el terreno
13306,Pampeana,1,propietario de la vivienda solamente
13307,Patagonia,2,propietario de la vivienda y el terreno
13308,Patagonia,2,propietario de la vivienda y el terreno
13309,Patagonia,2,"ocupante gratuito, con permiso"
13310,Patagonia,1,propietario de la vivienda y el terreno
13311,Patagonia,1,propietario de la vivienda y el terreno
13312,Patagonia,1,ocupante por pago de impuestos o expensas
13313,Patagonia,3,inquilino o arrendatario
13314,Noreste,3,propietario de la vivienda y el terreno
13315,Noreste,1,propietario de la vivienda y el terreno
13316,Noreste,2,propietario de la vivienda y el terreno
13317,Pampeana,2,inquilino o arrendatario
13318,Pampeana,3,propietario de la vivienda y el terreno
13319,Pampeana,1,propietario de la vivienda y el terreno
13320,Pampeana,1,propietario de la vivienda y el terreno
13321,Pampeana,3,inquilino o arrendatario
13322,Pampeana,2,propietario de la vivienda y el terreno
13323,Pampeana,1,inquilino o arrendatario
13324,Pampeana,2,propietario de la vivienda y el terreno
13325,Pampeana,3,inquilino o arrendatario
13326,Pampeana,1,inquilino o arrendatario
13327,Pampeana,4,propietario de la vivienda y el terreno
13328,Pampeana,3,propietario de la vivienda y el terreno
13329,Pampeana,2,propietario de la vivienda y el terreno
13330,Pampeana,1,propietario de la vivienda y el terreno
13331,Noroeste,4,propietario de la vivienda y el terreno
13332,Noreste,5,propietario de la vivienda y el terreno
13333,Noreste,4,propietario de la vivienda y el terreno
13334,Noreste,7,propietario de la vivienda y el terreno
13335,Noreste,1,propietario de la vivienda y el terreno
13336,Noreste,4,propietario de la vivienda solamente
13337,Pampeana,3,propietario de la vivienda y el terreno
13338,Pampeana,1,propietario de la vivienda y el terreno
13339,Pampeana,1,"ocupante gratuito, con permiso"
13340,Pampeana,8,propietario de la vivienda y el terreno
13341,Noroeste,4,propietario de la vivienda y el terreno
13342,Pampeana,2,inquilino o arrendatario
13343,Pampeana,3,propietario de la vivienda y el terreno
13344,Patagonia,4,propietario de la vivienda y el terreno
13345,Gran Buenos Aires,1,propietario de la vivienda y el terreno
13346,Gran Buenos Aires,1,propietario de la vivienda y el terreno
13347,Gran Buenos Aires,1,"ocupante gratuito, con permiso"
13348,Gran Buenos Aires,2,propietario de la vivienda solamente
13349,Patagonia,1,
13350,Patagonia,3,propietario de la vivienda y el terreno
13351,Patagonia,3,inquilino o arrendatario
13352,Gran Buenos Aires,2,propietario de la vivienda y el terreno
13353,Gran Buenos Aires,1,propietario de la vivienda y el terreno
13354,Pampeana,1,propietario de la vivienda y el terreno
13355,Pampeana,4,"ocupante gratuito, con permiso"
13356,Pampeana,3,propietario de la vivienda y el terreno
13357,Gran Buenos Aires,4,propietario de la vivienda y el terreno
13358,Gran Buenos Aires,2,"ocupante gratuito, con permiso"
13359,Pampeana,2,inquilino o arrendatario
13360,Pampeana,1,"ocupante gratuito, con permiso"
13361,Pampeana,2,propietario de la vivienda y el terreno
13362,Pampeana,4,inquilino o arrendatario
13363,Pampeana,1,propietario de la vivienda y el terreno
13364,Pampeana,3,propietario de la vivienda solamente
13365,Pampeana,2,propietario de la vivienda y el terreno
13366,Pampeana,4,propietario de la vivienda y el terreno
13367,Pampeana,4,inquilino o arrendatario
13368,Pampeana,1,inquilino o arrendatario
13369,Patagonia,2,propietario de la vivienda y el terreno
13370,Noroeste,4,propietario de la vivienda y el terreno
13371,Noroeste,1,propietario de la vivienda y el terreno
13372,Noroeste,3,propietario de la vivienda solamente
13373,Noroeste,2,propietario de la vivienda y el terreno
13374,Patagonia,1,inquilino o arrendatario
13375,Pampeana,2,ocupante por pago de impuestos o expensas
13376,Patagonia,2,en sucesión
13377,Patagonia,2,propietario de la vivienda y el terreno
13378,Pampeana,8,inquilino o arrendatario
13379,Gran Buenos Aires,2,propietario de la vivienda y el terreno
13380,Pampeana,1,propietario de la vivienda y el terreno
13381,Pampeana,2,propietario de la vivienda y el terreno
13382,Pampeana,4,propietario de la vivienda y el terreno
13383,Pampeana,3,propietario de la vivienda y el terreno
13384,Pampeana,2,inquilino o arrendatario
13385,Pampeana,1,"ocupante gratuito, con permiso"
13386,Pampeana,1,propietario de la vivienda y el terreno
13387,Pampeana,5,propietario de la vivienda y el terreno
13388,Pampeana,2,ocupante por pago de impuestos o expensas
13389,Patagonia,3,propietario de la vivienda y el terreno
13390,Patagonia,3,"ocupante gratuito, con permiso"
13391,Patagonia,2,propietario de la vivienda y el terreno
13392,Patagonia,4,ocupante por pago de impuestos o expensas
13393,Patagonia,2,propietario de la vivienda y el terreno
13394,Patagonia,1,inquilino o arrendatario
13395,Patagonia,5,propietario de la vivienda y el terreno
13396,Patagonia,3,propietario de la vivienda y el terreno
13397,Patagonia,5,propietario de la vivienda y el terreno
13398,Gran Buenos Aires,6,propietario de la vivienda y el terreno
13399,Gran Buenos Aires,4,propietario de la vivienda y el terreno
13400,Gran Buenos Aires,2,inquilino o arrendatario
13401,Gran Buenos Aires,2,inquilino o arrendatario
13402,Gran Buenos Aires,2,propietario de la vivienda y el terreno
13403,Pampeana,3,"ocupante gratuito, con permiso"
13404,Pampeana,2,propietario de la vivienda y el terreno
13405,Pampeana,3,propietario de la vivienda y el terreno
13406,Pampeana,1,inquilino o arrendatario
13407,Pampeana,1,propietario de la vivienda y el terreno
13408,Gran Buenos Aires,2,"ocupante gratuito, con permiso"
13409,Gran Buenos Aires,2,propietario de la vivienda y el terreno
13410,Gran Buenos Aires,3,propietario de la vivienda y el terreno
13411,Noroeste,2,propietario de la vivienda y el terreno
13412,Noroeste,2,propietario de la vivienda y el terreno
13413,Noroeste,8,propietario de la vivienda y el terreno
13414,Noroeste,9,propietario de la vivienda y el terreno
13415,Noroeste,1,propietario de la vivienda y el terreno
13416,Noroeste,3,"ocupante gratuito, con permiso"
13417,Cuyo,1,propietario de la vivienda y el terreno
13418,Cuyo,2,propietario de la vivienda solamente
13419,Cuyo,6,propietario de la vivienda y el terreno
13420,Cuyo,5,propietario de la vivienda y el terreno
13421,Cuyo,2,propietario de la vivienda y el terreno
13422,Noroeste,4,propietario de la vivienda y el terreno
13423,Noroeste,6,propietario de la vivienda solamente
13424,Noreste,2,propietario de la vivienda y el terreno
13425,Noreste,4,propietario de la vivienda y el terreno
13426,Noreste,1,propietario de la vivienda y el terreno
13427,Cuyo,2,propietario de la vivienda y el terreno
13428,Cuyo,2,propietario de la vivienda y el terreno
13429,Cuyo,3,propietario de la vivienda y el terreno
13430,Cuyo,1,propietario de la vivienda y el terreno
13431,Cuyo,2,propietario de la vivienda y el terreno
13432,Noreste,1,propietario de la vivienda y el terreno
13433,Noreste,3,propietario de la vivienda solamente
13434,Noreste,6,propietario de la vivienda y el terreno
13435,Noreste,4,propietario de la vivienda solamente
13436,Noreste,5,propietario de la vivienda y el terreno
13437,Noreste,2,propietario de la vivienda solamente
13438,Noreste,1,inquilino o arrendatario
13439,Noreste,3,inquilino o arrendatario
13440,Noreste,2,inquilino o arrendatario
13441,Pampeana,2,propietario de la vivienda y el terreno
13442,Pampeana,4,inquilino o arrendatario
13443,Pampeana,2,propietario de la vivienda y el terreno
13444,Pampeana,4,propietario de la vivienda solamente
13445,Pampeana,2,propietario de la vivienda y el terreno
13446,Pampeana,2,propietario de la vivienda y el terreno
13447,Pampeana,4,propietario de la vivienda y el terreno
13448,Pampeana,1,inquilino o arrendatario
13449,Patagonia,1,propietario de la vivienda y el terreno
13450,Patagonia,2,propietario de la vivienda y el terreno
13451,Pampeana,3,propietario de la vivienda y el terreno
13452,Pampeana,3,inquilino o arrendatario
13453,Pampeana,2,propietario de la vivienda y el terreno
13454,Noreste,5,propietario de la vivienda y el terreno
13455,Noroeste,2,propietario de la vivienda y el terreno
13456,Noroeste,5,propietario de la vivienda y el terreno
13457,Noroeste,3,propietario de la vivienda y el terreno
13458,Pampeana,2,inquilino o arrendatario
13459,Pampeana,1,inquilino o arrendatario
13460,Pampeana,2,inquilino o arrendatario
13461,Pampeana,1,propietario de la vivienda y el terreno
13462,Pampeana,1,propietario de la vivienda y el terreno
13463,Pampeana,1,propietario de la vivienda y el terreno
13464,Noroeste,8,propietario de la vivienda y el terreno
13465,Noroeste,3,propietario de la vivienda y el terreno
13466,Noroeste,2,propietario de la vivienda y el terreno
13467,Noroeste,5,propietario de la vivienda solamente
13468,Noreste,4,propietario de la vivienda y el terreno
13469,Noreste,2,propietario de la vivienda y el terreno
13470,Noreste,2,propietario de la vivienda y el terreno
13471,Noroeste,3,propietario de la vivienda y el terreno
13472,Noroeste,3,inquilino o arrendatario
13473,Gran Buenos Aires,3,inquilino o arrendatario
13474,Noreste,6,propietario de la vivienda solamente
13475,Pampeana,2,propietario de la vivienda y el terreno
13476,Pampeana,1,inquilino o arrendatario
13477,Cuyo,4,propietario de la vivienda y el terreno
13478,Cuyo,2,propietario de la vivienda y el terreno
13479,Cuyo,2,inquilino o arrendatario
13480,Cuyo,2,inquilino o arrendatario
13481,Noroeste,3,propietario de la vivienda y el terreno
13482,Noroeste,5,"ocupante gratuito, con permiso"
13483,Noroeste,2,propietario de la vivienda y el terreno
13484,Gran Buenos Aires,3,propietario de la vivienda y el terreno
13485,Gran Buenos Aires,6,inquilino o arrendatario
13486,Pampeana,2,inquilino o arrendatario
13487,Pampeana,1,inquilino o arrendatario
13488,Pampeana,2,propietario de la vivienda y el terreno
13489,Pampeana,2,propietario de la vivienda y el terreno
13490,Pampeana,1,"ocupante gratuito, con permiso"
13491,Pampeana,3,inquilino o arrendatario
13492,Pampeana,2,propietario de la vivienda y el terreno
13493,Pampeana,6,"ocupante gratuito, con permiso"
13494,Pampeana,4,inquilino o arrendatario
13495,Pampeana,1,inquilino o arrendatario
13496,Gran Buenos Aires,4,propietario de la vivienda y el terreno
13497,Gran Buenos Aires,2,propietario de la vivienda y el terreno
13498,Gran Buenos Aires,1,propietario de la vivienda y el terreno
13499,Pampeana,1,inquilino o arrendatario
13500,Pampeana,3,ocupante por pago de impuestos o expensas
13501,Pampeana,5,propietario de la vivienda y el terreno
13502,Pampeana,4,inquilino o arrendatario
13503,Gran Buenos Aires,4,"ocupante gratuito, con permiso"
13504,Gran Buenos Aires,2,propietario de la vivienda y el terreno
13505,Gran Buenos Aires,5,propietario de la vivienda y el terreno
13506,Gran Buenos Aires,2,inquilino o arrendatario
13507,Gran Buenos Aires,1,propietario de la vivienda y el terreno
13508,Patagonia,8,propietario de la vivienda y el terreno
13509,Patagonia,3,inquilino o arrendatario
13510,Patagonia,6,propietario de la vivienda y el terreno
13511,Patagonia,3,propietario de la vivienda y el terreno
13512,Patagonia,1,inquilino o arrendatario
13513,Gran Buenos Aires,5,"ocupante gratuito, con permiso"
13514,Gran Buenos Aires,1,propietario de la vivienda y el terreno
13515,Gran Buenos Aires,4,propietario de la vivienda y el terreno
13516,Gran Buenos Aires,4,inquilino o arrendatario
13517,Gran Buenos Aires,2,propietario de la vivienda y el terreno
13518,Noreste,4,propietario de la vivienda y el terreno
13519,Patagonia,3,propietario de la vivienda y el terreno
13520,Patagonia,3,propietario de la vivienda y el terreno
13521,Pampeana,1,inquilino o arrendatario
13522,Pampeana,1,propietario de la vivienda y el terreno
13523,Gran Buenos Aires,1,inquilino o arrendatario
13524,Patagonia,1,inquilino o arrendatario
13525,Patagonia,2,propietario de la vivienda y el terreno
13526,Gran Buenos Aires,2,propietario de la vivienda y el terreno
13527,Gran Buenos Aires,2,propietario de la vivienda y el terreno
13528,Gran Buenos Aires,2,propietario de la vivienda y el terreno
13529,Pampeana,1,inquilino o arrendatario
13530,Pampeana,1,inquilino o arrendatario
13531,Pampeana,2,propietario de la vivienda y el terreno
13532,Pampeana,5,propietario de la vivienda y el terreno
13533,Noroeste,7,propietario de la vivienda y el terreno
13534,Noroeste,3,propietario de la vivienda y el terreno
13535,Noroeste,2,propietario de la vivienda y el terreno
13536,Patagonia,5,propietario de la vivienda solamente
13537,Patagonia,3,inquilino o arrendatario
13538,Patagonia,2,inquilino o arrendatario
13539,Patagonia,4,inquilino o arrendatario
13540,Patagonia,3,propietario de la vivienda y el terreno
13541,Pampeana,4,inquilino o arrendatario
13542,Pampeana,1,inquilino o arrendatario
13543,Pampeana,3,inquilino o arrendatario
13544,Pampeana,3,propietario de la vivienda y el terreno
13545,Pampeana,1,inquilino o arrendatario
13546,Patagonia,2,propietario de la vivienda y el terreno
13547,Patagonia,3,propietario de la vivienda y el terreno
13548,Patagonia,1,inquilino o arrendatario
13549,Patagonia,3,propietario de la vivienda y el terreno
13550,Noreste,5,propietario de la vivienda y el terreno
13551,Patagonia,2,inquilino o arrendatario
13552,Patagonia,3,propietario de la vivienda y el terreno
13553,Patagonia,2,propietario de la vivienda y el terreno
13554,Patagonia,3,inquilino o arrendatario
13555,Pampeana,1,propietario de la vivienda y el terreno
13556,Pampeana,4,propietario de la vivienda y el terreno
13557,Pampeana,1,propietario de la vivienda y el terreno
13558,Pampeana,3,propietario de la vivienda y el terreno
13559,Pampeana,1,propietario de la vivienda y el terreno
13560,Cuyo,3,propietario de la vivienda y el terreno
13561,Pampeana,2,propietario de la vivienda y el terreno
13562,Pampeana,1,propietario de la vivienda y el terreno
13563,Pampeana,4,propietario de la vivienda y el terreno
13564,Pampeana,3,en sucesión
13565,Patagonia,3,propietario de la vivienda y el terreno
13566,Patagonia,2,propietario de la vivienda y el terreno
13567,Noroeste,2,propietario de la vivienda y el terreno
13568,Noreste,1,propietario de la vivienda y el terreno
13569,Noreste,1,propietario de la vivienda y el terreno
13570,Pampeana,1,propietario de la vivienda y el terreno
13571,Pampeana,2,propietario de la vivienda y el terreno
13572,Pampeana,2,propietario de la vivienda y el terreno
13573,Pampeana,3,propietario de la vivienda y el terreno
13574,Noroeste,1,propietario de la vivienda y el terreno
13575,Cuyo,5,"ocupante gratuito, con permiso"
13576,Noroeste,3,propietario de la vivienda y el terreno
13577,Gran Buenos Aires,5,propietario de la vivienda y el terreno
13578,Noreste,3,inquilino o arrendatario
13579,Patagonia,3,ocupante por pago de impuestos o expensas
13580,Patagonia,2,propietario de la vivienda y el terreno
13581,Patagonia,2,propietario de la vivienda y el terreno
13582,Patagonia,4,propietario de la vivienda y el terreno
13583,Patagonia,3,propietario de la vivienda y el terreno
13584,Pampeana,2,inquilino o arrendatario
13585,Pampeana,1,propietario de la vivienda y el terreno
13586,Pampeana,4,propietario de la vivienda y el terreno
13587,Pampeana,1,propietario de la vivienda y el terreno
13588,Noreste,3,propietario de la vivienda solamente
13589,Pampeana,3,propietario de la vivienda y el terreno
13590,Pampeana,5,inquilino o arrendatario
13591,Pampeana,4,propietario de la vivienda y el terreno
13592,Pampeana,4,propietario de la vivienda y el terreno
13593,Noroeste,3,inquilino o arrendatario
13594,Noroeste,2,propietario de la vivienda y el terreno
13595,Noroeste,3,propietario de la vivienda y el terreno
13596,Noroeste,3,propietario de la vivienda y el terreno
13597,Noroeste,5,propietario de la vivienda y el terreno
13598,Pampeana,5,propietario de la vivienda y el terreno
13599,Pampeana,3,inquilino o arrendatario
13600,Pampeana,5,propietario de la vivienda y el terreno
13601,Pampeana,7,propietario de la vivienda y el terreno
13602,Pampeana,3,propietario de la vivienda y el terreno
13603,Gran Buenos Aires,4,propietario de la vivienda y el terreno
13604,Gran Buenos Aires,3,propietario de la vivienda y el terreno
13605,Gran Buenos Aires,4,propietario de la vivienda y el terreno
13606,Gran Buenos Aires,1,"ocupante gratuito, con permiso"
13607,Gran Buenos Aires,3,"ocupante gratuito, con permiso"
13608,Pampeana,2,propietario de la vivienda solamente
13609,Pampeana,2,propietario de la vivienda y el terreno
13610,Pampeana,4,propietario de la vivienda y el terreno
13611,Pampeana,3,inquilino o arrendatario
13612,Pampeana,3,propietario de la vivienda solamente
13613,Gran Buenos Aires,2,propietario de la vivienda y el terreno
13614,Gran Buenos Aires,3,propietario de la vivienda y el terreno
13615,Gran Buenos Aires,3,propietario de la vivienda y el terreno
13616,Gran Buenos Aires,5,propietario de la vivienda y el terreno
13617,Pampeana,2,propietario de la vivienda y el terreno
13618,Pampeana,2,propietario de la vivienda y el terreno
13619,Pampeana,3,propietario de la vivienda y el terreno
13620,Pampeana,2,propietario de la vivienda y el terreno
13621,Pampeana,2,propietario de la vivienda y el terreno
13622,Pampeana,4,propietario de la vivienda y el terreno
13623,Noroeste,4,propietario de la vivienda y el terreno
13624,Noroeste,3,propietario de la vivienda y el terreno
13625,Noroeste,9,propietario de la vivienda y el terreno
13626,Noroeste,4,propietario de la vivienda y el terreno
13627,Noroeste,3,propietario de la vivienda y el terreno
13628,Noroeste,3,en sucesión
13629,Noroeste,4,propietario de la vivienda y el terreno
13630,Noroeste,3,propietario de la vivienda y el terreno
13631,Noroeste,5,propietario de la vivienda y el terreno
13632,Noroeste,2,inquilino o arrendatario
13633,Noreste,3,propietario de la vivienda y el terreno
13634,Noreste,3,propietario de la vivienda y el terreno
13635,Noreste,4,inquilino o arrendatario
13636,Noreste,4,propietario de la vivienda y el terreno
13637,Noreste,1,propietario de la vivienda y el terreno
13638,Pampeana,3,inquilino o arrendatario
13639,Pampeana,3,propietario de la vivienda y el terreno
13640,Pampeana,2,propietario de la vivienda y el terreno
13641,Pampeana,1,propietario de la vivienda y el terreno
13642,Pampeana,1,propietario de la vivienda y el terreno
13643,Pampeana,2,propietario de la vivienda y el terreno
13644,Gran Buenos Aires,1,propietario de la vivienda y el terreno
13645,Patagonia,3,propietario de la vivienda y el terreno
13646,Patagonia,2,ocupante por pago de impuestos o expensas
13647,Patagonia,2,inquilino o arrendatario
13648,Patagonia,6,propietario de la vivienda y el terreno
13649,Patagonia,2,inquilino o arrendatario
13650,Patagonia,4,"ocupante gratuito, con permiso"
13651,Patagonia,2,propietario de la vivienda y el terreno
13652,Patagonia,3,"ocupante gratuito, con permiso"
13653,Patagonia,5,propietario de la vivienda y el terreno
13654,Patagonia,4,inquilino o arrendatario
13655,Gran Buenos Aires,1,"ocupante gratuito, con permiso"
13656,Gran Buenos Aires,4,propietario de la vivienda y el terreno
13657,Gran Buenos Aires,2,propietario de la vivienda solamente
13658,Gran Buenos Aires,1,propietario de la vivienda y el terreno
13659,Gran Buenos Aires,1,propietario de la vivienda y el terreno
13660,Pampeana,2,propietario de la vivienda y el terreno
13661,Pampeana,5,"ocupante gratuito, con permiso"
13662,Pampeana,5,propietario de la vivienda y el terreno
13663,Pampeana,2,inquilino o arrendatario
13664,Pampeana,2,inquilino o arrendatario
13665,Pampeana,1,propietario de la vivienda y el terreno
13666,Pampeana,2,propietario de la vivienda y el terreno
13667,Pampeana,4,propietario de la vivienda y el terreno
13668,Pampeana,2,inquilino o arrendatario
13669,Pampeana,1,inquilino o arrendatario
13670,Noreste,6,inquilino o arrendatario
13671,Noreste,4,propietario de la vivienda y el terreno
13672,Patagonia,2,inquilino o arrendatario
13673,Patagonia,3,propietario de la vivienda y el terreno
13674,Patagonia,3,propietario de la vivienda y el terreno
13675,Patagonia,3,"ocupante gratuito, con permiso"
13676,Patagonia,3,propietario de la vivienda y el terreno
13677,Patagonia,3,propietario de la vivienda solamente
13678,Patagonia,1,propietario de la vivienda y el terreno
13679,Patagonia,3,"ocupante gratuito, con permiso"
13680,Patagonia,2,propietario de la vivienda y el terreno
13681,Patagonia,2,propietario de la vivienda y el terreno
13682,Patagonia,5,inquilino o arrendatario
13683,Patagonia,3,propietario de la vivienda y el terreno
13684,Patagonia,5,propietario de la vivienda y el terreno
13685,Pampeana,3,propietario de la vivienda y el terreno
13686,Pampeana,6,propietario de la vivienda y el terreno
13687,Gran Buenos Aires,3,inquilino o arrendatario
13688,Gran Buenos Aires,1,propietario de la vivienda y el terreno
13689,Pampeana,1,en sucesión
13690,Pampeana,1,propietario de la vivienda y el terreno
13691,Pampeana,2,propietario de la vivienda y el terreno
13692,Pampeana,5,propietario de la vivienda y el terreno
13693,Pampeana,1,propietario de la vivienda y el terreno
13694,Patagonia,2,propietario de la vivienda y el terreno
13695,Patagonia,1,"ocupante gratuito, con permiso"
13696,Patagonia,2,propietario de la vivienda y el terreno
13697,Patagonia,3,propietario de la vivienda y el terreno
13698,Patagonia,1,propietario de la vivienda y el terreno
13699,Noroeste,2,inquilino o arrendatario
13700,Noroeste,2,propietario de la vivienda y el terreno
13701,Noroeste,3,propietario de la vivienda y el terreno
13702,Noroeste,13,propietario de la vivienda y el terreno
13703,Pampeana,1,propietario de la vivienda y el terreno
13704,Noroeste,4,propietario de la vivienda y el terreno
13705,Pampeana,2,inquilino o arrendatario
13706,Pampeana,2,inquilino o arrendatario
13707,Cuyo,2,"ocupante gratuito, con permiso"
13708,Cuyo,3,inquilino o arrendatario
13709,Noreste,2,propietario de la vivienda y el terreno
13710,Noreste,2,propietario de la vivienda y el terreno
13711,Noreste,1,propietario de la vivienda y el terreno
13712,Noreste,3,propietario de la vivienda y el terreno
13713,Pampeana,2,propietario de la vivienda y el terreno
13714,Noroeste,3,propietario de la vivienda y el terreno
13715,Noroeste,6,propietario de la vivienda y el terreno
13716,Noroeste,1,propietario de la vivienda y el terreno
13717,Noroeste,3,propietario de la vivienda y el terreno
13718,Cuyo,10,propietario de la vivienda y el terreno
13719,Cuyo,2,propietario de la vivienda y el terreno
13720,Cuyo,3,propietario de la vivienda y el terreno
13721,Cuyo,2,propietario de la vivienda y el terreno
13722,Cuyo,4,propietario de la vivienda y el terreno
13723,Noreste,1,"ocupante gratuito, con permiso"
13724,Noreste,4,propietario de la vivienda y el terreno
13725,Noreste,3,propietario de la vivienda y el terreno
13726,Noreste,1,inquilino o arrendatario
13727,Noreste,3,propietario de la vivienda y el terreno
13728,Noreste,3,inquilino o arrendatario
13729,Noreste,1,inquilino o arrendatario
13730,Noreste,2,propietario de la vivienda y el terreno
13731,Pampeana,1,propietario de la vivienda y el terreno
13732,Pampeana,1,inquilino o arrendatario
13733,Pampeana,1,inquilino o arrendatario
13734,Pampeana,5,propietario de la vivienda y el terreno
13735,Pampeana,2,propietario de la vivienda y el terreno
13736,Pampeana,2,propietario de la vivienda y el terreno
13737,Noroeste,6,propietario de la vivienda y el terreno
13738,Noroeste,1,propietario de la vivienda y el terreno
13739,Noroeste,2,propietario de la vivienda y el terreno
13740,Pampeana,3,propietario de la vivienda y el terreno
13741,Pampeana,1,propietario de la vivienda y el terreno
13742,Noroeste,8,propietario de la vivienda y el terreno
13743,Noroeste,3,propietario de la vivienda y el terreno
13744,Noroeste,4,propietario de la vivienda y el terreno
13745,Noroeste,3,propietario de la vivienda y el terreno
13746,Noroeste,1,propietario de la vivienda y el terreno
13747,Noroeste,1,en sucesión
13748,Noroeste,4,propietario de la vivienda solamente
13749,Noroeste,2,propietario de la vivienda solamente
13750,Noroeste,3,propietario de la vivienda solamente
13751,Noroeste,4,"ocupante gratuito, con permiso"
13752,Gran Buenos Aires,3,inquilino o arrendatario
13753,Pampeana,1,inquilino o arrendatario
13754,Cuyo,2,propietario de la vivienda y el terreno
13755,Cuyo,4,propietario de la vivienda y el terreno
13756,Cuyo,4,"ocupante gratuito, con permiso"
13757,Cuyo,5,propietario de la vivienda y el terreno
13758,Cuyo,4,propietario de la vivienda y el terreno
13759,Pampeana,1,inquilino o arrendatario
13760,Pampeana,2,propietario de la vivienda y el terreno
13761,Pampeana,1,inquilino o arrendatario
13762,Pampeana,3,inquilino o arrendatario
13763,Pampeana,1,propietario de la vivienda y el terreno
13764,Cuyo,2,propietario de la vivienda y el terreno
13765,Cuyo,1,"ocupante gratuito, con permiso"
13766,Cuyo,3,propietario de la vivienda y el terreno
13767,Pampeana,7,propietario de la vivienda y el terreno
13768,Pampeana,2,propietario de la vivienda y el terreno
13769,Pampeana,3,"ocupante gratuito, con permiso"
13770,Pampeana,4,inquilino o arrendatario
13771,Noreste,5,propietario de la vivienda y el terreno
13772,Noreste,2,propietario de la vivienda y el terreno
13773,Noreste,3,inquilino o arrendatario
13774,Noreste,2,propietario de la vivienda y el terreno
13775,Gran Buenos Aires,4,propietario de la vivienda y el terreno
13776,Gran Buenos Aires,1,en sucesión
13777,Pampeana,1,inquilino o arrendatario
13778,Pampeana,3,propietario de la vivienda y el terreno
13779,Pampeana,3,ocupante por pago de impuestos o expensas
13780,Pampeana,2,"ocupante gratuito, con permiso"
13781,Pampeana,4,propietario de la vivienda y el terreno
13782,Pampeana,1,propietario de la vivienda y el terreno
13783,Pampeana,1,inquilino o arrendatario
13784,Pampeana,1,inquilino o arrendatario
13785,Pampeana,2,propietario de la vivienda y el terreno
13786,Noroeste,3,propietario de la vivienda y el terreno
13787,Noroeste,1,inquilino o arrendatario
13788,Noroeste,2,inquilino o arrendatario
13789,Pampeana,4,propietario de la vivienda y el terreno
13790,Pampeana,5,propietario de la vivienda y el terreno
13791,Pampeana,2,propietario de la vivienda y el terreno
13792,Noroeste,3,propietario de la vivienda y el terreno
13793,Noroeste,5,inquilino o arrendatario
13794,Noroeste,1,propietario de la vivienda y el terreno
13795,Noroeste,5,inquilino o arrendatario
13796,Noroeste,5,propietario de la vivienda y el terreno
13797,Noroeste,2,propietario de la vivienda y el terreno
13798,Noroeste,1,inquilino o arrendatario
13799,Cuyo,1,inquilino o arrendatario
13800,Cuyo,3,propietario de la vivienda y el terreno
13801,Cuyo,2,propietario de la vivienda y el terreno
13802,Noroeste,5,propietario de la vivienda y el terreno
13803,Noroeste,2,propietario de la vivienda y el terreno
13804,Noreste,6,propietario de la vivienda solamente
13805,Noreste,3,inquilino o arrendatario
13806,Noreste,1,inquilino o arrendatario
13807,Noreste,3,propietario de la vivienda y el terreno
13808,Noroeste,2,propietario de la vivienda y el terreno
13809,Noroeste,4,propietario de la vivienda solamente
13810,Noroeste,1,propietario de la vivienda y el terreno
13811,Noroeste,2,ocupante por pago de impuestos o expensas
13812,Noroeste,2,propietario de la vivienda y el terreno
13813,Noroeste,4,propietario de la vivienda y el terreno
13814,Pampeana,4,inquilino o arrendatario
13815,Pampeana,1,propietario de la vivienda y el terreno
13816,Pampeana,3,propietario de la vivienda y el terreno
13817,Pampeana,3,propietario de la vivienda solamente
13818,Pampeana,2,propietario de la vivienda y el terreno
13819,Patagonia,4,propietario de la vivienda solamente
13820,Patagonia,2,inquilino o arrendatario
13821,Noroeste,3,propietario de la vivienda y el terreno
13822,Noroeste,1,propietario de la vivienda y el terreno
13823,Noroeste,1,"ocupante gratuito, con permiso"
13824,Noroeste,1,inquilino o arrendatario
13825,Noreste,2,propietario de la vivienda y el terreno
13826,Noreste,2,propietario de la vivienda y el terreno
13827,Noreste,2,propietario de la vivienda y el terreno
13828,Noreste,4,inquilino o arrendatario
13829,Noreste,4,propietario de la vivienda y el terreno
13830,Patagonia,1,propietario de la vivienda y el terreno
13831,Patagonia,4,"ocupante gratuito, con permiso"
13832,Patagonia,3,propietario de la vivienda y el terreno
13833,Patagonia,3,propietario de la vivienda y el terreno
13834,Patagonia,2,propietario de la vivienda y el terreno
13835,Cuyo,5,propietario de la vivienda y el terreno
13836,Cuyo,2,propietario de la vivienda y el terreno
13837,Cuyo,1,propietario de la vivienda y el terreno
13838,Cuyo,1,propietario de la vivienda y el terreno
13839,Cuyo,3,propietario de la vivienda y el terreno
13840,Cuyo,1,propietario de la vivienda y el terreno
13841,Gran Buenos Aires,1,propietario de la vivienda y el terreno
13842,Gran Buenos Aires,2,propietario de la vivienda y el terreno
13843,Gran Buenos Aires,3,propietario de la vivienda y el terreno
13844,Gran Buenos Aires,4,propietario de la vivienda y el terreno
13845,Gran Buenos Aires,1,propietario de la vivienda y el terreno
13846,Gran Buenos Aires,1,propietario de la vivienda y el terreno
13847,Gran Buenos Aires,3,propietario de la vivienda y el terreno
13848,Gran Buenos Aires,2,inquilino o arrendatario
13849,Gran Buenos Aires,1,propietario de la vivienda solamente
13850,Gran Buenos Aires,4,"ocupante gratuito, con permiso"
13851,Gran Buenos Aires,1,propietario de la vivienda y el terreno
13852,Gran Buenos Aires,1,propietario de la vivienda y el terreno
13853,Gran Buenos Aires,5,propietario de la vivienda y el terreno
13854,Patagonia,2,propietario de la vivienda y el terreno
13855,Patagonia,4,propietario de la vivienda y el terreno
13856,Patagonia,1,propietario de la vivienda y el terreno
13857,Patagonia,2,propietario de la vivienda y el terreno
13858,Patagonia,4,inquilino o arrendatario
13859,Patagonia,3,inquilino o arrendatario
13860,Noroeste,3,propietario de la vivienda y el terreno
13861,Noroeste,2,propietario de la vivienda y el terreno
13862,Noroeste,6,propietario de la vivienda solamente
13863,Pampeana,5,propietario de la vivienda y el terreno
13864,Pampeana,4,propietario de la vivienda y el terreno
13865,Pampeana,3,propietario de la vivienda y el terreno
13866,Pampeana,2,inquilino o arrendatario
13867,Pampeana,3,propietario de la vivienda y el terreno
13868,Pampeana,3,en sucesión
13869,Pampeana,5,propietario de la vivienda y el terreno
13870,Pampeana,3,propietario de la vivienda solamente
13871,Pampeana,3,ocupante por pago de impuestos o expensas
13872,Noroeste,3,propietario de la vivienda y el terreno
13873,Noroeste,4,propietario de la vivienda y el terreno
13874,Noroeste,2,propietario de la vivienda y el terreno
13875,Noroeste,2,propietario de la vivienda y el terreno
13876,Noroeste,4,propietario de la vivienda y el terreno
13877,Noroeste,3,propietario de la vivienda y el terreno
13878,Noroeste,2,propietario de la vivienda y el terreno
13879,Noroeste,4,propietario de la vivienda y el terreno
13880,Noroeste,2,propietario de la vivienda y el terreno
13881,Noroeste,5,propietario de la vivienda y el terreno
13882,Pampeana,4,propietario de la vivienda y el terreno
13883,Pampeana,2,propietario de la vivienda y el terreno
13884,Pampeana,3,inquilino o arrendatario
13885,Pampeana,3,propietario de la vivienda y el terreno
13886,Pampeana,1,inquilino o arrendatario
13887,Pampeana,5,propietario de la vivienda y el terreno
13888,Pampeana,5,propietario de la vivienda y el terreno
13889,Pampeana,4,propietario de la vivienda y el terreno
13890,Pampeana,1,propietario de la vivienda y el terreno
13891,Pampeana,2,propietario de la vivienda y el terreno
13892,Pampeana,4,propietario de la vivienda y el terreno
13893,Pampeana,5,inquilino o arrendatario
13894,Cuyo,3,propietario de la vivienda y el terreno
13895,Noreste,1,propietario de la vivienda y el terreno
13896,Noreste,2,propietario de la vivienda y el terreno
13897,Pampeana,4,propietario de la vivienda y el terreno
13898,Pampeana,2,propietario de la vivienda y el terreno
13899,Pampeana,4,propietario de la vivienda y el terreno
13900,Pampeana,2,propietario de la vivienda y el terreno
13901,Pampeana,4,inquilino o arrendatario
13902,Pampeana,2,propietario de la vivienda y el terreno
13903,Pampeana,4,propietario de la vivienda y el terreno
13904,Noroeste,4,propietario de la vivienda y el terreno
13905,Noroeste,1,propietario de la vivienda y el terreno
13906,Noroeste,2,propietario de la vivienda y el terreno
13907,Patagonia,1,propietario de la vivienda y el terreno
13908,Patagonia,2,propietario de la vivienda y el terreno
13909,Patagonia,3,ocupante por pago de impuestos o expensas
13910,Patagonia,2,propietario de la vivienda y el terreno
13911,Patagonia,2,propietario de la vivienda y el terreno
13912,Pampeana,5,propietario de la vivienda y el terreno
13913,Pampeana,4,propietario de la vivienda solamente
13914,Pampeana,3,propietario de la vivienda y el terreno
13915,Pampeana,2,propietario de la vivienda solamente
13916,Pampeana,3,propietario de la vivienda y el terreno
13917,Cuyo,2,propietario de la vivienda y el terreno
13918,Cuyo,2,propietario de la vivienda y el terreno
13919,Cuyo,3,propietario de la vivienda y el terreno
13920,Cuyo,2,propietario de la vivienda y el terreno
13921,Cuyo,1,propietario de la vivienda y el terreno
13922,Patagonia,6,propietario de la vivienda y el terreno
13923,Patagonia,2,propietario de la vivienda y el terreno
13924,Patagonia,3,inquilino o arrendatario
13925,Patagonia,2,inquilino o arrendatario
13926,Noroeste,7,propietario de la vivienda y el terreno
13927,Cuyo,4,"ocupante gratuito, con permiso"
13928,Pampeana,1,propietario de la vivienda y el terreno
13929,Pampeana,2,propietario de la vivienda y el terreno
13930,Pampeana,2,propietario de la vivienda y el terreno
13931,Noreste,2,inquilino o arrendatario
13932,Noreste,5,propietario de la vivienda y el terreno
13933,Noreste,6,propietario de la vivienda y el terreno
13934,Pampeana,1,propietario de la vivienda y el terreno
13935,Pampeana,5,propietario de la vivienda y el terreno
13936,Pampeana,2,propietario de la vivienda y el terreno
13937,Pampeana,3,propietario de la vivienda y el terreno
13938,Pampeana,1,propietario de la vivienda y el terreno
13939,Pampeana,1,inquilino o arrendatario
13940,Pampeana,2,propietario de la vivienda y el terreno
13941,Pampeana,6,propietario de la vivienda y el terreno
13942,Pampeana,4,propietario de la vivienda y el terreno
13943,Pampeana,2,propietario de la vivienda y el terreno
13944,Cuyo,3,inquilino o arrendatario
13945,Cuyo,4,inquilino o arrendatario
13946,Cuyo,4,propietario de la vivienda y el terreno
13947,Cuyo,1,propietario de la vivienda y el terreno
13948,Cuyo,1,propietario de la vivienda y el terreno
13949,Noreste,8,propietario de la vivienda y el terreno
13950,Noreste,7,propietario de la vivienda y el terreno
13951,Pampeana,1,inquilino o arrendatario
13952,Pampeana,2,propietario de la vivienda y el terreno
13953,Pampeana,4,propietario de la vivienda solamente
13954,Gran Buenos Aires,1,inquilino o arrendatario
13955,Gran Buenos Aires,2,propietario de la vivienda y el terreno
13956,Gran Buenos Aires,2,ocupante por pago de impuestos o expensas
13957,Gran Buenos Aires,2,inquilino o arrendatario
13958,Gran Buenos Aires,1,inquilino o arrendatario
13959,Pampeana,2,inquilino o arrendatario
13960,Pampeana,2,propietario de la vivienda y el terreno
13961,Pampeana,1,propietario de la vivienda y el terreno
13962,Pampeana,1,inquilino o arrendatario
13963,Pampeana,1,propietario de la vivienda y el terreno
13964,Gran Buenos Aires,3,inquilino o arrendatario
13965,Gran Buenos Aires,1,inquilino o arrendatario
13966,Gran Buenos Aires,4,propietario de la vivienda y el terreno
13967,Gran Buenos Aires,3,propietario de la vivienda y el terreno
13968,Gran Buenos Aires,2,inquilino o arrendatario
13969,Pampeana,2,propietario de la vivienda y el terreno
13970,Pampeana,1,propietario de la vivienda y el terreno
13971,Pampeana,3,propietario de la vivienda solamente
13972,Pampeana,3,propietario de la vivienda y el terreno
13973,Cuyo,7,propietario de la vivienda y el terreno
13974,Noroeste,1,inquilino o arrendatario
13975,Patagonia,2,propietario de la vivienda y el terreno
13976,Patagonia,4,propietario de la vivienda y el terreno
13977,Patagonia,1,propietario de la vivienda solamente
13978,Patagonia,3,propietario de la vivienda y el terreno
13979,Patagonia,1,propietario de la vivienda y el terreno
13980,Patagonia,1,propietario de la vivienda y el terreno
13981,Patagonia,1,propietario de la vivienda y el terreno
13982,Pampeana,3,propietario de la vivienda y el terreno
13983,Pampeana,2,propietario de la vivienda y el terreno
13984,Pampeana,5,propietario de la vivienda y el terreno
13985,Pampeana,2,propietario de la vivienda y el terreno
13986,Pampeana,1,propietario de la vivienda y el terreno
13987,Cuyo,1,"ocupante gratuito, con permiso"
13988,Cuyo,5,inquilino o arrendatario
13989,Cuyo,2,propietario de la vivienda y el terreno
13990,Cuyo,2,inquilino o arrendatario
13991,Cuyo,2,propietario de la vivienda y el terreno
13992,Noreste,5,propietario de la vivienda y el terreno
13993,Noreste,4,propietario de la vivienda y el terreno
13994,Noreste,4,propietario de la vivienda y el terreno
13995,Noreste,2,propietario de la vivienda y el terreno
13996,Noreste,4,propietario de la vivienda solamente
13997,Pampeana,2,propietario de la vivienda y el terreno
13998,Pampeana,1,propietario de la vivienda y el terreno
13999,Pampeana,1,propietario de la vivienda y el terreno
14000,Pampeana,3,propietario de la vivienda y el terreno
14001,Noroeste,1,propietario de la vivienda y el terreno
14002,Noroeste,5,propietario de la vivienda y el terreno
14003,Patagonia,3,propietario de la vivienda y el terreno
14004,Patagonia,4,propietario de la vivienda y el terreno
14005,Patagonia,1,propietario de la vivienda y el terreno
14006,Patagonia,4,propietario de la vivienda y el terreno
14007,Noreste,5,propietario de la vivienda y el terreno
14008,Noreste,2,propietario de la vivienda y el terreno
14009,Patagonia,3,propietario de la vivienda y el terreno
14010,Patagonia,1,propietario de la vivienda y el terreno
14011,Cuyo,2,propietario de la vivienda y el terreno
14012,Cuyo,1,"ocupante gratuito, con permiso"
14013,Cuyo,2,propietario de la vivienda y el terreno
14014,Cuyo,5,"ocupante gratuito, con permiso"
14015,Cuyo,5,propietario de la vivienda solamente
14016,Cuyo,1,propietario de la vivienda y el terreno
14017,Gran Buenos Aires,2,propietario de la vivienda solamente
14018,Gran Buenos Aires,8,propietario de la vivienda solamente
14019,Gran Buenos Aires,6,propietario de la vivienda solamente
14020,Gran Buenos Aires,3,propietario de la vivienda y el terreno
14021,Patagonia,1,propietario de la vivienda y el terreno
14022,Gran Buenos Aires,6,propietario de la vivienda y el terreno
14023,Gran Buenos Aires,6,propietario de la vivienda solamente
14024,Gran Buenos Aires,4,propietario de la vivienda y el terreno
14025,Pampeana,2,propietario de la vivienda y el terreno
14026,Gran Buenos Aires,3,ocupante por pago de impuestos o expensas
14027,Gran Buenos Aires,1,propietario de la vivienda solamente
14028,Gran Buenos Aires,1,inquilino o arrendatario
14029,Gran Buenos Aires,2,inquilino o arrendatario
14030,Gran Buenos Aires,2,inquilino o arrendatario
14031,Gran Buenos Aires,3,propietario de la vivienda y el terreno
14032,Noroeste,2,inquilino o arrendatario
14033,Noroeste,2,propietario de la vivienda y el terreno
14034,Noroeste,12,propietario de la vivienda y el terreno
14035,Noroeste,5,propietario de la vivienda y el terreno
14036,Noroeste,1,"ocupante gratuito, con permiso"
14037,Pampeana,2,"ocupante gratuito, con permiso"
14038,Pampeana,2,propietario de la vivienda y el terreno
14039,Noreste,5,propietario de la vivienda y el terreno
14040,Noreste,4,propietario de la vivienda solamente
14041,Noreste,1,propietario de la vivienda y el terreno
14042,Noreste,3,propietario de la vivienda solamente
14043,Noreste,2,propietario de la vivienda y el terreno
14044,Noreste,4,en sucesión
14045,Noreste,5,propietario de la vivienda y el terreno
14046,Pampeana,1,"ocupante gratuito, con permiso"
14047,Pampeana,2,propietario de la vivienda y el terreno
14048,Gran Buenos Aires,5,propietario de la vivienda y el terreno
14049,Gran Buenos Aires,1,propietario de la vivienda solamente
14050,Gran Buenos Aires,2,propietario de la vivienda y el terreno
14051,Gran Buenos Aires,1,"ocupante gratuito, con permiso"
14052,Gran Buenos Aires,2,propietario de la vivienda solamente
14053,Gran Buenos Aires,3,ocupante por pago de impuestos o expensas
14054,Gran Buenos Aires,4,"ocupante gratuito, con permiso"
14055,Gran Buenos Aires,5,propietario de la vivienda y el terreno
14056,Gran Buenos Aires,1,propietario de la vivienda y el terreno
14057,Gran Buenos Aires,4,propietario de la vivienda y el terreno
14058,Gran Buenos Aires,3,propietario de la vivienda y el terreno
14059,Gran Buenos Aires,3,propietario de la vivienda solamente
14060,Gran Buenos Aires,2,propietario de la vivienda y el terreno
14061,Pampeana,1,inquilino o arrendatario
14062,Pampeana,2,inquilino o arrendatario
14063,Pampeana,2,inquilino o arrendatario
14064,Pampeana,3,inquilino o arrendatario
14065,Pampeana,3,inquilino o arrendatario
14066,Noroeste,4,propietario de la vivienda y el terreno
14067,Cuyo,6,propietario de la vivienda y el terreno
14068,Cuyo,5,propietario de la vivienda y el terreno
14069,Patagonia,2,inquilino o arrendatario
14070,Patagonia,2,"ocupante gratuito, con permiso"
14071,Noroeste,4,propietario de la vivienda solamente
14072,Noroeste,1,inquilino o arrendatario
14073,Noroeste,2,propietario de la vivienda y el terreno
14074,Noroeste,1,propietario de la vivienda y el terreno
14075,Noroeste,3,propietario de la vivienda y el terreno
14076,Pampeana,2,"ocupante gratuito, con permiso"
14077,Pampeana,3,inquilino o arrendatario
14078,Pampeana,1,"ocupante gratuito, con permiso"
14079,Pampeana,1,"ocupante gratuito, con permiso"
14080,Pampeana,2,propietario de la vivienda y el terreno
14081,Noreste,2,propietario de la vivienda y el terreno
14082,Noreste,2,propietario de la vivienda y el terreno
14083,Patagonia,3,propietario de la vivienda y el terreno
14084,Noreste,2,propietario de la vivienda y el terreno
14085,Noreste,1,inquilino o arrendatario
14086,Noreste,2,propietario de la vivienda y el terreno
14087,Noreste,7,propietario de la vivienda y el terreno
14088,Patagonia,3,propietario de la vivienda y el terreno
14089,Patagonia,4,propietario de la vivienda solamente
14090,Patagonia,1,propietario de la vivienda y el terreno
14091,Pampeana,4,propietario de la vivienda y el terreno
14092,Pampeana,3,propietario de la vivienda y el terreno
14093,Noreste,4,propietario de la vivienda y el terreno
14094,Noreste,2,inquilino o arrendatario
14095,Noreste,6,propietario de la vivienda solamente
14096,Pampeana,1,propietario de la vivienda y el terreno
14097,Pampeana,7,propietario de la vivienda y el terreno
14098,Pampeana,3,propietario de la vivienda y el terreno
14099,Pampeana,2,propietario de la vivienda y el terreno
14100,Pampeana,1,propietario de la vivienda y el terreno
14101,Pampeana,5,propietario de la vivienda y el terreno
14102,Pampeana,4,propietario de la vivienda y el terreno
14103,Pampeana,4,propietario de la vivienda y el terreno
14104,Noreste,3,ocupante por pago de impuestos o expensas
14105,Noreste,2,inquilino o arrendatario
14106,Pampeana,2,inquilino o arrendatario
14107,Pampeana,2,propietario de la vivienda y el terreno
14108,Pampeana,1,propietario de la vivienda solamente
14109,Pampeana,3,propietario de la vivienda y el terreno
14110,Pampeana,4,inquilino o arrendatario
14111,Patagonia,7,inquilino o arrendatario
14112,Patagonia,3,inquilino o arrendatario
14113,Patagonia,2,propietario de la vivienda y el terreno
14114,Patagonia,3,propietario de la vivienda y el terreno
14115,Pampeana,1,propietario de la vivienda y el terreno
14116,Gran Buenos Aires,2,inquilino o arrendatario
14117,Gran Buenos Aires,1,propietario de la vivienda y el terreno
14118,Cuyo,2,inquilino o arrendatario
14119,Cuyo,1,propietario de la vivienda y el terreno
14120,Cuyo,2,"ocupante gratuito, con permiso"
14121,Cuyo,4,propietario de la vivienda y el terreno
14122,Noroeste,4,propietario de la vivienda y el terreno
14123,Noroeste,3,propietario de la vivienda y el terreno
14124,Noroeste,3,propietario de la vivienda y el terreno
14125,Noroeste,1,propietario de la vivienda y el terreno
14126,Cuyo,1,inquilino o arrendatario
14127,Cuyo,1,propietario de la vivienda y el terreno
14128,Cuyo,4,inquilino o arrendatario
14129,Noroeste,1,inquilino o arrendatario
14130,Noroeste,1,inquilino o arrendatario
14131,Gran Buenos Aires,2,propietario de la vivienda solamente
14132,Gran Buenos Aires,1,propietario de la vivienda solamente
14133,Gran Buenos Aires,1,propietario de la vivienda y el terreno
14134,Gran Buenos Aires,4,inquilino o arrendatario
14135,Gran Buenos Aires,2,"ocupante gratuito, con permiso"
14136,Gran Buenos Aires,2,propietario de la vivienda y el terreno
14137,Gran Buenos Aires,1,propietario de la vivienda solamente
14138,Gran Buenos Aires,1,propietario de la vivienda solamente
14139,Gran Buenos Aires,1,propietario de la vivienda y el terreno
14140,Noroeste,2,ocupante por pago de impuestos o expensas
14141,Noroeste,1,propietario de la vivienda y el terreno
14142,Noroeste,4,propietario de la vivienda solamente
14143,Noroeste,1,propietario de la vivienda y el terreno
14144,Noroeste,1,otra situación
14145,Patagonia,6,inquilino o arrendatario
14146,Patagonia,1,propietario de la vivienda y el terreno
14147,Patagonia,3,propietario de la vivienda y el terreno
14148,Patagonia,5,propietario de la vivienda solamente
14149,Gran Buenos Aires,3,propietario de la vivienda y el terreno
14150,Gran Buenos Aires,3,propietario de la vivienda y el terreno
14151,Gran Buenos Aires,2,inquilino o arrendatario
14152,Gran Buenos Aires,2,"ocupante gratuito, con permiso"
14153,Patagonia,1,propietario de la vivienda y el terreno
14154,Noroeste,1,en sucesión
14155,Noroeste,6,propietario de la vivienda y el terreno
14156,Gran Buenos Aires,4,propietario de la vivienda y el terreno
14157,Pampeana,1,"ocupante gratuito, con permiso"
14158,Pampeana,2,propietario de la vivienda y el terreno
14159,Pampeana,2,propietario de la vivienda y el terreno
14160,Pampeana,2,propietario de la vivienda y el terreno
14161,Noreste,3,propietario de la vivienda y el terreno
14162,Pampeana,2,propietario de la vivienda y el terreno
14163,Pampeana,2,propietario de la vivienda y el terreno
14164,Pampeana,4,"ocupante gratuito, con permiso"
14165,Pampeana,2,propietario de la vivienda y el terreno
14166,Pampeana,4,propietario de la vivienda y el terreno
14167,Pampeana,1,propietario de la vivienda y el terreno
14168,Pampeana,1,propietario de la vivienda y el terreno
14169,Pampeana,1,propietario de la vivienda y el terreno
14170,Pampeana,2,propietario de la vivienda y el terreno
14171,Pampeana,3,"ocupante gratuito, con permiso"
14172,Pampeana,3,inquilino o arrendatario
14173,Pampeana,4,propietario de la vivienda y el terreno
14174,Noreste,4,propietario de la vivienda y el terreno
14175,Noreste,2,propietario de la vivienda y el terreno
14176,Noreste,2,propietario de la vivienda y el terreno
14177,Noreste,3,propietario de la vivienda y el terreno
14178,Noreste,1,"ocupante gratuito, con permiso"
14179,Patagonia,4,propietario de la vivienda y el terreno
14180,Patagonia,1,inquilino o arrendatario
14181,Patagonia,4,propietario de la vivienda solamente
14182,Patagonia,1,propietario de la vivienda y el terreno
14183,Patagonia,6,propietario de la vivienda y el terreno
14184,Pampeana,2,propietario de la vivienda y el terreno
14185,Pampeana,4,inquilino o arrendatario
14186,Pampeana,4,propietario de la vivienda y el terreno
14187,Pampeana,1,propietario de la vivienda y el terreno
14188,Pampeana,2,propietario de la vivienda y el terreno
14189,Pampeana,1,propietario de la vivienda y el terreno
14190,Pampeana,1,"ocupante gratuito, con permiso"
14191,Pampeana,6,propietario de la vivienda y el terreno
14192,Pampeana,2,propietario de la vivienda y el terreno
14193,Pampeana,3,propietario de la vivienda y el terreno
14194,Patagonia,5,propietario de la vivienda solamente
14195,Noroeste,5,propietario de la vivienda y el terreno
14196,Noroeste,4,propietario de la vivienda y el terreno
14197,Noroeste,2,propietario de la vivienda y el terreno
14198,Noroeste,1,propietario de la vivienda y el terreno
14199,Pampeana,5,propietario de la vivienda y el terreno
14200,Pampeana,2,inquilino o arrendatario
14201,Pampeana,3,propietario de la vivienda y el terreno
14202,Pampeana,3,propietario de la vivienda y el terreno
14203,Pampeana,2,propietario de la vivienda y el terreno
14204,Noroeste,4,ocupante en relación de dependencia
14205,Noroeste,7,propietario de la vivienda y el terreno
14206,Pampeana,5,propietario de la vivienda y el terreno
14207,Pampeana,3,ocupante por pago de impuestos o expensas
14208,Pampeana,1,propietario de la vivienda y el terreno
14209,Patagonia,1,propietario de la vivienda y el terreno
14210,Patagonia,1,propietario de la vivienda y el terreno
14211,Patagonia,4,propietario de la vivienda y el terreno
14212,Pampeana,2,"ocupante gratuito, con permiso"
14213,Noroeste,3,inquilino o arrendatario
14214,Noroeste,4,propietario de la vivienda y el terreno
14215,Noroeste,3,propietario de la vivienda y el terreno
14216,Noroeste,1,propietario de la vivienda solamente
14217,Cuyo,4,ocupante por pago de impuestos o expensas
14218,Cuyo,2,inquilino o arrendatario
14219,Pampeana,3,en sucesión
14220,Pampeana,2,propietario de la vivienda y el terreno
14221,Noreste,3,propietario de la vivienda y el terreno
14222,Noreste,2,propietario de la vivienda y el terreno
14223,Noreste,5,propietario de la vivienda y el terreno
14224,Cuyo,4,"ocupante gratuito, con permiso"
14225,Cuyo,2,propietario de la vivienda y el terreno
14226,Cuyo,1,inquilino o arrendatario
14227,Cuyo,1,propietario de la vivienda y el terreno
14228,Noreste,5,inquilino o arrendatario
14229,Noreste,3,inquilino o arrendatario
14230,Noreste,3,propietario de la vivienda y el terreno
14231,Noreste,4,propietario de la vivienda y el terreno
14232,Noreste,3,propietario de la vivienda solamente
14233,Noreste,4,propietario de la vivienda solamente
14234,Noreste,1,propietario de la vivienda y el terreno
14235,Noreste,1,propietario de la vivienda y el terreno
14236,Gran Buenos Aires,5,propietario de la vivienda y el terreno
14237,Gran Buenos Aires,2,propietario de la vivienda y el terreno
14238,Gran Buenos Aires,1,propietario de la vivienda y el terreno
14239,Gran Buenos Aires,2,propietario de la vivienda y el terreno
14240,Gran Buenos Aires,2,propietario de la vivienda y el terreno
14241,Gran Buenos Aires,4,propietario de la vivienda y el terreno
14242,Gran Buenos Aires,2,propietario de la vivienda y el terreno
14243,Gran Buenos Aires,2,propietario de la vivienda y el terreno
14244,Gran Buenos Aires,3,propietario de la vivienda y el terreno
14245,Gran Buenos Aires,1,propietario de la vivienda y el terreno
14246,Gran Buenos Aires,2,propietario de la vivienda y el terreno
14247,Gran Buenos Aires,3,propietario de la vivienda y el terreno
14248,Gran Buenos Aires,1,propietario de la vivienda y el terreno
14249,Gran Buenos Aires,1,inquilino o arrendatario
14250,Pampeana,3,propietario de la vivienda y el terreno
14251,Noroeste,7,propietario de la vivienda solamente
14252,Noroeste,3,propietario de la vivienda y el terreno
14253,Noroeste,4,"ocupante gratuito, con permiso"
14254,Noroeste,4,propietario de la vivienda y el terreno
14255,Noroeste,11,propietario de la vivienda y el terreno
14256,Patagonia,3,propietario de la vivienda y el terreno
14257,Cuyo,5,propietario de la vivienda y el terreno
14258,Cuyo,3,inquilino o arrendatario
14259,Cuyo,3,"ocupante gratuito, con permiso"
14260,Cuyo,1,propietario de la vivienda y el terreno
14261,Noroeste,2,propietario de la vivienda y el terreno
14262,Cuyo,4,"ocupante gratuito, con permiso"
14263,Cuyo,5,"ocupante de hecho, sin permiso"
14264,Cuyo,4,propietario de la vivienda y el terreno
14265,Pampeana,4,propietario de la vivienda y el terreno
14266,Noreste,3,propietario de la vivienda y el terreno
14267,Noreste,4,"ocupante gratuito, con permiso"
14268,Noreste,2,propietario de la vivienda y el terreno
14269,Noreste,2,propietario de la vivienda y el terreno
14270,Noreste,1,ocupante por pago de impuestos o expensas
14271,Noreste,2,propietario de la vivienda y el terreno
14272,Noreste,2,"ocupante gratuito, con permiso"
14273,Noreste,4,"ocupante gratuito, con permiso"
14274,Pampeana,1,propietario de la vivienda y el terreno
14275,Pampeana,1,propietario de la vivienda y el terreno
14276,Pampeana,3,inquilino o arrendatario
14277,Pampeana,1,propietario de la vivienda y el terreno
14278,Pampeana,4,propietario de la vivienda solamente
14279,Pampeana,1,inquilino o arrendatario
14280,Pampeana,1,inquilino o arrendatario
14281,Pampeana,2,inquilino o arrendatario
14282,Pampeana,2,propietario de la vivienda y el terreno
14283,Pampeana,1,inquilino o arrendatario
14284,Pampeana,2,inquilino o arrendatario
14285,Pampeana,3,propietario de la vivienda y el terreno
14286,Cuyo,4,propietario de la vivienda y el terreno
14287,Cuyo,3,inquilino o arrendatario
14288,Cuyo,2,propietario de la vivienda y el terreno
14289,Cuyo,3,propietario de la vivienda y el terreno
14290,Cuyo,3,propietario de la vivienda y el terreno
14291,Noroeste,2,inquilino o arrendatario
14292,Patagonia,1,ocupante por pago de impuestos o expensas
14293,Patagonia,3,propietario de la vivienda y el terreno
14294,Cuyo,3,"ocupante gratuito, con permiso"
14295,Cuyo,8,ocupante en relación de dependencia
14296,Cuyo,5,propietario de la vivienda y el terreno
14297,Cuyo,2,propietario de la vivienda y el terreno
14298,Cuyo,3,"ocupante gratuito, con permiso"
14299,Cuyo,5,inquilino o arrendatario
14300,Cuyo,3,propietario de la vivienda y el terreno
14301,Cuyo,1,propietario de la vivienda y el terreno
14302,Cuyo,2,inquilino o arrendatario
14303,Cuyo,2,inquilino o arrendatario
14304,Noroeste,4,propietario de la vivienda y el terreno
14305,Gran Buenos Aires,2,inquilino o arrendatario
14306,Gran Buenos Aires,6,propietario de la vivienda solamente
14307,Gran Buenos Aires,2,propietario de la vivienda y el terreno
14308,Gran Buenos Aires,2,inquilino o arrendatario
14309,Pampeana,4,propietario de la vivienda y el terreno
14310,Pampeana,3,propietario de la vivienda y el terreno
14311,Pampeana,2,propietario de la vivienda solamente
14312,Pampeana,4,propietario de la vivienda solamente
14313,Pampeana,5,propietario de la vivienda y el terreno
14314,Pampeana,3,propietario de la vivienda y el terreno
14315,Pampeana,5,propietario de la vivienda y el terreno
14316,Pampeana,3,propietario de la vivienda y el terreno
14317,Pampeana,1,propietario de la vivienda y el terreno
14318,Pampeana,2,inquilino o arrendatario
14319,Pampeana,1,inquilino o arrendatario
14320,Noroeste,2,propietario de la vivienda y el terreno
14321,Noroeste,7,propietario de la vivienda y el terreno
14322,Noroeste,2,propietario de la vivienda y el terreno
14323,Patagonia,3,propietario de la vivienda y el terreno
14324,Patagonia,1,propietario de la vivienda y el terreno
14325,Patagonia,2,propietario de la vivienda y el terreno
14326,Patagonia,5,inquilino o arrendatario
14327,Patagonia,2,propietario de la vivienda y el terreno
14328,Pampeana,1,propietario de la vivienda y el terreno
14329,Pampeana,3,propietario de la vivienda y el terreno
14330,Pampeana,4,propietario de la vivienda y el terreno
14331,Pampeana,11,propietario de la vivienda y el terreno
14332,Pampeana,2,propietario de la vivienda y el terreno
14333,Pampeana,3,inquilino o arrendatario
14334,Pampeana,6,propietario de la vivienda y el terreno
14335,Pampeana,2,"ocupante gratuito, con permiso"
14336,Pampeana,1,propietario de la vivienda y el terreno
14337,Pampeana,4,propietario de la vivienda y el terreno
14338,Gran Buenos Aires,2,"ocupante gratuito, con permiso"
14339,Gran Buenos Aires,1,propietario de la vivienda y el terreno
14340,Gran Buenos Aires,3,propietario de la vivienda y el terreno
14341,Gran Buenos Aires,3,propietario de la vivienda y el terreno
14342,Gran Buenos Aires,1,propietario de la vivienda y el terreno
14343,Gran Buenos Aires,4,ocupante por pago de impuestos o expensas
14344,Gran Buenos Aires,1,propietario de la vivienda y el terreno
14345,Gran Buenos Aires,1,"ocupante gratuito, con permiso"
14346,Gran Buenos Aires,3,"ocupante gratuito, con permiso"
14347,Gran Buenos Aires,4,propietario de la vivienda y el terreno
14348,Gran Buenos Aires,2,"ocupante gratuito, con permiso"
14349,Gran Buenos Aires,5,inquilino o arrendatario
14350,Gran Buenos Aires,2,propietario de la vivienda y el terreno
14351,Gran Buenos Aires,1,"ocupante gratuito, con permiso"
14352,Gran Buenos Aires,4,"ocupante gratuito, con permiso"
14353,Gran Buenos Aires,4,"ocupante gratuito, con permiso"
14354,Gran Buenos Aires,5,propietario de la vivienda y el terreno
14355,Pampeana,3,inquilino o arrendatario
14356,Pampeana,1,propietario de la vivienda y el terreno
14357,Pampeana,1,propietario de la vivienda y el terreno
14358,Noroeste,2,inquilino o arrendatario
14359,Cuyo,2,propietario de la vivienda y el terreno
14360,Noreste,4,propietario de la vivienda y el terreno
14361,Noreste,2,propietario de la vivienda y el terreno
14362,Noreste,1,propietario de la vivienda y el terreno
14363,Pampeana,2,propietario de la vivienda y el terreno
14364,Pampeana,3,propietario de la vivienda y el terreno
14365,Pampeana,2,propietario de la vivienda y el terreno
14366,Pampeana,4,propietario de la vivienda y el terreno
14367,Pampeana,6,propietario de la vivienda solamente
14368,Pampeana,1,propietario de la vivienda y el terreno
14369,Pampeana,1,propietario de la vivienda y el terreno
14370,Pampeana,5,inquilino o arrendatario
14371,Pampeana,1,propietario de la vivienda y el terreno
14372,Pampeana,1,propietario de la vivienda y el terreno
14373,Noroeste,2,propietario de la vivienda y el terreno
14374,Noroeste,1,propietario de la vivienda y el terreno
14375,Noroeste,2,propietario de la vivienda y el terreno
14376,Noroeste,6,propietario de la vivienda y el terreno
14377,Noroeste,2,propietario de la vivienda y el terreno
14378,Noroeste,3,inquilino o arrendatario
14379,Noroeste,1,inquilino o arrendatario
14380,Noroeste,1,propietario de la vivienda y el terreno
14381,Noroeste,3,inquilino o arrendatario
14382,Noreste,3,inquilino o arrendatario
14383,Noreste,1,en sucesión
14384,Noreste,5,inquilino o arrendatario
14385,Noreste,4,"ocupante gratuito, con permiso"
14386,Noreste,2,propietario de la vivienda y el terreno
14387,Noreste,4,propietario de la vivienda y el terreno
14388,Noreste,2,propietario de la vivienda y el terreno
14389,Gran Buenos Aires,6,propietario de la vivienda y el terreno
14390,Gran Buenos Aires,1,propietario de la vivienda y el terreno
14391,Gran Buenos Aires,1,inquilino o arrendatario
14392,Gran Buenos Aires,3,inquilino o arrendatario
14393,Gran Buenos Aires,3,"ocupante gratuito, con permiso"
14394,Gran Buenos Aires,2,propietario de la vivienda y el terreno
14395,Gran Buenos Aires,3,propietario de la vivienda y el terreno
14396,Noroeste,4,ocupante por pago de impuestos o expensas
14397,Noroeste,5,propietario de la vivienda y el terreno
14398,Noroeste,3,inquilino o arrendatario
14399,Noroeste,4,propietario de la vivienda y el terreno
14400,Noroeste,1,inquilino o arrendatario
14401,Noroeste,1,inquilino o arrendatario
14402,Noroeste,2,propietario de la vivienda y el terreno
14403,Noroeste,3,propietario de la vivienda y el terreno
14404,Noroeste,5,inquilino o arrendatario
14405,Noroeste,1,propietario de la vivienda y el terreno
14406,Cuyo,1,propietario de la vivienda y el terreno
14407,Cuyo,1,inquilino o arrendatario
14408,Cuyo,2,propietario de la vivienda y el terreno
14409,Cuyo,4,propietario de la vivienda y el terreno
14410,Cuyo,5,propietario de la vivienda y el terreno
14411,Patagonia,4,propietario de la vivienda y el terreno
14412,Patagonia,2,inquilino o arrendatario
14413,Pampeana,3,propietario de la vivienda y el terreno
14414,Pampeana,3,propietario de la vivienda solamente
14415,Noreste,4,propietario de la vivienda y el terreno
14416,Pampeana,5,propietario de la vivienda y el terreno
14417,Gran Buenos Aires,2,inquilino o arrendatario
14418,Gran Buenos Aires,3,propietario de la vivienda y el terreno
14419,Pampeana,4,inquilino o arrendatario
14420,Gran Buenos Aires,1,"ocupante gratuito, con permiso"
14421,Gran Buenos Aires,2,"ocupante gratuito, con permiso"
14422,Gran Buenos Aires,1,en sucesión
14423,Gran Buenos Aires,1,inquilino o arrendatario
14424,Pampeana,3,propietario de la vivienda y el terreno
14425,Pampeana,3,propietario de la vivienda y el terreno
14426,Pampeana,1,inquilino o arrendatario
14427,Pampeana,10,propietario de la vivienda solamente
14428,Patagonia,2,en sucesión
14429,Patagonia,4,propietario de la vivienda y el terreno
14430,Gran Buenos Aires,6,inquilino o arrendatario
14431,Pampeana,1,propietario de la vivienda solamente
14432,Patagonia,1,inquilino o arrendatario
14433,Patagonia,2,inquilino o arrendatario
14434,Patagonia,2,inquilino o arrendatario
14435,Patagonia,3,inquilino o arrendatario
14436,Patagonia,3,propietario de la vivienda y el terreno
14437,Noreste,5,propietario de la vivienda y el terreno
14438,Noreste,2,propietario de la vivienda y el terreno
14439,Noroeste,4,propietario de la vivienda y el terreno
14440,Noroeste,1,propietario de la vivienda y el terreno
14441,Noroeste,2,inquilino o arrendatario
14442,Noroeste,3,propietario de la vivienda y el terreno
14443,Noroeste,1,inquilino o arrendatario
14444,Noroeste,5,propietario de la vivienda y el terreno
14445,Noroeste,2,propietario de la vivienda y el terreno
14446,Gran Buenos Aires,4,propietario de la vivienda y el terreno
14447,Gran Buenos Aires,2,inquilino o arrendatario
14448,Gran Buenos Aires,3,propietario de la vivienda y el terreno
14449,Gran Buenos Aires,5,propietario de la vivienda solamente
14450,Gran Buenos Aires,2,propietario de la vivienda y el terreno
14451,Pampeana,2,propietario de la vivienda y el terreno
14452,Pampeana,2,propietario de la vivienda y el terreno
14453,Pampeana,7,propietario de la vivienda y el terreno
14454,Pampeana,6,propietario de la vivienda y el terreno
14455,Pampeana,2,propietario de la vivienda y el terreno
14456,Gran Buenos Aires,5,propietario de la vivienda y el terreno
14457,Gran Buenos Aires,1,propietario de la vivienda y el terreno
14458,Gran Buenos Aires,2,propietario de la vivienda y el terreno
14459,Patagonia,5,inquilino o arrendatario
14460,Pampeana,1,inquilino o arrendatario
14461,Noreste,2,propietario de la vivienda y el terreno
14462,Noreste,5,propietario de la vivienda y el terreno
14463,Noreste,3,ocupante por pago de impuestos o expensas
14464,Cuyo,1,propietario de la vivienda y el terreno
14465,Cuyo,1,inquilino o arrendatario
14466,Cuyo,4,propietario de la vivienda y el terreno
14467,Cuyo,2,propietario de la vivienda y el terreno
14468,Cuyo,4,propietario de la vivienda y el terreno
14469,Pampeana,3,"ocupante gratuito, con permiso"
14470,Pampeana,2,propietario de la vivienda y el terreno
14471,Pampeana,3,inquilino o arrendatario
14472,Pampeana,1,inquilino o arrendatario
14473,Pampeana,3,inquilino o arrendatario
14474,Noreste,1,propietario de la vivienda solamente
14475,Noreste,1,propietario de la vivienda y el terreno
14476,Noreste,2,propietario de la vivienda y el terreno
14477,Noreste,5,inquilino o arrendatario
14478,Noreste,2,propietario de la vivienda y el terreno
14479,Patagonia,1,propietario de la vivienda y el terreno
14480,Patagonia,2,propietario de la vivienda y el terreno
14481,Noroeste,5,"ocupante gratuito, con permiso"
14482,Noroeste,6,propietario de la vivienda y el terreno
14483,Noroeste,5,propietario de la vivienda y el terreno
14484,Noroeste,1,inquilino o arrendatario
14485,Pampeana,2,inquilino o arrendatario
14486,Noroeste,3,propietario de la vivienda y el terreno
14487,Pampeana,3,propietario de la vivienda y el terreno
14488,Pampeana,1,inquilino o arrendatario
14489,Noroeste,3,"ocupante gratuito, con permiso"
14490,Patagonia,3,inquilino o arrendatario
14491,Pampeana,2,propietario de la vivienda y el terreno
14492,Pampeana,3,inquilino o arrendatario
14493,Pampeana,2,inquilino o arrendatario
14494,Patagonia,1,propietario de la vivienda y el terreno
14495,Pampeana,1,propietario de la vivienda y el terreno
14496,Pampeana,1,inquilino o arrendatario
14497,Pampeana,2,"ocupante gratuito, con permiso"
14498,Noroeste,3,propietario de la vivienda y el terreno
14499,Noroeste,1,inquilino o arrendatario
14500,Cuyo,3,propietario de la vivienda y el terreno
14501,Cuyo,2,inquilino o arrendatario
14502,Cuyo,4,propietario de la vivienda y el terreno
14503,Cuyo,2,propietario de la vivienda y el terreno
14504,Patagonia,2,propietario de la vivienda solamente
14505,Noroeste,4,propietario de la vivienda y el terreno
14506,Noroeste,7,propietario de la vivienda y el terreno
14507,Noroeste,1,propietario de la vivienda y el terreno
14508,Pampeana,3,propietario de la vivienda y el terreno
14509,Pampeana,1,"ocupante gratuito, con permiso"
14510,Pampeana,3,propietario de la vivienda y el terreno
14511,Pampeana,4,propietario de la vivienda y el terreno
14512,Pampeana,3,propietario de la vivienda y el terreno
14513,Pampeana,4,inquilino o arrendatario
14514,Pampeana,4,propietario de la vivienda y el terreno
14515,Pampeana,1,inquilino o arrendatario
14516,Pampeana,2,inquilino o arrendatario
14517,Pampeana,6,propietario de la vivienda solamente
14518,Pampeana,2,inquilino o arrendatario
14519,Gran Buenos Aires,4,propietario de la vivienda y el terreno
14520,Gran Buenos Aires,2,propietario de la vivienda y el terreno
14521,Gran Buenos Aires,1,propietario de la vivienda y el terreno
14522,Gran Buenos Aires,4,propietario de la vivienda y el terreno
14523,Gran Buenos Aires,2,propietario de la vivienda y el terreno
14524,Gran Buenos Aires,3,"ocupante gratuito, con permiso"
14525,Pampeana,3,propietario de la vivienda y el terreno
14526,Pampeana,1,propietario de la vivienda y el terreno
14527,Pampeana,1,"ocupante gratuito, con permiso"
14528,Pampeana,4,propietario de la vivienda y el terreno
14529,Pampeana,4,propietario de la vivienda y el terreno
14530,Pampeana,3,inquilino o arrendatario
14531,Gran Buenos Aires,3,"ocupante gratuito, con permiso"
14532,Gran Buenos Aires,1,propietario de la vivienda y el terreno
14533,Gran Buenos Aires,1,propietario de la vivienda y el terreno
14534,Gran Buenos Aires,6,propietario de la vivienda y el terreno
14535,Gran Buenos Aires,4,propietario de la vivienda y el terreno
14536,Noroeste,5,propietario de la vivienda y el terreno
14537,Noroeste,1,inquilino o arrendatario
14538,Noroeste,9,propietario de la vivienda y el terreno
14539,Pampeana,1,propietario de la vivienda y el terreno
14540,Pampeana,4,"ocupante gratuito, con permiso"
14541,Noroeste,1,inquilino o arrendatario
14542,Noroeste,4,propietario de la vivienda y el terreno
14543,Noroeste,4,propietario de la vivienda y el terreno
14544,Noroeste,2,propietario de la vivienda solamente
14545,Noroeste,9,"ocupante gratuito, con permiso"
14546,Noroeste,1,inquilino o arrendatario
14547,Noreste,1,propietario de la vivienda y el terreno
14548,Noreste,4,propietario de la vivienda y el terreno
14549,Noreste,5,propietario de la vivienda y el terreno
14550,Noreste,1,propietario de la vivienda y el terreno
14551,Pampeana,3,inquilino o arrendatario
14552,Pampeana,1,inquilino o arrendatario
14553,Pampeana,1,propietario de la vivienda y el terreno
14554,Pampeana,1,inquilino o arrendatario
14555,Pampeana,2,propietario de la vivienda y el terreno
14556,Patagonia,1,propietario de la vivienda y el terreno
14557,Patagonia,2,propietario de la vivienda y el terreno
14558,Cuyo,1,"ocupante gratuito, con permiso"
14559,Cuyo,2,inquilino o arrendatario
14560,Cuyo,4,propietario de la vivienda y el terreno
14561,Gran Buenos Aires,2,propietario de la vivienda solamente
14562,Gran Buenos Aires,2,"ocupante gratuito, con permiso"
14563,Gran Buenos Aires,2,propietario de la vivienda y el terreno
14564,Pampeana,3,"ocupante gratuito, con permiso"
14565,Pampeana,1,propietario de la vivienda y el terreno
14566,Noroeste,3,propietario de la vivienda y el terreno
14567,Noroeste,2,propietario de la vivienda y el terreno
14568,Noroeste,1,propietario de la vivienda y el terreno
14569,Noroeste,4,propietario de la vivienda y el terreno
14570,Cuyo,1,propietario de la vivienda y el terreno
14571,Pampeana,2,inquilino o arrendatario
14572,Pampeana,2,propietario de la vivienda y el terreno
14573,Pampeana,2,propietario de la vivienda y el terreno
14574,Pampeana,1,inquilino o arrendatario
14575,Pampeana,2,propietario de la vivienda y el terreno
14576,Pampeana,1,propietario de la vivienda y el terreno
14577,Pampeana,1,propietario de la vivienda y el terreno
14578,Pampeana,3,inquilino o arrendatario
14579,Pampeana,2,propietario de la vivienda y el terreno
14580,Pampeana,2,propietario de la vivienda y el terreno
14581,Pampeana,2,propietario de la vivienda y el terreno
14582,Pampeana,4,"ocupante gratuito, con permiso"
14583,Noreste,4,propietario de la vivienda y el terreno
14584,Noroeste,2,inquilino o arrendatario
14585,Noroeste,2,propietario de la vivienda y el terreno
14586,Noroeste,1,inquilino o arrendatario
14587,Noroeste,3,inquilino o arrendatario
14588,Noroeste,2,inquilino o arrendatario
14589,Noreste,3,propietario de la vivienda y el terreno
14590,Gran Buenos Aires,4,inquilino o arrendatario
14591,Pampeana,3,propietario de la vivienda y el terreno
14592,Pampeana,2,propietario de la vivienda solamente
14593,Pampeana,2,propietario de la vivienda y el terreno
14594,Pampeana,3,propietario de la vivienda y el terreno
14595,Pampeana,4,propietario de la vivienda y el terreno
14596,Pampeana,4,propietario de la vivienda y el terreno
14597,Pampeana,1,propietario de la vivienda y el terreno
14598,Pampeana,3,"ocupante gratuito, con permiso"
14599,Noroeste,2,propietario de la vivienda y el terreno
14600,Noroeste,2,inquilino o arrendatario
14601,Noroeste,1,inquilino o arrendatario
14602,Noroeste,6,propietario de la vivienda y el terreno
14603,Noroeste,8,propietario de la vivienda y el terreno
14604,Noreste,2,propietario de la vivienda y el terreno
14605,Noreste,7,propietario de la vivienda y el terreno
14606,Pampeana,4,propietario de la vivienda y el terreno
14607,Pampeana,3,propietario de la vivienda y el terreno
14608,Pampeana,2,propietario de la vivienda y el terreno
14609,Pampeana,1,inquilino o arrendatario
14610,Pampeana,3,propietario de la vivienda y el terreno
14611,Pampeana,5,"ocupante gratuito, con permiso"
14612,Cuyo,2,propietario de la vivienda y el terreno
14613,Pampeana,1,propietario de la vivienda y el terreno
14614,Pampeana,5,propietario de la vivienda y el terreno
14615,Pampeana,2,propietario de la vivienda y el terreno
14616,Pampeana,2,inquilino o arrendatario
14617,Pampeana,4,propietario de la vivienda y el terreno
14618,Pampeana,1,propietario de la vivienda y el terreno
14619,Pampeana,3,propietario de la vivienda y el terreno
14620,Pampeana,2,propietario de la vivienda y el terreno
14621,Pampeana,3,inquilino o arrendatario
14622,Pampeana,2,inquilino o arrendatario
14623,Pampeana,2,propietario de la vivienda y el terreno
14624,Pampeana,2,inquilino o arrendatario
14625,Pampeana,2,inquilino o arrendatario
14626,Pampeana,3,inquilino o arrendatario
14627,Pampeana,4,propietario de la vivienda y el terreno
14628,Patagonia,1,propietario de la vivienda y el terreno
14629,Patagonia,1,propietario de la vivienda y el terreno
14630,Patagonia,3,inquilino o arrendatario
14631,Patagonia,1,inquilino o arrendatario
14632,Noroeste,1,propietario de la vivienda y el terreno
14633,Pampeana,2,propietario de la vivienda y el terreno
14634,Pampeana,1,propietario de la vivienda y el terreno
14635,Pampeana,1,inquilino o arrendatario
14636,Pampeana,2,propietario de la vivienda y el terreno
14637,Pampeana,2,inquilino o arrendatario
14638,Pampeana,3,inquilino o arrendatario
14639,Pampeana,1,inquilino o arrendatario
14640,Cuyo,3,propietario de la vivienda y el terreno
14641,Cuyo,2,inquilino o arrendatario
14642,Cuyo,1,"ocupante gratuito, con permiso"
14643,Cuyo,3,propietario de la vivienda y el terreno
14644,Cuyo,2,propietario de la vivienda y el terreno
14645,Patagonia,2,propietario de la vivienda y el terreno
14646,Patagonia,3,propietario de la vivienda y el terreno
14647,Patagonia,5,propietario de la vivienda y el terreno
14648,Patagonia,2,propietario de la vivienda y el terreno
14649,Patagonia,1,inquilino o arrendatario
14650,Noreste,2,propietario de la vivienda y el terreno
14651,Noreste,3,"ocupante gratuito, con permiso"
14652,Noreste,1,propietario de la vivienda y el terreno
14653,Patagonia,7,propietario de la vivienda y el terreno
14654,Patagonia,5,propietario de la vivienda y el terreno
14655,Noroeste,2,propietario de la vivienda y el terreno
14656,Noroeste,4,inquilino o arrendatario
14657,Noroeste,2,propietario de la vivienda y el terreno
14658,Patagonia,2,inquilino o arrendatario
14659,Patagonia,1,propietario de la vivienda y el terreno
14660,Patagonia,5,inquilino o arrendatario
14661,Patagonia,2,inquilino o arrendatario
14662,Patagonia,4,propietario de la vivienda y el terreno
14663,Noreste,3,propietario de la vivienda y el terreno
14664,Noreste,2,propietario de la vivienda y el terreno
14665,Noreste,1,en sucesión
14666,Noreste,1,propietario de la vivienda solamente
14667,Noreste,5,propietario de la vivienda solamente
14668,Noreste,5,propietario de la vivienda y el terreno
14669,Cuyo,2,propietario de la vivienda y el terreno
14670,Cuyo,2,propietario de la vivienda y el terreno
14671,Cuyo,2,inquilino o arrendatario
14672,Noreste,5,propietario de la vivienda y el terreno
14673,Noreste,2,propietario de la vivienda y el terreno
14674,Noreste,1,propietario de la vivienda y el terreno
14675,Noreste,1,propietario de la vivienda y el terreno
14676,Noreste,2,propietario de la vivienda y el terreno
14677,Noreste,2,inquilino o arrendatario
14678,Noroeste,4,propietario de la vivienda y el terreno
14679,Gran Buenos Aires,2,inquilino o arrendatario
14680,Gran Buenos Aires,4,propietario de la vivienda y el terreno
14681,Gran Buenos Aires,5,propietario de la vivienda y el terreno
14682,Gran Buenos Aires,4,propietario de la vivienda y el terreno
14683,Gran Buenos Aires,5,ocupante por pago de impuestos o expensas
14684,Gran Buenos Aires,5,propietario de la vivienda y el terreno
14685,Gran Buenos Aires,2,propietario de la vivienda y el terreno
14686,Gran Buenos Aires,1,inquilino o arrendatario
14687,Gran Buenos Aires,3,propietario de la vivienda solamente
14688,Gran Buenos Aires,3,ocupante por pago de impuestos o expensas
14689,Gran Buenos Aires,4,propietario de la vivienda y el terreno
14690,Patagonia,3,propietario de la vivienda solamente
14691,Noroeste,1,propietario de la vivienda y el terreno
14692,Noroeste,1,inquilino o arrendatario
14693,Cuyo,2,propietario de la vivienda y el terreno
14694,Cuyo,1,propietario de la vivienda y el terreno
14695,Pampeana,2,propietario de la vivienda y el terreno
14696,Noreste,1,"ocupante gratuito, con permiso"
14697,Noreste,5,propietario de la vivienda y el terreno
14698,Noreste,3,propietario de la vivienda y el terreno
14699,Patagonia,2,inquilino o arrendatario
14700,Patagonia,2,inquilino o arrendatario
14701,Patagonia,5,ocupante por pago de impuestos o expensas
14702,Patagonia,3,inquilino o arrendatario
14703,Patagonia,1,propietario de la vivienda y el terreno
14704,Gran Buenos Aires,2,propietario de la vivienda y el terreno
14705,Gran Buenos Aires,4,inquilino o arrendatario
14706,Pampeana,1,inquilino o arrendatario
14707,Pampeana,2,propietario de la vivienda y el terreno
14708,Pampeana,7,propietario de la vivienda y el terreno
14709,Gran Buenos Aires,1,propietario de la vivienda solamente
14710,Gran Buenos Aires,2,inquilino o arrendatario
14711,Pampeana,2,propietario de la vivienda y el terreno
14712,Pampeana,1,propietario de la vivienda y el terreno
14713,Pampeana,1,propietario de la vivienda y el terreno
14714,Pampeana,3,"ocupante gratuito, con permiso"
14715,Gran Buenos Aires,3,propietario de la vivienda solamente
14716,Gran Buenos Aires,3,propietario de la vivienda y el terreno
14717,Cuyo,1,inquilino o arrendatario
14718,Cuyo,3,inquilino o arrendatario
14719,Cuyo,3,propietario de la vivienda y el terreno
14720,Cuyo,2,propietario de la vivienda y el terreno
14721,Cuyo,3,propietario de la vivienda y el terreno
14722,Pampeana,2,en sucesión
14723,Pampeana,2,propietario de la vivienda y el terreno
14724,Pampeana,2,propietario de la vivienda y el terreno
14725,Pampeana,1,"ocupante gratuito, con permiso"
14726,Pampeana,2,propietario de la vivienda solamente
14727,Pampeana,5,propietario de la vivienda y el terreno
14728,Pampeana,1,propietario de la vivienda y el terreno
14729,Pampeana,2,propietario de la vivienda y el terreno
14730,Pampeana,6,en sucesión
14731,Pampeana,3,propietario de la vivienda y el terreno
14732,Patagonia,1,propietario de la vivienda solamente
14733,Patagonia,3,"ocupante gratuito, con permiso"
14734,Gran Buenos Aires,3,inquilino o arrendatario
14735,Gran Buenos Aires,2,propietario de la vivienda y el terreno
14736,Noroeste,3,"ocupante gratuito, con permiso"
14737,Noroeste,2,inquilino o arrendatario
14738,Noroeste,1,inquilino o arrendatario
14739,Pampeana,4,inquilino o arrendatario
14740,Pampeana,2,inquilino o arrendatario
14741,Gran Buenos Aires,1,propietario de la vivienda y el terreno
14742,Gran Buenos Aires,1,inquilino o arrendatario
14743,Gran Buenos Aires,3,ocupante por pago de impuestos o expensas
14744,Gran Buenos Aires,4,propietario de la vivienda y el terreno
14745,Gran Buenos Aires,2,propietario de la vivienda y el terreno
14746,Noreste,4,propietario de la vivienda y el terreno
14747,Noreste,1,propietario de la vivienda y el terreno
14748,Noreste,2,inquilino o arrendatario
14749,Noreste,4,propietario de la vivienda y el terreno
14750,Noreste,2,propietario de la vivienda y el terreno
14751,Noreste,3,propietario de la vivienda y el terreno
14752,Noreste,5,propietario de la vivienda y el terreno
14753,Noreste,3,propietario de la vivienda y el terreno
14754,Noreste,4,propietario de la vivienda y el terreno
14755,Noreste,7,propietario de la vivienda y el terreno
14756,Pampeana,3,inquilino o arrendatario
14757,Pampeana,1,propietario de la vivienda y el terreno
14758,Pampeana,1,inquilino o arrendatario
14759,Patagonia,4,propietario de la vivienda y el terreno
14760,Patagonia,3,"ocupante gratuito, con permiso"
14761,Patagonia,3,inquilino o arrendatario
14762,Patagonia,2,propietario de la vivienda y el terreno
14763,Patagonia,4,propietario de la vivienda y el terreno
14764,Pampeana,1,propietario de la vivienda y el terreno
14765,Pampeana,1,propietario de la vivienda y el terreno
14766,Pampeana,1,propietario de la vivienda y el terreno
14767,Pampeana,4,propietario de la vivienda y el terreno
14768,Noreste,1,propietario de la vivienda solamente
14769,Noreste,3,propietario de la vivienda y el terreno
14770,Noreste,5,propietario de la vivienda solamente
14771,Noreste,4,inquilino o arrendatario
14772,Noreste,1,propietario de la vivienda solamente
14773,Patagonia,1,inquilino o arrendatario
14774,Patagonia,4,inquilino o arrendatario
14775,Patagonia,1,propietario de la vivienda y el terreno
14776,Patagonia,1,inquilino o arrendatario
14777,Patagonia,2,propietario de la vivienda y el terreno
14778,Cuyo,3,"ocupante gratuito, con permiso"
14779,Noreste,2,propietario de la vivienda y el terreno
14780,Noreste,4,inquilino o arrendatario
14781,Patagonia,1,propietario de la vivienda y el terreno
14782,Patagonia,3,inquilino o arrendatario
14783,Patagonia,3,propietario de la vivienda y el terreno
14784,Noroeste,5,propietario de la vivienda y el terreno
14785,Gran Buenos Aires,1,inquilino o arrendatario
14786,Gran Buenos Aires,2,ocupante por pago de impuestos o expensas
14787,Gran Buenos Aires,1,inquilino o arrendatario
14788,Gran Buenos Aires,1,propietario de la vivienda y el terreno
14789,Cuyo,3,propietario de la vivienda y el terreno
14790,Cuyo,2,inquilino o arrendatario
14791,Cuyo,4,propietario de la vivienda y el terreno
14792,Cuyo,6,"ocupante gratuito, con permiso"
14793,Cuyo,2,propietario de la vivienda y el terreno
14794,Pampeana,1,propietario de la vivienda y el terreno
14795,Pampeana,4,propietario de la vivienda y el terreno
14796,Pampeana,1,inquilino o arrendatario
14797,Pampeana,2,propietario de la vivienda y el terreno
14798,Pampeana,4,propietario de la vivienda y el terreno
14799,Noroeste,5,propietario de la vivienda y el terreno
14800,Gran Buenos Aires,3,propietario de la vivienda y el terreno
14801,Gran Buenos Aires,6,"ocupante gratuito, con permiso"
14802,Gran Buenos Aires,3,propietario de la vivienda y el terreno
14803,Gran Buenos Aires,3,propietario de la vivienda solamente
14804,Pampeana,2,propietario de la vivienda y el terreno
14805,Pampeana,1,propietario de la vivienda y el terreno
14806,Pampeana,2,propietario de la vivienda y el terreno
14807,Pampeana,4,inquilino o arrendatario
14808,Pampeana,4,propietario de la vivienda y el terreno
14809,Noroeste,5,propietario de la vivienda y el terreno
14810,Gran Buenos Aires,1,propietario de la vivienda y el terreno
14811,Gran Buenos Aires,2,propietario de la vivienda y el terreno
14812,Gran Buenos Aires,1,inquilino o arrendatario
14813,Pampeana,2,propietario de la vivienda y el terreno
14814,Gran Buenos Aires,4,propietario de la vivienda y el terreno
14815,Pampeana,1,propietario de la vivienda y el terreno
14816,Pampeana,2,inquilino o arrendatario
14817,Pampeana,6,propietario de la vivienda y el terreno
14818,Pampeana,2,"ocupante gratuito, con permiso"
14819,Pampeana,3,propietario de la vivienda y el terreno
14820,Pampeana,1,propietario de la vivienda y el terreno
14821,Pampeana,2,inquilino o arrendatario
14822,Noroeste,3,inquilino o arrendatario
14823,Noroeste,3,propietario de la vivienda y el terreno
14824,Noroeste,7,propietario de la vivienda y el terreno
14825,Noroeste,4,propietario de la vivienda y el terreno
14826,Patagonia,3,inquilino o arrendatario
14827,Patagonia,4,"ocupante gratuito, con permiso"
14828,Patagonia,1,propietario de la vivienda y el terreno
14829,Patagonia,1,propietario de la vivienda y el terreno
14830,Patagonia,1,propietario de la vivienda y el terreno
14831,Pampeana,3,propietario de la vivienda y el terreno
14832,Pampeana,1,otra situación
14833,Pampeana,3,propietario de la vivienda y el terreno
14834,Pampeana,1,propietario de la vivienda y el terreno
14835,Pampeana,2,propietario de la vivienda y el terreno
14836,Cuyo,8,propietario de la vivienda y el terreno
14837,Cuyo,1,propietario de la vivienda y el terreno
14838,Cuyo,1,propietario de la vivienda y el terreno
14839,Cuyo,6,propietario de la vivienda y el terreno
14840,Cuyo,8,"ocupante de hecho, sin permiso"
14841,Pampeana,1,inquilino o arrendatario
14842,Pampeana,1,propietario de la vivienda y el terreno
14843,Pampeana,3,propietario de la vivienda y el terreno
14844,Noroeste,1,propietario de la vivienda y el terreno
14845,Noroeste,4,propietario de la vivienda y el terreno
14846,Patagonia,3,inquilino o arrendatario
14847,Patagonia,3,propietario de la vivienda y el terreno
14848,Cuyo,2,propietario de la vivienda y el terreno
14849,Cuyo,2,propietario de la vivienda y el terreno
14850,Cuyo,4,propietario de la vivienda y el terreno
14851,Cuyo,5,"ocupante gratuito, con permiso"
14852,Cuyo,1,propietario de la vivienda y el terreno
14853,Noroeste,1,propietario de la vivienda y el terreno
14854,Noroeste,3,propietario de la vivienda y el terreno
14855,Cuyo,1,propietario de la vivienda y el terreno
14856,Noreste,2,propietario de la vivienda y el terreno
14857,Noreste,2,propietario de la vivienda y el terreno
14858,Noreste,1,propietario de la vivienda y el terreno
14859,Noreste,2,"ocupante gratuito, con permiso"
14860,Noroeste,1,propietario de la vivienda y el terreno
14861,Noroeste,4,propietario de la vivienda y el terreno
14862,Noroeste,5,propietario de la vivienda y el terreno
14863,Noroeste,3,inquilino o arrendatario
14864,Noroeste,4,propietario de la vivienda y el terreno
14865,Noroeste,4,propietario de la vivienda y el terreno
14866,Gran Buenos Aires,10,"ocupante gratuito, con permiso"
14867,Gran Buenos Aires,3,propietario de la vivienda y el terreno
14868,Gran Buenos Aires,2,propietario de la vivienda y el terreno
14869,Pampeana,4,inquilino o arrendatario
14870,Pampeana,3,propietario de la vivienda y el terreno
14871,Gran Buenos Aires,3,inquilino o arrendatario
14872,Gran Buenos Aires,4,propietario de la vivienda y el terreno
14873,Gran Buenos Aires,5,propietario de la vivienda y el terreno
14874,Gran Buenos Aires,2,propietario de la vivienda y el terreno
14875,Gran Buenos Aires,1,propietario de la vivienda y el terreno
14876,Gran Buenos Aires,1,propietario de la vivienda y el terreno
14877,Gran Buenos Aires,4,propietario de la vivienda y el terreno
14878,Gran Buenos Aires,6,inquilino o arrendatario
14879,Noroeste,4,propietario de la vivienda y el terreno
14880,Noroeste,3,propietario de la vivienda y el terreno
14881,Noroeste,5,propietario de la vivienda y el terreno
14882,Noroeste,4,propietario de la vivienda y el terreno
14883,Pampeana,3,otra situación
14884,Patagonia,2,propietario de la vivienda y el terreno
14885,Patagonia,3,propietario de la vivienda y el terreno
14886,Patagonia,4,propietario de la vivienda y el terreno
14887,Patagonia,1,inquilino o arrendatario
14888,Cuyo,4,en sucesión
14889,Pampeana,2,inquilino o arrendatario
14890,Pampeana,1,propietario de la vivienda y el terreno
14891,Pampeana,1,"ocupante gratuito, con permiso"
14892,Pampeana,3,propietario de la vivienda y el terreno
14893,Pampeana,3,propietario de la vivienda y el terreno
14894,Noroeste,3,propietario de la vivienda y el terreno
14895,Noroeste,2,propietario de la vivienda y el terreno
14896,Noroeste,6,propietario de la vivienda y el terreno
14897,Noroeste,4,propietario de la vivienda y el terreno
14898,Noroeste,10,propietario de la vivienda y el terreno
14899,Noroeste,5,propietario de la vivienda y el terreno
14900,Noroeste,3,propietario de la vivienda y el terreno
14901,Noroeste,4,propietario de la vivienda y el terreno
14902,Noroeste,4,propietario de la vivienda y el terreno
14903,Noroeste,4,propietario de la vivienda y el terreno
14904,Noreste,5,propietario de la vivienda y el terreno
14905,Noreste,6,propietario de la vivienda y el terreno
14906,Noreste,7,propietario de la vivienda y el terreno
14907,Noreste,5,propietario de la vivienda y el terreno
14908,Noreste,3,propietario de la vivienda solamente
14909,Noreste,1,"ocupante gratuito, con permiso"
14910,Pampeana,3,propietario de la vivienda y el terreno
14911,Pampeana,2,propietario de la vivienda y el terreno
14912,Pampeana,3,inquilino o arrendatario
14913,Pampeana,1,propietario de la vivienda y el terreno
14914,Pampeana,6,inquilino o arrendatario
14915,Pampeana,4,propietario de la vivienda y el terreno
14916,Pampeana,4,inquilino o arrendatario
14917,Pampeana,4,propietario de la vivienda y el terreno
14918,Patagonia,2,propietario de la vivienda y el terreno
14919,Noreste,5,ocupante por pago de impuestos o expensas
14920,Noreste,3,propietario de la vivienda solamente
14921,Noreste,2,propietario de la vivienda y el terreno
14922,Noreste,4,propietario de la vivienda y el terreno
14923,Cuyo,2,"ocupante de hecho, sin permiso"
14924,Cuyo,5,propietario de la vivienda solamente
14925,Cuyo,3,propietario de la vivienda y el terreno
14926,Cuyo,5,propietario de la vivienda y el terreno
14927,Cuyo,3,inquilino o arrendatario
14928,Pampeana,4,propietario de la vivienda y el terreno
14929,Pampeana,1,propietario de la vivienda y el terreno
14930,Pampeana,2,"ocupante de hecho, sin permiso"
14931,Pampeana,1,propietario de la vivienda y el terreno
14932,Noroeste,7,propietario de la vivienda y el terreno
14933,Noroeste,3,"ocupante gratuito, con permiso"
14934,Noroeste,4,propietario de la vivienda y el terreno
14935,Cuyo,2,inquilino o arrendatario
14936,Cuyo,4,propietario de la vivienda y el terreno
14937,Cuyo,4,propietario de la vivienda y el terreno
14938,Cuyo,2,propietario de la vivienda y el terreno
14939,Cuyo,2,propietario de la vivienda y el terreno
14940,Cuyo,4,propietario de la vivienda y el terreno
14941,Cuyo,2,inquilino o arrendatario
14942,Cuyo,1,propietario de la vivienda y el terreno
14943,Cuyo,2,propietario de la vivienda y el terreno
14944,Cuyo,1,propietario de la vivienda y el terreno
14945,Patagonia,4,propietario de la vivienda y el terreno
14946,Patagonia,2,propietario de la vivienda y el terreno
14947,Patagonia,3,propietario de la vivienda y el terreno
14948,Patagonia,3,propietario de la vivienda y el terreno
14949,Patagonia,2,inquilino o arrendatario
14950,Patagonia,4,propietario de la vivienda y el terreno
14951,Patagonia,1,inquilino o arrendatario
14952,Patagonia,3,propietario de la vivienda y el terreno
14953,Patagonia,3,propietario de la vivienda y el terreno
14954,Noroeste,2,inquilino o arrendatario
14955,Noroeste,5,propietario de la vivienda y el terreno
14956,Noroeste,4,propietario de la vivienda y el terreno
14957,Noroeste,2,propietario de la vivienda y el terreno
14958,Cuyo,1,inquilino o arrendatario
14959,Cuyo,2,en sucesión
14960,Cuyo,4,propietario de la vivienda y el terreno
14961,Cuyo,1,propietario de la vivienda y el terreno
14962,Cuyo,1,inquilino o arrendatario
14963,Cuyo,2,inquilino o arrendatario
14964,Cuyo,1,inquilino o arrendatario
14965,Cuyo,6,propietario de la vivienda y el terreno
14966,Cuyo,4,propietario de la vivienda y el terreno
14967,Cuyo,4,inquilino o arrendatario
14968,Patagonia,1,propietario de la vivienda y el terreno
14969,Patagonia,2,inquilino o arrendatario
14970,Patagonia,3,propietario de la vivienda y el terreno
14971,Patagonia,1,"ocupante gratuito, con permiso"
14972,Patagonia,2,propietario de la vivienda y el terreno
14973,Gran Buenos Aires,1,propietario de la vivienda y el terreno
14974,Pampeana,3,inquilino o arrendatario
14975,Pampeana,6,inquilino o arrendatario
14976,Gran Buenos Aires,2,propietario de la vivienda y el terreno
14977,Gran Buenos Aires,4,en sucesión
14978,Gran Buenos Aires,6,propietario de la vivienda y el terreno
14979,Gran Buenos Aires,5,propietario de la vivienda y el terreno
14980,Gran Buenos Aires,3,propietario de la vivienda y el terreno
14981,Gran Buenos Aires,4,propietario de la vivienda y el terreno
14982,Gran Buenos Aires,2,propietario de la vivienda y el terreno
14983,Gran Buenos Aires,3,propietario de la vivienda y el terreno
14984,Gran Buenos Aires,2,propietario de la vivienda solamente
14985,Gran Buenos Aires,2,propietario de la vivienda y el terreno
14986,Pampeana,5,propietario de la vivienda y el terreno
14987,Pampeana,7,propietario de la vivienda y el terreno
14988,Pampeana,4,propietario de la vivienda y el terreno
14989,Pampeana,5,propietario de la vivienda y el terreno
14990,Cuyo,3,propietario de la vivienda y el terreno
14991,Cuyo,1,propietario de la vivienda y el terreno
14992,Cuyo,1,propietario de la vivienda y el terreno
14993,Pampeana,3,propietario de la vivienda solamente
14994,Pampeana,4,propietario de la vivienda y el terreno
14995,Pampeana,4,propietario de la vivienda y el terreno
14996,Pampeana,1,propietario de la vivienda y el terreno
14997,Patagonia,2,propietario de la vivienda y el terreno
14998,Patagonia,1,inquilino o arrendatario
14999,Patagonia,2,propietario de la vivienda y el terreno
15000,Patagonia,3,inquilino o arrendatario
15001,Patagonia,4,inquilino o arrendatario
15002,Patagonia,2,propietario de la vivienda y el terreno
15003,Noroeste,6,propietario de la vivienda y el terreno
15004,Noroeste,5,propietario de la vivienda y el terreno
15005,Noroeste,3,propietario de la vivienda y el terreno
15006,Noroeste,11,propietario de la vivienda y el terreno
15007,Noroeste,7,propietario de la vivienda y el terreno
15008,Noroeste,1,inquilino o arrendatario
15009,Noroeste,5,propietario de la vivienda y el terreno
15010,Patagonia,1,propietario de la vivienda y el terreno
15011,Patagonia,2,propietario de la vivienda y el terreno
15012,Patagonia,2,propietario de la vivienda y el terreno
15013,Noreste,2,propietario de la vivienda y el terreno
15014,Noreste,4,propietario de la vivienda solamente
15015,Noreste,4,propietario de la vivienda y el terreno
15016,Noreste,3,propietario de la vivienda solamente
15017,Noreste,1,"ocupante gratuito, con permiso"
15018,Pampeana,5,propietario de la vivienda y el terreno
15019,Pampeana,4,propietario de la vivienda y el terreno
15020,Pampeana,2,propietario de la vivienda y el terreno
15021,Pampeana,2,propietario de la vivienda y el terreno
15022,Pampeana,3,propietario de la vivienda y el terreno
15023,Pampeana,5,propietario de la vivienda y el terreno
15024,Pampeana,2,propietario de la vivienda y el terreno
15025,Noreste,1,propietario de la vivienda y el terreno
15026,Noreste,1,inquilino o arrendatario
15027,Noreste,2,propietario de la vivienda y el terreno
15028,Noroeste,11,propietario de la vivienda y el terreno
15029,Noroeste,5,propietario de la vivienda y el terreno
15030,Pampeana,4,inquilino o arrendatario
15031,Pampeana,2,propietario de la vivienda y el terreno
15032,Noreste,3,"ocupante gratuito, con permiso"
15033,Noreste,6,propietario de la vivienda y el terreno
15034,Noreste,2,propietario de la vivienda y el terreno
15035,Noreste,4,propietario de la vivienda y el terreno
15036,Noreste,3,propietario de la vivienda y el terreno
15037,Pampeana,2,inquilino o arrendatario
15038,Pampeana,2,propietario de la vivienda y el terreno
15039,Pampeana,4,"ocupante gratuito, con permiso"
15040,Pampeana,1,propietario de la vivienda y el terreno
15041,Pampeana,2,inquilino o arrendatario
15042,Pampeana,3,ocupante por pago de impuestos o expensas
15043,Pampeana,1,propietario de la vivienda y el terreno
15044,Pampeana,4,propietario de la vivienda y el terreno
15045,Pampeana,3,propietario de la vivienda y el terreno
15046,Pampeana,1,propietario de la vivienda y el terreno
15047,Pampeana,1,propietario de la vivienda y el terreno
15048,Pampeana,5,inquilino o arrendatario
15049,Pampeana,3,propietario de la vivienda y el terreno
15050,Pampeana,4,propietario de la vivienda y el terreno
15051,Patagonia,9,propietario de la vivienda y el terreno
15052,Noroeste,2,propietario de la vivienda y el terreno
15053,Noroeste,3,propietario de la vivienda y el terreno
15054,Noreste,2,propietario de la vivienda y el terreno
15055,Noreste,4,propietario de la vivienda y el terreno
15056,Noreste,4,propietario de la vivienda y el terreno
15057,Noreste,2,propietario de la vivienda y el terreno
15058,Noroeste,2,propietario de la vivienda y el terreno
15059,Noroeste,3,propietario de la vivienda y el terreno
15060,Noroeste,3,propietario de la vivienda y el terreno
15061,Noroeste,4,inquilino o arrendatario
15062,Noroeste,2,propietario de la vivienda y el terreno
15063,Noroeste,2,propietario de la vivienda y el terreno
15064,Noroeste,12,propietario de la vivienda y el terreno
15065,Noroeste,4,propietario de la vivienda y el terreno
15066,Noroeste,2,inquilino o arrendatario
15067,Noroeste,2,propietario de la vivienda y el terreno
15068,Noroeste,9,propietario de la vivienda y el terreno
15069,Pampeana,3,propietario de la vivienda y el terreno
15070,Pampeana,4,inquilino o arrendatario
15071,Pampeana,5,propietario de la vivienda y el terreno
15072,Patagonia,1,propietario de la vivienda y el terreno
15073,Noroeste,3,propietario de la vivienda y el terreno
15074,Cuyo,4,propietario de la vivienda y el terreno
15075,Cuyo,4,propietario de la vivienda y el terreno
15076,Pampeana,4,"ocupante gratuito, con permiso"
15077,Noroeste,1,propietario de la vivienda y el terreno
15078,Noroeste,2,propietario de la vivienda y el terreno
15079,Noroeste,8,propietario de la vivienda y el terreno
15080,Gran Buenos Aires,2,propietario de la vivienda y el terreno
15081,Gran Buenos Aires,4,inquilino o arrendatario
15082,Gran Buenos Aires,4,propietario de la vivienda y el terreno
15083,Gran Buenos Aires,4,propietario de la vivienda solamente
15084,Gran Buenos Aires,5,propietario de la vivienda y el terreno
15085,Gran Buenos Aires,3,propietario de la vivienda solamente
15086,Gran Buenos Aires,2,"ocupante gratuito, con permiso"
15087,Gran Buenos Aires,1,propietario de la vivienda solamente
15088,Gran Buenos Aires,1,"ocupante gratuito, con permiso"
15089,Gran Buenos Aires,3,propietario de la vivienda y el terreno
15090,Gran Buenos Aires,5,propietario de la vivienda y el terreno
15091,Gran Buenos Aires,4,propietario de la vivienda y el terreno
15092,Gran Buenos Aires,4,propietario de la vivienda solamente
15093,Gran Buenos Aires,2,propietario de la vivienda y el terreno
15094,Gran Buenos Aires,1,propietario de la vivienda y el terreno
15095,Gran Buenos Aires,2,propietario de la vivienda y el terreno
15096,Pampeana,1,propietario de la vivienda y el terreno
15097,Pampeana,4,propietario de la vivienda y el terreno
15098,Patagonia,5,ocupante por pago de impuestos o expensas
15099,Patagonia,1,propietario de la vivienda y el terreno
15100,Pampeana,2,propietario de la vivienda y el terreno
15101,Pampeana,5,propietario de la vivienda solamente
15102,Pampeana,4,propietario de la vivienda y el terreno
15103,Pampeana,4,propietario de la vivienda y el terreno
15104,Pampeana,3,ocupante por pago de impuestos o expensas
15105,Pampeana,5,"ocupante gratuito, con permiso"
15106,Pampeana,1,propietario de la vivienda y el terreno
15107,Pampeana,5,propietario de la vivienda y el terreno
15108,Pampeana,2,propietario de la vivienda y el terreno
15109,Pampeana,2,inquilino o arrendatario
15110,Noreste,2,propietario de la vivienda y el terreno
15111,Noreste,4,propietario de la vivienda y el terreno
15112,Noreste,5,propietario de la vivienda y el terreno
15113,Noreste,5,propietario de la vivienda y el terreno
15114,Noreste,1,propietario de la vivienda y el terreno
15115,Gran Buenos Aires,3,inquilino o arrendatario
15116,Gran Buenos Aires,1,inquilino o arrendatario
15117,Gran Buenos Aires,3,propietario de la vivienda y el terreno
15118,Gran Buenos Aires,3,propietario de la vivienda y el terreno
15119,Gran Buenos Aires,4,"ocupante gratuito, con permiso"
15120,Pampeana,1,propietario de la vivienda y el terreno
15121,Pampeana,3,propietario de la vivienda y el terreno
15122,Cuyo,5,propietario de la vivienda y el terreno
15123,Noroeste,5,propietario de la vivienda y el terreno
15124,Noroeste,4,inquilino o arrendatario
15125,Noroeste,5,propietario de la vivienda y el terreno
15126,Noroeste,4,propietario de la vivienda y el terreno
15127,Noroeste,2,propietario de la vivienda y el terreno
15128,Noroeste,3,propietario de la vivienda y el terreno
15129,Noroeste,4,propietario de la vivienda y el terreno
15130,Noroeste,4,propietario de la vivienda y el terreno
15131,Noroeste,2,propietario de la vivienda y el terreno
15132,Patagonia,4,propietario de la vivienda y el terreno
15133,Patagonia,2,propietario de la vivienda y el terreno
15134,Patagonia,2,propietario de la vivienda y el terreno
15135,Patagonia,4,"ocupante gratuito, con permiso"
15136,Pampeana,2,propietario de la vivienda y el terreno
15137,Pampeana,4,propietario de la vivienda y el terreno
15138,Pampeana,1,inquilino o arrendatario
15139,Pampeana,2,propietario de la vivienda y el terreno
15140,Pampeana,3,propietario de la vivienda y el terreno
15141,Pampeana,4,"ocupante gratuito, con permiso"
15142,Cuyo,2,propietario de la vivienda y el terreno
15143,Cuyo,4,propietario de la vivienda y el terreno
15144,Cuyo,3,"ocupante gratuito, con permiso"
15145,Cuyo,3,propietario de la vivienda y el terreno
15146,Cuyo,5,"ocupante gratuito, con permiso"
15147,Cuyo,4,propietario de la vivienda y el terreno
15148,Cuyo,2,propietario de la vivienda y el terreno
15149,Cuyo,1,propietario de la vivienda y el terreno
15150,Cuyo,2,inquilino o arrendatario
15151,Cuyo,1,propietario de la vivienda y el terreno
15152,Patagonia,3,propietario de la vivienda y el terreno
15153,Patagonia,3,propietario de la vivienda y el terreno
15154,Patagonia,1,inquilino o arrendatario
15155,Patagonia,2,propietario de la vivienda y el terreno
15156,Patagonia,2,propietario de la vivienda y el terreno
15157,Cuyo,1,propietario de la vivienda y el terreno
15158,Pampeana,1,propietario de la vivienda y el terreno
15159,Pampeana,5,propietario de la vivienda y el terreno
15160,Pampeana,4,propietario de la vivienda y el terreno
15161,Noroeste,7,propietario de la vivienda y el terreno
15162,Pampeana,1,propietario de la vivienda y el terreno
15163,Pampeana,4,propietario de la vivienda y el terreno
15164,Patagonia,1,propietario de la vivienda y el terreno
15165,Noroeste,5,propietario de la vivienda y el terreno
15166,Noroeste,1,propietario de la vivienda y el terreno
15167,Noroeste,2,propietario de la vivienda solamente
15168,Noroeste,7,propietario de la vivienda solamente
15169,Noroeste,2,propietario de la vivienda y el terreno
15170,Noroeste,4,propietario de la vivienda y el terreno
15171,Gran Buenos Aires,3,propietario de la vivienda y el terreno
15172,Gran Buenos Aires,2,propietario de la vivienda y el terreno
15173,Gran Buenos Aires,2,otra situación
15174,Gran Buenos Aires,1,"ocupante gratuito, con permiso"
15175,Patagonia,2,propietario de la vivienda y el terreno
15176,Patagonia,2,propietario de la vivienda y el terreno
15177,Patagonia,1,inquilino o arrendatario
15178,Patagonia,3,propietario de la vivienda y el terreno
15179,Patagonia,1,ocupante por pago de impuestos o expensas
15180,Gran Buenos Aires,2,propietario de la vivienda y el terreno
15181,Gran Buenos Aires,2,propietario de la vivienda y el terreno
15182,Gran Buenos Aires,3,propietario de la vivienda y el terreno
15183,Gran Buenos Aires,2,propietario de la vivienda y el terreno
15184,Gran Buenos Aires,3,propietario de la vivienda y el terreno
15185,Pampeana,1,propietario de la vivienda solamente
15186,Noreste,1,propietario de la vivienda y el terreno
15187,Noreste,6,propietario de la vivienda y el terreno
15188,Noreste,4,propietario de la vivienda solamente
15189,Noreste,5,propietario de la vivienda solamente
15190,Gran Buenos Aires,3,propietario de la vivienda y el terreno
15191,Gran Buenos Aires,2,propietario de la vivienda solamente
15192,Gran Buenos Aires,1,inquilino o arrendatario
15193,Gran Buenos Aires,1,propietario de la vivienda y el terreno
15194,Gran Buenos Aires,2,propietario de la vivienda y el terreno
15195,Gran Buenos Aires,3,propietario de la vivienda y el terreno
15196,Gran Buenos Aires,2,propietario de la vivienda y el terreno
15197,Gran Buenos Aires,3,propietario de la vivienda y el terreno
15198,Gran Buenos Aires,4,propietario de la vivienda y el terreno
15199,Gran Buenos Aires,4,propietario de la vivienda solamente
15200,Gran Buenos Aires,4,"ocupante gratuito, con permiso"
15201,Gran Buenos Aires,4,propietario de la vivienda y el terreno
15202,Gran Buenos Aires,3,propietario de la vivienda y el terreno
15203,Gran Buenos Aires,2,propietario de la vivienda y el terreno
15204,Gran Buenos Aires,2,propietario de la vivienda y el terreno
15205,Gran Buenos Aires,3,propietario de la vivienda y el terreno
15206,Gran Buenos Aires,3,propietario de la vivienda y el terreno
15207,Gran Buenos Aires,3,propietario de la vivienda y el terreno
15208,Noreste,2,propietario de la vivienda y el terreno
15209,Noreste,4,propietario de la vivienda y el terreno
15210,Noreste,5,"ocupante gratuito, con permiso"
15211,Noreste,3,inquilino o arrendatario
15212,Noreste,3,propietario de la vivienda y el terreno
15213,Pampeana,3,propietario de la vivienda y el terreno
15214,Pampeana,1,propietario de la vivienda y el terreno
15215,Pampeana,4,propietario de la vivienda y el terreno
15216,Pampeana,3,propietario de la vivienda y el terreno
15217,Cuyo,2,propietario de la vivienda y el terreno
15218,Cuyo,2,propietario de la vivienda y el terreno
15219,Cuyo,3,propietario de la vivienda y el terreno
15220,Cuyo,4,propietario de la vivienda y el terreno
15221,Cuyo,3,propietario de la vivienda y el terreno
15222,Noroeste,2,ocupante por pago de impuestos o expensas
15223,Noroeste,4,propietario de la vivienda y el terreno
15224,Noroeste,2,propietario de la vivienda y el terreno
15225,Noroeste,3,propietario de la vivienda y el terreno
15226,Noroeste,1,inquilino o arrendatario
15227,Noroeste,1,inquilino o arrendatario
15228,Noroeste,4,propietario de la vivienda y el terreno
15229,Noroeste,5,propietario de la vivienda y el terreno
15230,Patagonia,4,propietario de la vivienda y el terreno
15231,Pampeana,4,propietario de la vivienda y el terreno
15232,Patagonia,2,propietario de la vivienda y el terreno
15233,Patagonia,5,propietario de la vivienda y el terreno
15234,Patagonia,5,propietario de la vivienda y el terreno
15235,Noroeste,2,propietario de la vivienda y el terreno
15236,Noroeste,2,propietario de la vivienda solamente
15237,Noroeste,1,propietario de la vivienda y el terreno
15238,Noroeste,1,inquilino o arrendatario
15239,Pampeana,1,inquilino o arrendatario
15240,Pampeana,2,inquilino o arrendatario
15241,Cuyo,3,inquilino o arrendatario
15242,Cuyo,1,en sucesión
15243,Cuyo,3,inquilino o arrendatario
15244,Cuyo,1,propietario de la vivienda y el terreno
15245,Cuyo,2,propietario de la vivienda y el terreno
15246,Pampeana,3,propietario de la vivienda y el terreno
15247,Pampeana,3,inquilino o arrendatario
15248,Pampeana,2,inquilino o arrendatario
15249,Pampeana,3,inquilino o arrendatario
15250,Pampeana,1,propietario de la vivienda y el terreno
15251,Noroeste,3,propietario de la vivienda y el terreno
15252,Pampeana,4,propietario de la vivienda solamente
15253,Pampeana,4,propietario de la vivienda y el terreno
15254,Pampeana,5,propietario de la vivienda y el terreno
15255,Pampeana,3,propietario de la vivienda y el terreno
15256,Pampeana,3,propietario de la vivienda y el terreno
15257,Pampeana,5,propietario de la vivienda y el terreno
15258,Pampeana,2,propietario de la vivienda y el terreno
15259,Pampeana,2,propietario de la vivienda y el terreno
15260,Pampeana,3,propietario de la vivienda y el terreno
15261,Pampeana,2,propietario de la vivienda y el terreno
15262,Pampeana,4,inquilino o arrendatario
15263,Cuyo,2,"ocupante gratuito, con permiso"
15264,Noroeste,3,propietario de la vivienda y el terreno
15265,Noroeste,5,propietario de la vivienda y el terreno
15266,Noroeste,3,inquilino o arrendatario
15267,Noroeste,2,"ocupante gratuito, con permiso"
15268,Cuyo,2,inquilino o arrendatario
15269,Noroeste,5,propietario de la vivienda y el terreno
15270,Noroeste,4,inquilino o arrendatario
15271,Noroeste,3,inquilino o arrendatario
15272,Noroeste,1,inquilino o arrendatario
15273,Noroeste,1,inquilino o arrendatario
15274,Noroeste,2,inquilino o arrendatario
15275,Noroeste,1,propietario de la vivienda y el terreno
15276,Patagonia,2,propietario de la vivienda y el terreno
15277,Patagonia,2,propietario de la vivienda y el terreno
15278,Patagonia,4,inquilino o arrendatario
15279,Patagonia,1,inquilino o arrendatario
15280,Patagonia,6,propietario de la vivienda y el terreno
15281,Pampeana,3,propietario de la vivienda y el terreno
15282,Pampeana,1,"ocupante gratuito, con permiso"
15283,Pampeana,2,propietario de la vivienda y el terreno
15284,Pampeana,4,propietario de la vivienda y el terreno
15285,Pampeana,1,propietario de la vivienda y el terreno
15286,Pampeana,2,propietario de la vivienda y el terreno
15287,Pampeana,2,propietario de la vivienda y el terreno
15288,Pampeana,1,propietario de la vivienda y el terreno
15289,Pampeana,5,propietario de la vivienda y el terreno
15290,Pampeana,3,"ocupante gratuito, con permiso"
15291,Gran Buenos Aires,1,propietario de la vivienda y el terreno
15292,Gran Buenos Aires,4,propietario de la vivienda y el terreno
15293,Gran Buenos Aires,1,inquilino o arrendatario
15294,Gran Buenos Aires,1,propietario de la vivienda solamente
15295,Gran Buenos Aires,4,propietario de la vivienda y el terreno
15296,Pampeana,2,inquilino o arrendatario
15297,Patagonia,1,propietario de la vivienda y el terreno
15298,Patagonia,1,en sucesión
15299,Patagonia,2,en sucesión
15300,Patagonia,5,propietario de la vivienda y el terreno
15301,Patagonia,1,propietario de la vivienda y el terreno
15302,Pampeana,2,propietario de la vivienda y el terreno
15303,Pampeana,4,propietario de la vivienda y el terreno
15304,Pampeana,2,propietario de la vivienda y el terreno
15305,Pampeana,2,propietario de la vivienda y el terreno
15306,Pampeana,5,propietario de la vivienda y el terreno
15307,Pampeana,1,propietario de la vivienda y el terreno
15308,Noreste,1,propietario de la vivienda y el terreno
15309,Noreste,5,propietario de la vivienda solamente
15310,Noreste,1,propietario de la vivienda y el terreno
15311,Noreste,2,propietario de la vivienda y el terreno
15312,Noreste,1,propietario de la vivienda y el terreno
15313,Noreste,7,propietario de la vivienda y el terreno
15314,Noreste,1,propietario de la vivienda y el terreno
15315,Noreste,4,propietario de la vivienda y el terreno
15316,Noreste,1,propietario de la vivienda y el terreno
15317,Pampeana,3,propietario de la vivienda y el terreno
15318,Noroeste,5,propietario de la vivienda y el terreno
15319,Noroeste,3,propietario de la vivienda y el terreno
15320,Pampeana,3,propietario de la vivienda y el terreno
15321,Pampeana,1,"ocupante gratuito, con permiso"
15322,Pampeana,4,inquilino o arrendatario
15323,Pampeana,2,propietario de la vivienda y el terreno
15324,Pampeana,2,"ocupante gratuito, con permiso"
15325,Pampeana,2,inquilino o arrendatario
15326,Pampeana,1,propietario de la vivienda y el terreno
15327,Pampeana,2,propietario de la vivienda y el terreno
15328,Pampeana,3,propietario de la vivienda y el terreno
15329,Pampeana,3,inquilino o arrendatario
15330,Pampeana,3,inquilino o arrendatario
15331,Patagonia,2,inquilino o arrendatario
15332,Patagonia,5,propietario de la vivienda y el terreno
15333,Patagonia,3,propietario de la vivienda y el terreno
15334,Noroeste,5,propietario de la vivienda y el terreno
15335,Noroeste,5,propietario de la vivienda y el terreno
15336,Noroeste,3,propietario de la vivienda y el terreno
15337,Pampeana,2,propietario de la vivienda y el terreno
15338,Noroeste,1,propietario de la vivienda y el terreno
15339,Noroeste,3,propietario de la vivienda y el terreno
15340,Cuyo,6,propietario de la vivienda y el terreno
15341,Cuyo,3,inquilino o arrendatario
15342,Cuyo,4,inquilino o arrendatario
15343,Noroeste,4,propietario de la vivienda y el terreno
15344,Pampeana,4,propietario de la vivienda y el terreno
15345,Pampeana,1,inquilino o arrendatario
15346,Pampeana,1,propietario de la vivienda y el terreno
15347,Noroeste,4,propietario de la vivienda y el terreno
15348,Pampeana,2,inquilino o arrendatario
15349,Pampeana,4,propietario de la vivienda y el terreno
15350,Pampeana,2,propietario de la vivienda y el terreno
15351,Pampeana,3,propietario de la vivienda y el terreno
15352,Pampeana,2,propietario de la vivienda y el terreno
15353,Noroeste,5,ocupante por pago de impuestos o expensas
15354,Noroeste,5,propietario de la vivienda y el terreno
15355,Noroeste,6,propietario de la vivienda y el terreno
15356,Noroeste,2,propietario de la vivienda y el terreno
15357,Noroeste,3,propietario de la vivienda y el terreno
15358,Gran Buenos Aires,1,propietario de la vivienda y el terreno
15359,Gran Buenos Aires,1,propietario de la vivienda y el terreno
15360,Gran Buenos Aires,5,propietario de la vivienda y el terreno
15361,Gran Buenos Aires,1,inquilino o arrendatario
15362,Pampeana,2,propietario de la vivienda y el terreno
15363,Noreste,3,propietario de la vivienda y el terreno
15364,Noreste,4,propietario de la vivienda y el terreno
15365,Pampeana,3,propietario de la vivienda y el terreno
15366,Pampeana,2,propietario de la vivienda y el terreno
15367,Pampeana,4,propietario de la vivienda y el terreno
15368,Pampeana,1,propietario de la vivienda y el terreno
15369,Pampeana,2,propietario de la vivienda solamente
15370,Pampeana,1,inquilino o arrendatario
15371,Pampeana,2,propietario de la vivienda y el terreno
15372,Pampeana,2,inquilino o arrendatario
15373,Pampeana,3,inquilino o arrendatario
15374,Pampeana,4,propietario de la vivienda y el terreno
15375,Noreste,3,propietario de la vivienda solamente
15376,Noreste,3,inquilino o arrendatario
15377,Noreste,2,propietario de la vivienda y el terreno
15378,Noreste,3,propietario de la vivienda y el terreno
15379,Noreste,2,propietario de la vivienda y el terreno
15380,Noreste,5,propietario de la vivienda y el terreno
15381,Noreste,2,propietario de la vivienda y el terreno
15382,Noreste,4,propietario de la vivienda solamente
15383,Noreste,4,propietario de la vivienda y el terreno
15384,Pampeana,1,propietario de la vivienda y el terreno
15385,Pampeana,4,propietario de la vivienda y el terreno
15386,Pampeana,3,propietario de la vivienda y el terreno
15387,Pampeana,2,inquilino o arrendatario
15388,Pampeana,3,"ocupante gratuito, con permiso"
15389,Gran Buenos Aires,4,propietario de la vivienda y el terreno
15390,Gran Buenos Aires,3,propietario de la vivienda y el terreno
15391,Gran Buenos Aires,2,propietario de la vivienda y el terreno
15392,Gran Buenos Aires,2,propietario de la vivienda y el terreno
15393,Gran Buenos Aires,1,inquilino o arrendatario
15394,Noreste,3,propietario de la vivienda y el terreno
15395,Noreste,1,propietario de la vivienda y el terreno
15396,Noreste,5,"ocupante gratuito, con permiso"
15397,Noreste,3,propietario de la vivienda y el terreno
15398,Noreste,1,propietario de la vivienda y el terreno
15399,Pampeana,2,inquilino o arrendatario
15400,Pampeana,4,"ocupante gratuito, con permiso"
15401,Pampeana,5,propietario de la vivienda y el terreno
15402,Gran Buenos Aires,4,"ocupante gratuito, con permiso"
15403,Gran Buenos Aires,4,propietario de la vivienda y el terreno
15404,Patagonia,1,inquilino o arrendatario
15405,Patagonia,2,propietario de la vivienda y el terreno
15406,Noroeste,2,inquilino o arrendatario
15407,Noroeste,4,propietario de la vivienda y el terreno
15408,Noroeste,3,propietario de la vivienda y el terreno
15409,Noroeste,3,propietario de la vivienda y el terreno
15410,Cuyo,3,"ocupante gratuito, con permiso"
15411,Cuyo,5,inquilino o arrendatario
15412,Cuyo,2,propietario de la vivienda y el terreno
15413,Cuyo,4,propietario de la vivienda y el terreno
15414,Cuyo,1,"ocupante gratuito, con permiso"
15415,Cuyo,2,inquilino o arrendatario
15416,Cuyo,2,propietario de la vivienda y el terreno
15417,Noroeste,4,propietario de la vivienda y el terreno
15418,Noroeste,1,"ocupante gratuito, con permiso"
15419,Patagonia,3,propietario de la vivienda y el terreno
15420,Noroeste,1,propietario de la vivienda y el terreno
15421,Noroeste,4,propietario de la vivienda y el terreno
15422,Noroeste,2,propietario de la vivienda y el terreno
15423,Noroeste,2,inquilino o arrendatario
15424,Noroeste,1,inquilino o arrendatario
15425,Noroeste,4,propietario de la vivienda y el terreno
15426,Noroeste,7,propietario de la vivienda y el terreno
15427,Noroeste,2,"ocupante gratuito, con permiso"
15428,Pampeana,4,propietario de la vivienda y el terreno
15429,Patagonia,2,en sucesión
15430,Patagonia,1,inquilino o arrendatario
15431,Patagonia,1,propietario de la vivienda y el terreno
15432,Patagonia,3,propietario de la vivienda y el terreno
15433,Patagonia,2,propietario de la vivienda y el terreno
15434,Patagonia,1,propietario de la vivienda y el terreno
15435,Patagonia,4,propietario de la vivienda solamente
15436,Pampeana,5,en sucesión
15437,Pampeana,3,propietario de la vivienda y el terreno
15438,Pampeana,2,inquilino o arrendatario
15439,Pampeana,1,inquilino o arrendatario
15440,Pampeana,1,propietario de la vivienda y el terreno
15441,Gran Buenos Aires,1,propietario de la vivienda y el terreno
15442,Gran Buenos Aires,1,propietario de la vivienda y el terreno
15443,Gran Buenos Aires,5,propietario de la vivienda y el terreno
15444,Pampeana,1,inquilino o arrendatario
15445,Pampeana,2,propietario de la vivienda y el terreno
15446,Pampeana,2,propietario de la vivienda y el terreno
15447,Noroeste,3,propietario de la vivienda y el terreno
15448,Noroeste,6,propietario de la vivienda y el terreno
15449,Pampeana,2,propietario de la vivienda y el terreno
15450,Pampeana,2,propietario de la vivienda y el terreno
15451,Pampeana,2,propietario de la vivienda y el terreno
15452,Pampeana,1,propietario de la vivienda y el terreno
15453,Pampeana,2,propietario de la vivienda y el terreno
15454,Patagonia,2,propietario de la vivienda y el terreno
15455,Patagonia,2,propietario de la vivienda y el terreno
15456,Patagonia,1,propietario de la vivienda y el terreno
15457,Patagonia,4,ocupante por pago de impuestos o expensas
15458,Patagonia,2,propietario de la vivienda y el terreno
15459,Patagonia,1,"ocupante gratuito, con permiso"
15460,Patagonia,3,inquilino o arrendatario
15461,Patagonia,4,propietario de la vivienda y el terreno
15462,Patagonia,3,propietario de la vivienda y el terreno
15463,Patagonia,1,inquilino o arrendatario
15464,Pampeana,1,inquilino o arrendatario
15465,Pampeana,1,propietario de la vivienda y el terreno
15466,Pampeana,4,propietario de la vivienda y el terreno
15467,Pampeana,1,propietario de la vivienda y el terreno
15468,Pampeana,2,inquilino o arrendatario
15469,Pampeana,1,ocupante por pago de impuestos o expensas
15470,Pampeana,5,propietario de la vivienda y el terreno
15471,Pampeana,4,propietario de la vivienda y el terreno
15472,Gran Buenos Aires,5,propietario de la vivienda solamente
15473,Cuyo,1,propietario de la vivienda y el terreno
15474,Cuyo,7,propietario de la vivienda y el terreno
15475,Cuyo,4,propietario de la vivienda y el terreno
15476,Cuyo,5,propietario de la vivienda y el terreno
15477,Cuyo,5,inquilino o arrendatario
15478,Cuyo,3,propietario de la vivienda y el terreno
15479,Cuyo,3,inquilino o arrendatario
15480,Cuyo,2,inquilino o arrendatario
15481,Cuyo,2,propietario de la vivienda y el terreno
15482,Noreste,3,en sucesión
15483,Noreste,2,propietario de la vivienda y el terreno
15484,Noreste,3,propietario de la vivienda y el terreno
15485,Noreste,3,"ocupante gratuito, con permiso"
15486,Patagonia,1,inquilino o arrendatario
15487,Patagonia,2,propietario de la vivienda y el terreno
15488,Cuyo,1,propietario de la vivienda y el terreno
15489,Cuyo,5,propietario de la vivienda y el terreno
15490,Noroeste,6,propietario de la vivienda y el terreno
15491,Noroeste,2,propietario de la vivienda y el terreno
15492,Noreste,3,propietario de la vivienda y el terreno
15493,Noreste,3,propietario de la vivienda y el terreno
15494,Noroeste,2,propietario de la vivienda y el terreno
15495,Noroeste,1,propietario de la vivienda y el terreno
15496,Noreste,2,inquilino o arrendatario
15497,Noreste,2,propietario de la vivienda y el terreno
15498,Noreste,3,en sucesión
15499,Noreste,3,propietario de la vivienda y el terreno
15500,Noreste,1,propietario de la vivienda y el terreno
15501,Noreste,4,propietario de la vivienda y el terreno
15502,Patagonia,1,propietario de la vivienda y el terreno
15503,Patagonia,3,propietario de la vivienda y el terreno
15504,Patagonia,5,propietario de la vivienda y el terreno
15505,Patagonia,2,propietario de la vivienda y el terreno
15506,Patagonia,4,"ocupante gratuito, con permiso"
15507,Patagonia,2,propietario de la vivienda y el terreno
15508,Patagonia,2,propietario de la vivienda y el terreno
15509,Patagonia,3,inquilino o arrendatario
15510,Noroeste,4,propietario de la vivienda y el terreno
15511,Noroeste,3,propietario de la vivienda solamente
15512,Pampeana,2,propietario de la vivienda y el terreno
15513,Pampeana,3,propietario de la vivienda y el terreno
15514,Pampeana,2,propietario de la vivienda y el terreno
15515,Pampeana,1,inquilino o arrendatario
15516,Noroeste,2,propietario de la vivienda y el terreno
15517,Noroeste,3,propietario de la vivienda y el terreno
15518,Noroeste,4,propietario de la vivienda y el terreno
15519,Noroeste,3,propietario de la vivienda y el terreno
15520,Pampeana,4,propietario de la vivienda y el terreno
15521,Pampeana,1,propietario de la vivienda y el terreno
15522,Pampeana,3,propietario de la vivienda y el terreno
15523,Pampeana,1,propietario de la vivienda y el terreno
15524,Pampeana,3,propietario de la vivienda y el terreno
15525,Noroeste,3,propietario de la vivienda solamente
15526,Noroeste,3,propietario de la vivienda y el terreno
15527,Noroeste,4,propietario de la vivienda y el terreno
15528,Noroeste,3,inquilino o arrendatario
15529,Noroeste,8,"ocupante gratuito, con permiso"
15530,Noroeste,2,propietario de la vivienda y el terreno
15531,Patagonia,3,propietario de la vivienda solamente
15532,Patagonia,3,propietario de la vivienda solamente
15533,Patagonia,2,inquilino o arrendatario
15534,Patagonia,3,propietario de la vivienda y el terreno
15535,Pampeana,4,propietario de la vivienda y el terreno
15536,Pampeana,3,propietario de la vivienda y el terreno
15537,Pampeana,3,inquilino o arrendatario
15538,Cuyo,2,propietario de la vivienda y el terreno
15539,Cuyo,3,propietario de la vivienda y el terreno
15540,Pampeana,1,propietario de la vivienda y el terreno
15541,Pampeana,3,propietario de la vivienda y el terreno
15542,Pampeana,4,propietario de la vivienda y el terreno
15543,Gran Buenos Aires,5,propietario de la vivienda y el terreno
15544,Gran Buenos Aires,3,propietario de la vivienda y el terreno
15545,Gran Buenos Aires,3,propietario de la vivienda solamente
15546,Gran Buenos Aires,3,inquilino o arrendatario
15547,Gran Buenos Aires,4,inquilino o arrendatario
15548,Pampeana,2,ocupante por pago de impuestos o expensas
15549,Pampeana,2,propietario de la vivienda y el terreno
15550,Patagonia,1,inquilino o arrendatario
15551,Patagonia,1,propietario de la vivienda y el terreno
15552,Patagonia,6,propietario de la vivienda y el terreno
15553,Pampeana,3,propietario de la vivienda y el terreno
15554,Pampeana,2,propietario de la vivienda y el terreno
15555,Pampeana,2,en sucesión
15556,Pampeana,2,propietario de la vivienda y el terreno
15557,Noreste,4,propietario de la vivienda y el terreno
15558,Noreste,5,propietario de la vivienda solamente
15559,Noreste,1,propietario de la vivienda y el terreno
15560,Pampeana,2,propietario de la vivienda y el terreno
15561,Pampeana,3,propietario de la vivienda y el terreno
15562,Pampeana,5,propietario de la vivienda y el terreno
15563,Pampeana,3,propietario de la vivienda y el terreno
15564,Pampeana,4,propietario de la vivienda y el terreno
15565,Gran Buenos Aires,5,propietario de la vivienda y el terreno
15566,Gran Buenos Aires,4,propietario de la vivienda y el terreno
15567,Gran Buenos Aires,4,propietario de la vivienda y el terreno
15568,Gran Buenos Aires,5,propietario de la vivienda y el terreno
15569,Gran Buenos Aires,4,inquilino o arrendatario
15570,Pampeana,4,propietario de la vivienda y el terreno
15571,Pampeana,3,propietario de la vivienda y el terreno
15572,Pampeana,1,propietario de la vivienda y el terreno
15573,Noroeste,3,propietario de la vivienda y el terreno
15574,Noroeste,2,propietario de la vivienda y el terreno
15575,Gran Buenos Aires,4,propietario de la vivienda y el terreno
15576,Gran Buenos Aires,3,propietario de la vivienda y el terreno
15577,Gran Buenos Aires,3,"ocupante gratuito, con permiso"
15578,Gran Buenos Aires,5,ocupante por pago de impuestos o expensas
15579,Pampeana,3,inquilino o arrendatario
15580,Pampeana,1,propietario de la vivienda y el terreno
15581,Pampeana,4,propietario de la vivienda y el terreno
15582,Pampeana,4,propietario de la vivienda y el terreno
15583,Pampeana,4,propietario de la vivienda y el terreno
15584,Pampeana,3,"ocupante gratuito, con permiso"
15585,Pampeana,6,inquilino o arrendatario
15586,Patagonia,1,ocupante por pago de impuestos o expensas
15587,Patagonia,3,inquilino o arrendatario
15588,Patagonia,3,propietario de la vivienda y el terreno
15589,Patagonia,10,inquilino o arrendatario
15590,Patagonia,1,propietario de la vivienda y el terreno
15591,Pampeana,2,inquilino o arrendatario
15592,Pampeana,1,"ocupante gratuito, con permiso"
15593,Pampeana,3,propietario de la vivienda y el terreno
15594,Pampeana,2,"ocupante gratuito, con permiso"
15595,Pampeana,1,propietario de la vivienda y el terreno
15596,Noreste,2,propietario de la vivienda y el terreno
15597,Noreste,5,propietario de la vivienda solamente
15598,Noreste,2,inquilino o arrendatario
15599,Noreste,2,propietario de la vivienda solamente
15600,Noreste,7,propietario de la vivienda solamente
15601,Noreste,6,propietario de la vivienda y el terreno
15602,Noreste,5,propietario de la vivienda y el terreno
15603,Noreste,5,"ocupante gratuito, con permiso"
15604,Noroeste,4,propietario de la vivienda y el terreno
15605,Pampeana,4,propietario de la vivienda y el terreno
15606,Pampeana,2,propietario de la vivienda y el terreno
15607,Noreste,6,propietario de la vivienda y el terreno
15608,Noreste,6,propietario de la vivienda y el terreno
15609,Noreste,2,inquilino o arrendatario
15610,Noreste,2,propietario de la vivienda solamente
15611,Noreste,3,propietario de la vivienda solamente
15612,Noreste,4,propietario de la vivienda y el terreno
15613,Noreste,1,propietario de la vivienda y el terreno
15614,Noreste,1,propietario de la vivienda y el terreno
15615,Noreste,4,propietario de la vivienda y el terreno
15616,Noreste,3,propietario de la vivienda solamente
15617,Noroeste,3,propietario de la vivienda y el terreno
15618,Noroeste,2,propietario de la vivienda y el terreno
15619,Cuyo,2,propietario de la vivienda y el terreno
15620,Cuyo,2,inquilino o arrendatario
15621,Cuyo,1,"ocupante gratuito, con permiso"
15622,Cuyo,4,inquilino o arrendatario
15623,Cuyo,5,propietario de la vivienda y el terreno
15624,Gran Buenos Aires,4,ocupante por pago de impuestos o expensas
15625,Gran Buenos Aires,4,propietario de la vivienda y el terreno
15626,Gran Buenos Aires,4,propietario de la vivienda y el terreno
15627,Gran Buenos Aires,1,propietario de la vivienda solamente
15628,Gran Buenos Aires,2,inquilino o arrendatario
15629,Gran Buenos Aires,1,inquilino o arrendatario
15630,Gran Buenos Aires,2,propietario de la vivienda solamente
15631,Gran Buenos Aires,3,inquilino o arrendatario
15632,Pampeana,2,inquilino o arrendatario
15633,Pampeana,3,propietario de la vivienda y el terreno
15634,Pampeana,2,propietario de la vivienda y el terreno
15635,Patagonia,4,inquilino o arrendatario
15636,Patagonia,2,propietario de la vivienda y el terreno
15637,Patagonia,1,propietario de la vivienda y el terreno
15638,Noroeste,4,propietario de la vivienda y el terreno
15639,Noroeste,6,propietario de la vivienda solamente
15640,Noroeste,5,propietario de la vivienda y el terreno
15641,Noroeste,5,propietario de la vivienda y el terreno
15642,Noroeste,4,propietario de la vivienda y el terreno
15643,Gran Buenos Aires,3,propietario de la vivienda y el terreno
15644,Gran Buenos Aires,4,propietario de la vivienda y el terreno
15645,Gran Buenos Aires,2,propietario de la vivienda y el terreno
15646,Gran Buenos Aires,4,propietario de la vivienda y el terreno
15647,Noroeste,3,propietario de la vivienda y el terreno
15648,Noreste,2,propietario de la vivienda y el terreno
15649,Pampeana,4,"ocupante gratuito, con permiso"
15650,Pampeana,2,propietario de la vivienda y el terreno
15651,Pampeana,3,"ocupante gratuito, con permiso"
15652,Pampeana,3,propietario de la vivienda solamente
15653,Pampeana,2,propietario de la vivienda y el terreno
15654,Pampeana,2,propietario de la vivienda y el terreno
15655,Pampeana,1,propietario de la vivienda y el terreno
15656,Pampeana,4,"ocupante gratuito, con permiso"
15657,Pampeana,3,"ocupante gratuito, con permiso"
15658,Pampeana,3,propietario de la vivienda solamente
15659,Pampeana,1,propietario de la vivienda y el terreno
15660,Pampeana,1,propietario de la vivienda solamente
15661,Pampeana,3,propietario de la vivienda y el terreno
15662,Pampeana,2,propietario de la vivienda y el terreno
15663,Pampeana,3,en sucesión
15664,Pampeana,3,inquilino o arrendatario
15665,Pampeana,2,inquilino o arrendatario
15666,Pampeana,2,propietario de la vivienda y el terreno
15667,Pampeana,1,inquilino o arrendatario
15668,Pampeana,3,inquilino o arrendatario
15669,Pampeana,2,propietario de la vivienda solamente
15670,Cuyo,9,propietario de la vivienda y el terreno
15671,Cuyo,4,propietario de la vivienda y el terreno
15672,Patagonia,5,"ocupante gratuito, con permiso"
15673,Patagonia,4,"ocupante gratuito, con permiso"
15674,Patagonia,2,propietario de la vivienda y el terreno
15675,Noreste,3,inquilino o arrendatario
15676,Noreste,3,propietario de la vivienda y el terreno
15677,Noreste,5,propietario de la vivienda y el terreno
15678,Noroeste,2,propietario de la vivienda y el terreno
15679,Noroeste,1,inquilino o arrendatario
15680,Noroeste,1,propietario de la vivienda y el terreno
15681,Noroeste,3,inquilino o arrendatario
15682,Noroeste,1,inquilino o arrendatario
15683,Noroeste,5,propietario de la vivienda y el terreno
15684,Noroeste,4,propietario de la vivienda y el terreno
15685,Noroeste,3,inquilino o arrendatario
15686,Noroeste,6,propietario de la vivienda y el terreno
15687,Noroeste,2,propietario de la vivienda y el terreno
15688,Pampeana,2,propietario de la vivienda y el terreno
15689,Pampeana,2,propietario de la vivienda y el terreno
15690,Pampeana,5,propietario de la vivienda solamente
15691,Pampeana,4,inquilino o arrendatario
15692,Noroeste,2,propietario de la vivienda y el terreno
15693,Cuyo,1,inquilino o arrendatario
15694,Cuyo,5,propietario de la vivienda y el terreno
15695,Noreste,2,inquilino o arrendatario
15696,Noreste,1,inquilino o arrendatario
15697,Noreste,1,"ocupante gratuito, con permiso"
15698,Noreste,1,inquilino o arrendatario
15699,Noreste,2,propietario de la vivienda y el terreno
15700,Patagonia,4,inquilino o arrendatario
15701,Patagonia,4,propietario de la vivienda y el terreno
15702,Patagonia,2,propietario de la vivienda y el terreno
15703,Gran Buenos Aires,3,inquilino o arrendatario
15704,Gran Buenos Aires,5,propietario de la vivienda y el terreno
15705,Gran Buenos Aires,1,propietario de la vivienda y el terreno
15706,Gran Buenos Aires,3,propietario de la vivienda y el terreno
15707,Gran Buenos Aires,2,propietario de la vivienda y el terreno
15708,Pampeana,2,propietario de la vivienda y el terreno
15709,Noroeste,1,propietario de la vivienda y el terreno
15710,Pampeana,6,propietario de la vivienda y el terreno
15711,Pampeana,5,propietario de la vivienda y el terreno
15712,Noroeste,3,inquilino o arrendatario
15713,Gran Buenos Aires,2,ocupante por pago de impuestos o expensas
15714,Pampeana,3,inquilino o arrendatario
15715,Noreste,4,propietario de la vivienda y el terreno
15716,Noreste,6,propietario de la vivienda solamente
15717,Noreste,3,inquilino o arrendatario
15718,Noreste,3,propietario de la vivienda y el terreno
15719,Pampeana,5,propietario de la vivienda y el terreno
15720,Patagonia,5,propietario de la vivienda y el terreno
15721,Patagonia,2,propietario de la vivienda y el terreno
15722,Pampeana,3,"ocupante gratuito, con permiso"
15723,Pampeana,9,propietario de la vivienda y el terreno
15724,Pampeana,3,propietario de la vivienda y el terreno
15725,Gran Buenos Aires,3,propietario de la vivienda y el terreno
15726,Gran Buenos Aires,2,propietario de la vivienda y el terreno
15727,Gran Buenos Aires,2,inquilino o arrendatario
15728,Gran Buenos Aires,3,inquilino o arrendatario
15729,Gran Buenos Aires,2,propietario de la vivienda y el terreno
15730,Patagonia,1,propietario de la vivienda y el terreno
15731,Patagonia,1,"ocupante gratuito, con permiso"
15732,Patagonia,8,propietario de la vivienda y el terreno
15733,Patagonia,1,propietario de la vivienda y el terreno
15734,Patagonia,2,propietario de la vivienda y el terreno
15735,Patagonia,4,propietario de la vivienda y el terreno
15736,Pampeana,2,propietario de la vivienda y el terreno
15737,Pampeana,2,propietario de la vivienda y el terreno
15738,Pampeana,5,propietario de la vivienda y el terreno
15739,Pampeana,4,propietario de la vivienda y el terreno
15740,Pampeana,2,propietario de la vivienda y el terreno
15741,Pampeana,1,propietario de la vivienda y el terreno
15742,Pampeana,3,propietario de la vivienda y el terreno
15743,Pampeana,2,propietario de la vivienda y el terreno
15744,Pampeana,2,propietario de la vivienda y el terreno
15745,Pampeana,2,"ocupante gratuito, con permiso"
15746,Pampeana,2,propietario de la vivienda y el terreno
15747,Pampeana,4,propietario de la vivienda y el terreno
15748,Noroeste,5,propietario de la vivienda y el terreno
15749,Noroeste,6,ocupante por pago de impuestos o expensas
15750,Noroeste,8,propietario de la vivienda y el terreno
15751,Noroeste,4,propietario de la vivienda y el terreno
15752,Noroeste,4,ocupante por pago de impuestos o expensas
15753,Noroeste,2,propietario de la vivienda y el terreno
15754,Noroeste,6,propietario de la vivienda y el terreno
15755,Noroeste,2,propietario de la vivienda y el terreno
15756,Noroeste,4,propietario de la vivienda y el terreno
15757,Noroeste,3,propietario de la vivienda y el terreno
15758,Noreste,1,propietario de la vivienda y el terreno
15759,Noreste,1,inquilino o arrendatario
15760,Patagonia,2,propietario de la vivienda y el terreno
15761,Patagonia,4,propietario de la vivienda y el terreno
15762,Noroeste,1,propietario de la vivienda y el terreno
15763,Noroeste,2,inquilino o arrendatario
15764,Noroeste,2,propietario de la vivienda y el terreno
15765,Cuyo,4,"ocupante gratuito, con permiso"
15766,Cuyo,1,inquilino o arrendatario
15767,Cuyo,3,inquilino o arrendatario
15768,Cuyo,8,propietario de la vivienda y el terreno
15769,Cuyo,5,en sucesión
15770,Cuyo,2,inquilino o arrendatario
15771,Cuyo,3,propietario de la vivienda y el terreno
15772,Cuyo,2,ocupante en relación de dependencia
15773,Cuyo,2,propietario de la vivienda y el terreno
15774,Cuyo,4,propietario de la vivienda y el terreno
15775,Noreste,5,propietario de la vivienda y el terreno
15776,Noreste,1,propietario de la vivienda solamente
15777,Noreste,4,propietario de la vivienda y el terreno
15778,Noreste,7,propietario de la vivienda y el terreno
15779,Noreste,2,"ocupante gratuito, con permiso"
15780,Pampeana,4,ocupante en relación de dependencia
15781,Pampeana,1,propietario de la vivienda y el terreno
15782,Pampeana,3,propietario de la vivienda y el terreno
15783,Pampeana,1,propietario de la vivienda y el terreno
15784,Patagonia,2,propietario de la vivienda y el terreno
15785,Patagonia,3,inquilino o arrendatario
15786,Patagonia,3,propietario de la vivienda y el terreno
15787,Patagonia,2,inquilino o arrendatario
15788,Patagonia,1,inquilino o arrendatario
15789,Patagonia,2,propietario de la vivienda y el terreno
15790,Noroeste,3,en sucesión
15791,Noroeste,4,"ocupante gratuito, con permiso"
15792,Cuyo,2,propietario de la vivienda y el terreno
15793,Cuyo,2,propietario de la vivienda y el terreno
15794,Cuyo,4,propietario de la vivienda y el terreno
15795,Cuyo,2,propietario de la vivienda y el terreno
15796,Cuyo,4,inquilino o arrendatario
15797,Noroeste,4,propietario de la vivienda y el terreno
15798,Noroeste,2,inquilino o arrendatario
15799,Noroeste,1,inquilino o arrendatario
15800,Pampeana,3,propietario de la vivienda solamente
15801,Pampeana,5,ocupante por pago de impuestos o expensas
15802,Pampeana,1,inquilino o arrendatario
15803,Pampeana,3,propietario de la vivienda y el terreno
15804,Gran Buenos Aires,5,propietario de la vivienda y el terreno
15805,Gran Buenos Aires,3,propietario de la vivienda y el terreno
15806,Pampeana,5,propietario de la vivienda y el terreno
15807,Pampeana,4,otra situación
15808,Patagonia,2,"ocupante gratuito, con permiso"
15809,Pampeana,2,propietario de la vivienda y el terreno
15810,Pampeana,3,inquilino o arrendatario
15811,Gran Buenos Aires,2,en sucesión
15812,Gran Buenos Aires,1,propietario de la vivienda y el terreno
15813,Gran Buenos Aires,2,propietario de la vivienda y el terreno
15814,Noroeste,5,"ocupante gratuito, con permiso"
15815,Noroeste,8,propietario de la vivienda y el terreno
15816,Noroeste,3,propietario de la vivienda y el terreno
15817,Noroeste,2,propietario de la vivienda y el terreno
15818,Noroeste,3,propietario de la vivienda y el terreno
15819,Noreste,2,inquilino o arrendatario
15820,Noreste,7,propietario de la vivienda y el terreno
15821,Noreste,2,propietario de la vivienda y el terreno
15822,Noreste,2,propietario de la vivienda y el terreno
15823,Noreste,5,propietario de la vivienda y el terreno
15824,Noreste,2,propietario de la vivienda y el terreno
15825,Noreste,4,propietario de la vivienda y el terreno
15826,Noreste,2,propietario de la vivienda y el terreno
15827,Pampeana,3,propietario de la vivienda y el terreno
15828,Pampeana,5,propietario de la vivienda y el terreno
15829,Pampeana,7,propietario de la vivienda y el terreno
15830,Pampeana,6,propietario de la vivienda y el terreno
15831,Pampeana,4,propietario de la vivienda y el terreno
15832,Gran Buenos Aires,3,inquilino o arrendatario
15833,Gran Buenos Aires,1,propietario de la vivienda y el terreno
15834,Gran Buenos Aires,4,inquilino o arrendatario
15835,Gran Buenos Aires,3,propietario de la vivienda solamente
15836,Gran Buenos Aires,2,inquilino o arrendatario
15837,Pampeana,3,propietario de la vivienda y el terreno
15838,Pampeana,2,inquilino o arrendatario
15839,Pampeana,6,en sucesión
15840,Pampeana,2,en sucesión
15841,Gran Buenos Aires,3,propietario de la vivienda y el terreno
15842,Gran Buenos Aires,3,propietario de la vivienda y el terreno
15843,Gran Buenos Aires,2,inquilino o arrendatario
15844,Gran Buenos Aires,2,propietario de la vivienda y el terreno
15845,Gran Buenos Aires,3,propietario de la vivienda y el terreno
15846,Gran Buenos Aires,1,inquilino o arrendatario
15847,Gran Buenos Aires,6,"ocupante gratuito, con permiso"
15848,Gran Buenos Aires,4,"ocupante gratuito, con permiso"
15849,Pampeana,2,propietario de la vivienda y el terreno
15850,Pampeana,2,propietario de la vivienda solamente
15851,Pampeana,1,propietario de la vivienda y el terreno
15852,Pampeana,1,propietario de la vivienda y el terreno
15853,Pampeana,1,propietario de la vivienda y el terreno
15854,Pampeana,3,propietario de la vivienda y el terreno
15855,Noroeste,2,propietario de la vivienda y el terreno
15856,Noroeste,4,propietario de la vivienda y el terreno
15857,Pampeana,6,inquilino o arrendatario
15858,Pampeana,3,propietario de la vivienda y el terreno
15859,Noreste,2,propietario de la vivienda y el terreno
15860,Noreste,1,propietario de la vivienda y el terreno
15861,Noreste,5,propietario de la vivienda solamente
15862,Pampeana,3,propietario de la vivienda y el terreno
15863,Pampeana,2,propietario de la vivienda y el terreno
15864,Pampeana,2,"ocupante gratuito, con permiso"
15865,Pampeana,5,ocupante por pago de impuestos o expensas
15866,Pampeana,2,inquilino o arrendatario
15867,Pampeana,2,inquilino o arrendatario
15868,Pampeana,1,inquilino o arrendatario
15869,Pampeana,1,propietario de la vivienda y el terreno
15870,Pampeana,2,propietario de la vivienda y el terreno
15871,Pampeana,1,propietario de la vivienda y el terreno
15872,Pampeana,1,propietario de la vivienda y el terreno
15873,Pampeana,2,propietario de la vivienda y el terreno
15874,Noroeste,2,propietario de la vivienda y el terreno
15875,Noroeste,6,propietario de la vivienda y el terreno
15876,Noroeste,4,propietario de la vivienda y el terreno
15877,Noroeste,1,inquilino o arrendatario
15878,Noroeste,3,propietario de la vivienda y el terreno
15879,Pampeana,1,inquilino o arrendatario
15880,Pampeana,1,"ocupante gratuito, con permiso"
15881,Pampeana,6,otra situación
15882,Pampeana,1,propietario de la vivienda y el terreno
15883,Pampeana,6,propietario de la vivienda y el terreno
15884,Noreste,7,propietario de la vivienda y el terreno
15885,Noreste,3,propietario de la vivienda solamente
15886,Noroeste,2,en sucesión
15887,Noroeste,5,propietario de la vivienda y el terreno
15888,Noroeste,2,propietario de la vivienda y el terreno
15889,Pampeana,4,propietario de la vivienda y el terreno
15890,Pampeana,2,inquilino o arrendatario
15891,Pampeana,7,propietario de la vivienda y el terreno
15892,Pampeana,5,propietario de la vivienda y el terreno
15893,Pampeana,1,propietario de la vivienda y el terreno
15894,Pampeana,2,propietario de la vivienda y el terreno
15895,Pampeana,5,propietario de la vivienda y el terreno
15896,Patagonia,5,propietario de la vivienda y el terreno
15897,Patagonia,4,inquilino o arrendatario
15898,Patagonia,3,propietario de la vivienda y el terreno
15899,Patagonia,1,inquilino o arrendatario
15900,Patagonia,1,propietario de la vivienda y el terreno
15901,Noroeste,7,propietario de la vivienda solamente
15902,Cuyo,4,en sucesión
15903,Cuyo,1,inquilino o arrendatario
15904,Pampeana,4,inquilino o arrendatario
15905,Pampeana,4,propietario de la vivienda y el terreno
15906,Noreste,2,propietario de la vivienda y el terreno
15907,Noreste,3,propietario de la vivienda solamente
15908,Noreste,2,propietario de la vivienda y el terreno
15909,Noroeste,3,propietario de la vivienda y el terreno
15910,Patagonia,4,"ocupante gratuito, con permiso"
15911,Patagonia,5,propietario de la vivienda y el terreno
15912,Patagonia,1,propietario de la vivienda y el terreno
15913,Patagonia,2,propietario de la vivienda y el terreno
15914,Gran Buenos Aires,3,propietario de la vivienda y el terreno
15915,Gran Buenos Aires,3,propietario de la vivienda y el terreno
15916,Gran Buenos Aires,2,propietario de la vivienda y el terreno
15917,Gran Buenos Aires,5,propietario de la vivienda y el terreno
15918,Gran Buenos Aires,1,propietario de la vivienda y el terreno
15919,Gran Buenos Aires,4,inquilino o arrendatario
15920,Gran Buenos Aires,2,propietario de la vivienda y el terreno
15921,Gran Buenos Aires,1,propietario de la vivienda y el terreno
15922,Gran Buenos Aires,3,propietario de la vivienda y el terreno
15923,Gran Buenos Aires,2,inquilino o arrendatario
15924,Noroeste,4,propietario de la vivienda y el terreno
15925,Noroeste,2,propietario de la vivienda y el terreno
15926,Noroeste,4,propietario de la vivienda y el terreno
15927,Noroeste,3,propietario de la vivienda y el terreno
15928,Noroeste,5,propietario de la vivienda y el terreno
15929,Noroeste,4,inquilino o arrendatario
15930,Noroeste,2,inquilino o arrendatario
15931,Gran Buenos Aires,2,inquilino o arrendatario
15932,Pampeana,2,propietario de la vivienda y el terreno
15933,Pampeana,4,propietario de la vivienda y el terreno
15934,Pampeana,2,"ocupante gratuito, con permiso"
15935,Pampeana,2,"ocupante gratuito, con permiso"
15936,Pampeana,1,"ocupante gratuito, con permiso"
15937,Patagonia,4,propietario de la vivienda y el terreno
15938,Patagonia,4,propietario de la vivienda y el terreno
15939,Patagonia,1,propietario de la vivienda y el terreno
15940,Patagonia,4,"ocupante gratuito, con permiso"
15941,Patagonia,2,propietario de la vivienda y el terreno
15942,Noroeste,6,propietario de la vivienda y el terreno
15943,Noroeste,3,propietario de la vivienda y el terreno
15944,Noroeste,5,propietario de la vivienda y el terreno
15945,Noroeste,4,propietario de la vivienda y el terreno
15946,Noroeste,5,propietario de la vivienda y el terreno
15947,Noroeste,2,propietario de la vivienda y el terreno
15948,Noroeste,4,propietario de la vivienda y el terreno
15949,Noroeste,4,propietario de la vivienda y el terreno
15950,Pampeana,8,propietario de la vivienda y el terreno
15951,Pampeana,3,propietario de la vivienda y el terreno
15952,Pampeana,2,propietario de la vivienda y el terreno
15953,Pampeana,1,"ocupante gratuito, con permiso"
15954,Pampeana,2,propietario de la vivienda y el terreno
15955,Pampeana,1,inquilino o arrendatario
15956,Pampeana,2,propietario de la vivienda y el terreno
15957,Pampeana,2,propietario de la vivienda y el terreno
15958,Noreste,2,propietario de la vivienda y el terreno
15959,Cuyo,1,propietario de la vivienda y el terreno
15960,Cuyo,3,"ocupante gratuito, con permiso"
15961,Noroeste,3,propietario de la vivienda y el terreno
15962,Noroeste,1,ocupante por pago de impuestos o expensas
15963,Cuyo,2,propietario de la vivienda y el terreno
15964,Cuyo,1,inquilino o arrendatario
15965,Cuyo,4,propietario de la vivienda y el terreno
15966,Cuyo,4,propietario de la vivienda y el terreno
15967,Noreste,2,inquilino o arrendatario
15968,Noroeste,2,propietario de la vivienda y el terreno
15969,Noroeste,4,inquilino o arrendatario
15970,Noroeste,2,propietario de la vivienda y el terreno
15971,Noroeste,3,propietario de la vivienda y el terreno
15972,Pampeana,2,propietario de la vivienda y el terreno
15973,Pampeana,4,propietario de la vivienda y el terreno
15974,Pampeana,1,inquilino o arrendatario
15975,Pampeana,2,"ocupante gratuito, con permiso"
15976,Pampeana,1,propietario de la vivienda solamente
15977,Pampeana,2,propietario de la vivienda y el terreno
15978,Pampeana,2,propietario de la vivienda y el terreno
15979,Pampeana,1,propietario de la vivienda y el terreno
15980,Pampeana,2,propietario de la vivienda y el terreno
15981,Pampeana,1,propietario de la vivienda y el terreno
15982,Pampeana,2,propietario de la vivienda y el terreno
15983,Noroeste,4,inquilino o arrendatario
15984,Noroeste,2,propietario de la vivienda y el terreno
15985,Pampeana,1,inquilino o arrendatario
15986,Pampeana,3,propietario de la vivienda y el terreno
15987,Pampeana,4,propietario de la vivienda y el terreno
15988,Gran Buenos Aires,5,ocupante en relación de dependencia
15989,Gran Buenos Aires,3,propietario de la vivienda y el terreno
15990,Gran Buenos Aires,3,propietario de la vivienda y el terreno
15991,Gran Buenos Aires,2,propietario de la vivienda y el terreno
15992,Gran Buenos Aires,5,propietario de la vivienda y el terreno
15993,Patagonia,5,propietario de la vivienda y el terreno
15994,Gran Buenos Aires,2,propietario de la vivienda y el terreno
15995,Cuyo,3,propietario de la vivienda y el terreno
15996,Patagonia,5,propietario de la vivienda y el terreno
15997,Patagonia,2,propietario de la vivienda y el terreno
15998,Patagonia,4,propietario de la vivienda y el terreno
15999,Patagonia,3,propietario de la vivienda y el terreno
16000,Patagonia,1,propietario de la vivienda y el terreno
16001,Patagonia,1,propietario de la vivienda y el terreno
16002,Noreste,3,propietario de la vivienda y el terreno
16003,Noreste,4,inquilino o arrendatario
16004,Noroeste,4,propietario de la vivienda y el terreno
16005,Noroeste,2,propietario de la vivienda y el terreno
16006,Noroeste,1,inquilino o arrendatario
16007,Gran Buenos Aires,4,propietario de la vivienda y el terreno
16008,Gran Buenos Aires,5,"ocupante gratuito, con permiso"
16009,Gran Buenos Aires,2,ocupante por pago de impuestos o expensas
16010,Cuyo,2,propietario de la vivienda y el terreno
16011,Cuyo,1,propietario de la vivienda y el terreno
16012,Cuyo,3,"ocupante gratuito, con permiso"
16013,Noroeste,3,propietario de la vivienda y el terreno
16014,Noroeste,2,propietario de la vivienda y el terreno
16015,Gran Buenos Aires,2,propietario de la vivienda y el terreno
16016,Patagonia,3,propietario de la vivienda y el terreno
16017,Patagonia,2,propietario de la vivienda y el terreno
16018,Patagonia,3,propietario de la vivienda y el terreno
16019,Patagonia,1,propietario de la vivienda y el terreno
16020,Gran Buenos Aires,2,propietario de la vivienda y el terreno
16021,Gran Buenos Aires,1,propietario de la vivienda y el terreno
16022,Gran Buenos Aires,2,propietario de la vivienda y el terreno
16023,Gran Buenos Aires,4,propietario de la vivienda y el terreno
16024,Gran Buenos Aires,1,"ocupante gratuito, con permiso"
16025,Gran Buenos Aires,4,propietario de la vivienda y el terreno
16026,Gran Buenos Aires,4,propietario de la vivienda y el terreno
16027,Gran Buenos Aires,3,propietario de la vivienda y el terreno
16028,Gran Buenos Aires,1,inquilino o arrendatario
16029,Gran Buenos Aires,4,propietario de la vivienda y el terreno
16030,Gran Buenos Aires,1,inquilino o arrendatario
16031,Gran Buenos Aires,2,propietario de la vivienda y el terreno
16032,Gran Buenos Aires,3,inquilino o arrendatario
16033,Gran Buenos Aires,4,propietario de la vivienda y el terreno
16034,Gran Buenos Aires,3,ocupante por pago de impuestos o expensas
16035,Gran Buenos Aires,3,inquilino o arrendatario
16036,Gran Buenos Aires,2,propietario de la vivienda y el terreno
16037,Gran Buenos Aires,4,propietario de la vivienda y el terreno
16038,Patagonia,5,propietario de la vivienda y el terreno
16039,Patagonia,2,propietario de la vivienda y el terreno
16040,Noreste,1,inquilino o arrendatario
16041,Noreste,4,propietario de la vivienda y el terreno
16042,Noreste,3,propietario de la vivienda y el terreno
16043,Noreste,2,propietario de la vivienda y el terreno
16044,Gran Buenos Aires,1,inquilino o arrendatario
16045,Gran Buenos Aires,1,"ocupante gratuito, con permiso"
16046,Gran Buenos Aires,5,propietario de la vivienda y el terreno
16047,Gran Buenos Aires,1,propietario de la vivienda y el terreno
16048,Pampeana,2,propietario de la vivienda y el terreno
16049,Pampeana,1,propietario de la vivienda y el terreno
16050,Pampeana,2,propietario de la vivienda y el terreno
16051,Pampeana,1,propietario de la vivienda y el terreno
16052,Pampeana,8,"ocupante gratuito, con permiso"
16053,Noreste,1,propietario de la vivienda y el terreno
16054,Noreste,1,propietario de la vivienda y el terreno
16055,Cuyo,5,propietario de la vivienda y el terreno
16056,Cuyo,1,"ocupante gratuito, con permiso"
16057,Cuyo,5,"ocupante gratuito, con permiso"
16058,Noroeste,2,propietario de la vivienda y el terreno
16059,Noroeste,4,propietario de la vivienda y el terreno
16060,Noreste,1,inquilino o arrendatario
16061,Noreste,5,propietario de la vivienda y el terreno
16062,Noreste,2,propietario de la vivienda y el terreno
16063,Noreste,1,propietario de la vivienda y el terreno
16064,Noreste,4,propietario de la vivienda y el terreno
16065,Patagonia,3,propietario de la vivienda y el terreno
16066,Patagonia,1,en sucesión
16067,Patagonia,1,inquilino o arrendatario
16068,Pampeana,3,propietario de la vivienda y el terreno
16069,Gran Buenos Aires,3,propietario de la vivienda y el terreno
16070,Pampeana,3,propietario de la vivienda y el terreno
16071,Gran Buenos Aires,4,propietario de la vivienda y el terreno
16072,Gran Buenos Aires,1,propietario de la vivienda y el terreno
16073,Pampeana,3,propietario de la vivienda y el terreno
16074,Pampeana,3,propietario de la vivienda y el terreno
16075,Cuyo,3,inquilino o arrendatario
16076,Cuyo,4,propietario de la vivienda y el terreno
16077,Cuyo,3,inquilino o arrendatario
16078,Cuyo,5,propietario de la vivienda y el terreno
16079,Pampeana,4,propietario de la vivienda y el terreno
16080,Pampeana,5,propietario de la vivienda y el terreno
16081,Pampeana,2,inquilino o arrendatario
16082,Pampeana,1,propietario de la vivienda y el terreno
16083,Pampeana,3,propietario de la vivienda y el terreno
16084,Pampeana,1,inquilino o arrendatario
16085,Pampeana,2,inquilino o arrendatario
16086,Pampeana,2,propietario de la vivienda y el terreno
16087,Pampeana,4,inquilino o arrendatario
16088,Pampeana,3,ocupante por pago de impuestos o expensas
16089,Pampeana,3,propietario de la vivienda y el terreno
16090,Gran Buenos Aires,2,propietario de la vivienda solamente
16091,Gran Buenos Aires,2,propietario de la vivienda y el terreno
16092,Gran Buenos Aires,3,inquilino o arrendatario
16093,Gran Buenos Aires,5,propietario de la vivienda y el terreno
16094,Pampeana,4,propietario de la vivienda y el terreno
16095,Pampeana,2,propietario de la vivienda y el terreno
16096,Pampeana,3,propietario de la vivienda y el terreno
16097,Pampeana,2,propietario de la vivienda y el terreno
16098,Pampeana,1,propietario de la vivienda y el terreno
16099,Noreste,3,propietario de la vivienda y el terreno
16100,Pampeana,4,propietario de la vivienda y el terreno
16101,Patagonia,1,inquilino o arrendatario
16102,Patagonia,1,propietario de la vivienda y el terreno
16103,Patagonia,2,propietario de la vivienda y el terreno
16104,Noroeste,3,inquilino o arrendatario
16105,Noroeste,5,ocupante por pago de impuestos o expensas
16106,Noroeste,1,propietario de la vivienda y el terreno
16107,Cuyo,4,propietario de la vivienda y el terreno
16108,Cuyo,1,propietario de la vivienda y el terreno
16109,Pampeana,4,propietario de la vivienda solamente
16110,Pampeana,4,propietario de la vivienda y el terreno
16111,Pampeana,1,propietario de la vivienda y el terreno
16112,Pampeana,1,propietario de la vivienda y el terreno
16113,Pampeana,2,propietario de la vivienda y el terreno
16114,Pampeana,3,propietario de la vivienda y el terreno
16115,Pampeana,1,propietario de la vivienda y el terreno
16116,Pampeana,2,propietario de la vivienda y el terreno
16117,Pampeana,1,propietario de la vivienda y el terreno
16118,Pampeana,2,inquilino o arrendatario
16119,Gran Buenos Aires,2,propietario de la vivienda y el terreno
16120,Gran Buenos Aires,3,propietario de la vivienda y el terreno
16121,Gran Buenos Aires,1,propietario de la vivienda y el terreno
16122,Gran Buenos Aires,5,propietario de la vivienda solamente
16123,Gran Buenos Aires,3,propietario de la vivienda y el terreno
16124,Gran Buenos Aires,3,propietario de la vivienda y el terreno
16125,Gran Buenos Aires,9,propietario de la vivienda y el terreno
16126,Gran Buenos Aires,2,ocupante por pago de impuestos o expensas
16127,Pampeana,5,propietario de la vivienda y el terreno
16128,Noroeste,3,inquilino o arrendatario
16129,Noroeste,3,propietario de la vivienda y el terreno
16130,Noroeste,1,ocupante por pago de impuestos o expensas
16131,Noroeste,5,propietario de la vivienda y el terreno
16132,Gran Buenos Aires,4,inquilino o arrendatario
16133,Gran Buenos Aires,3,propietario de la vivienda y el terreno
16134,Gran Buenos Aires,2,propietario de la vivienda y el terreno
16135,Gran Buenos Aires,3,propietario de la vivienda y el terreno
16136,Gran Buenos Aires,4,"ocupante gratuito, con permiso"
16137,Noroeste,3,propietario de la vivienda y el terreno
16138,Noreste,2,propietario de la vivienda y el terreno
16139,Pampeana,3,propietario de la vivienda y el terreno
16140,Pampeana,2,propietario de la vivienda y el terreno
16141,Noroeste,3,ocupante por pago de impuestos o expensas
16142,Noroeste,4,"ocupante gratuito, con permiso"
16143,Noroeste,2,propietario de la vivienda y el terreno
16144,Noroeste,2,inquilino o arrendatario
16145,Pampeana,2,propietario de la vivienda y el terreno
16146,Pampeana,4,propietario de la vivienda y el terreno
16147,Noreste,4,propietario de la vivienda solamente
16148,Noreste,1,inquilino o arrendatario
16149,Noreste,2,propietario de la vivienda y el terreno
16150,Patagonia,2,inquilino o arrendatario
16151,Patagonia,3,propietario de la vivienda solamente
16152,Patagonia,1,ocupante por pago de impuestos o expensas
16153,Patagonia,4,propietario de la vivienda y el terreno
16154,Patagonia,5,propietario de la vivienda y el terreno
16155,Patagonia,4,propietario de la vivienda y el terreno
16156,Patagonia,5,propietario de la vivienda y el terreno
16157,Patagonia,2,propietario de la vivienda y el terreno
16158,Patagonia,3,propietario de la vivienda solamente
16159,Patagonia,2,propietario de la vivienda y el terreno
16160,Cuyo,8,inquilino o arrendatario
16161,Cuyo,1,"ocupante gratuito, con permiso"
16162,Cuyo,3,propietario de la vivienda y el terreno
16163,Cuyo,3,propietario de la vivienda y el terreno
16164,Cuyo,4,"ocupante gratuito, con permiso"
16165,Noroeste,1,
16166,Noroeste,1,"ocupante gratuito, con permiso"
16167,Noroeste,1,propietario de la vivienda y el terreno
16168,Noroeste,2,propietario de la vivienda y el terreno
16169,Cuyo,3,propietario de la vivienda y el terreno
